# Blender 5.1.0
# www.blender.org
mtllib Assets/Materials/Ship.mtl
o Ship
v -2.000000 2.425000 2.350000
v -2.000000 2.075001 2.400001
v -2.000000 2.425000 2.450000
v -2.000000 -0.475000 2.650001
v -2.000000 -0.325000 2.650001
v -1.950000 2.075001 2.400001
v -1.950000 1.925000 2.600001
v -1.950000 2.075001 2.600001
v -1.950000 -0.325000 2.750001
v -1.950000 2.025000 2.750001
v -1.950000 2.475000 2.750000
v -1.950000 -0.425000 2.800001
v -1.900000 2.975000 2.150000
v -1.900000 3.625000 2.150000
v -1.900000 3.875000 2.150000
v -1.900000 2.975000 2.350000
v -1.900000 3.175000 2.350000
v -1.900000 3.875000 2.350000
v -1.900000 2.975000 2.450000
v -1.900000 3.425000 2.450000
v -1.900000 4.075000 2.450000
v -1.900000 4.325000 2.450000
v -1.900000 2.725000 2.700000
v -1.900000 2.775000 2.700000
v -1.900000 3.425000 2.700000
v -1.900000 4.325000 2.700000
v -1.900000 1.975000 2.750001
v -1.900000 2.475000 2.750000
v -1.900000 2.925000 2.750000
v -1.900000 3.675000 2.750000
v -1.900000 4.125000 2.750000
v -1.900000 4.275001 2.750000
v -1.900000 2.475000 2.850000
v -1.900000 2.475000 3.450000
v -1.900000 2.475001 3.750000
v -1.900000 3.175001 3.750000
v -1.900000 3.275001 3.750000
v -1.900000 3.375001 3.750000
v -1.900000 3.625001 3.750000
v -1.900000 3.725001 3.750000
v -1.900000 3.825001 3.750000
v -1.900000 4.575000 3.750000
v -1.900000 2.725001 3.800000
v -1.900000 3.525001 3.800000
v -1.900000 3.975001 3.800000
v -1.850000 -0.525000 2.450001
v -1.850000 -0.475000 2.450001
v -1.850000 -0.275000 2.450001
v -1.850000 2.975000 2.450000
v -1.850000 3.625000 2.450000
v -1.850000 -0.475000 2.650001
v -1.850000 2.725000 2.700000
v -1.850000 2.925000 2.700000
v -1.850000 3.225000 2.700000
v -1.850000 3.375000 2.700000
v -1.850000 4.075000 2.700000
v -1.850000 4.125000 2.700000
v -1.850000 4.275001 2.700000
v -1.850000 4.325000 2.700000
v -1.850000 2.925000 2.750000
v -1.850000 3.375000 2.750000
v -1.850000 3.675000 2.750000
v -1.850000 2.725000 3.550000
v -1.850000 3.075001 3.550000
v -1.850000 3.175000 3.550000
v -1.850000 3.375000 3.550000
v -1.850000 3.525000 3.550000
v -1.850000 4.275001 3.550000
v -1.850000 4.425000 3.550000
v -1.850000 2.475001 3.750000
v -1.850000 2.725001 3.750000
v -1.850000 2.825001 3.750000
v -1.850000 3.075001 3.750000
v -1.850000 3.525001 3.750000
v -1.850000 3.625001 3.750000
v -1.850000 3.975001 3.750000
v -1.800000 3.425000 1.450000
v -1.800000 3.625000 1.450000
v -1.800000 4.075000 1.550000
v -1.800000 2.975000 1.600000
v -1.800000 2.975000 2.150000
v -1.800000 3.625000 2.150000
v -1.750000 0.375000 2.050001
v -1.750000 1.075000 2.050001
v -1.750000 1.075000 2.150001
v -1.750000 0.375000 2.250001
v -1.750000 0.375000 2.450001
v -1.750000 1.075000 2.550001
v -1.750000 0.375000 2.650001
v -1.750000 0.375000 2.750001
v -1.750000 1.075000 2.750001
v -1.750000 -0.425000 2.800001
v -1.750000 0.375000 2.850001
v -1.750000 1.075000 2.950001
v -1.750000 -0.625000 3.100001
v -1.750000 0.375001 3.100001
v -1.750000 -0.874999 3.450001
v -1.700000 0.375000 0.600001
v -1.700000 3.175000 1.750000
v -1.700000 3.625000 1.750000
v -1.700000 1.075000 1.800001
v -1.700000 2.475000 1.900001
v -1.700000 2.525000 1.900001
v -1.700000 3.625000 1.950000
v -1.700000 1.075000 2.650001
v -1.700000 1.075000 2.750001
v -1.700000 0.375000 2.950001
v -1.700000 1.075000 2.950001
v -1.700000 2.475000 3.050000
v -1.700000 -0.124999 3.100001
v -1.700000 0.425000 3.100001
v -1.700000 2.475000 3.100000
v -1.700000 3.525000 3.550000
v -1.700000 4.175000 3.550000
v -1.650000 2.525000 0.700000
v -1.650000 4.575000 0.950000
v -1.650000 4.075000 1.550000
v -1.650000 2.475000 1.700001
v -1.650000 2.525000 1.700001
v -1.650000 3.425000 1.750000
v -1.650000 3.625000 1.750000
v -1.650000 3.875000 1.750000
v -1.650000 4.075000 1.750000
v -1.650000 0.375000 1.800001
v -1.650000 1.075000 1.850001
v -1.650000 2.475000 1.900001
v -1.650000 2.525000 1.900001
v -1.650000 2.975000 1.950000
v -1.650000 3.425000 1.950000
v -1.650000 4.075000 1.950000
v -1.650000 1.075000 2.150001
v -1.650000 0.375000 2.250001
v -1.650000 2.475000 2.350000
v -1.650000 2.975000 2.350000
v -1.650000 3.425000 2.350000
v -1.650000 4.075000 2.350000
v -1.650000 0.375000 2.450001
v -1.650000 0.375000 2.750001
v -1.650000 4.525001 3.850000
v -1.650000 4.075000 3.900000
v -1.650000 2.725001 4.000000
v -1.600000 -2.175000 0.800001
v -1.600000 4.625000 1.950000
v -1.600000 -0.874999 3.700001
v -1.550000 -0.875000 0.000001
v -1.550000 0.375000 0.000001
v -1.550000 -0.875000 0.600001
v -1.550000 0.375000 0.600001
v -1.550000 4.525001 4.000000
v -1.500000 3.975001 4.250000
v -1.500000 3.825001 4.400001
v -1.450000 2.475000 0.100001
v -1.450000 2.525000 0.100001
v -1.450000 2.475000 0.700000
v -1.450000 2.525000 0.750000
v -1.450000 4.575000 0.750000
v -1.450000 2.525000 0.950000
v -1.450000 4.575000 0.950000
v -1.450000 3.125001 4.000000
v -1.450000 3.125001 4.250000
v -1.400000 -1.525000 0.400001
v -1.400000 -2.174999 3.000001
v -1.400000 3.075001 4.250000
v -1.400000 3.875001 4.350000
v -1.400000 3.925001 4.400001
v -1.350000 4.575000 2.750000
v -1.350000 4.625000 3.700000
v -1.350000 4.375000 3.750000
v -1.350000 4.525001 3.750000
v -1.350000 4.575000 3.750000
v -1.350000 4.575000 3.850000
v -1.350000 4.525001 4.000000
v -1.350000 4.625000 4.050000
v -1.300000 4.525001 2.450000
v -1.300000 -2.174999 3.000001
v -1.300000 -2.424999 3.400001
v -1.300000 4.475000 4.100000
v -1.300000 4.525001 4.100000
v -1.300000 3.175001 4.150001
v -1.250000 4.475000 4.050000
v -1.250000 4.525001 4.050000
v -1.250000 4.625000 4.050000
v -1.250000 4.625000 4.200000
v -1.250000 3.225001 4.250000
v -1.200000 -1.625000 2.900001
v -1.200000 -2.174999 3.400001
v -1.200000 -2.174999 3.450001
v -1.200000 4.575000 3.600000
v -1.200000 4.575000 3.700000
v -1.150000 -2.574999 3.700001
v -1.100000 -2.524999 3.650001
v -1.100000 3.775001 3.900000
v -1.100000 4.525001 4.250000
v -1.100000 0.225001 5.700001
v -1.100000 0.325001 5.700001
v -1.050000 3.825001 4.150001
v -1.000000 -1.925000 0.800001
v -0.950000 4.025001 4.050000
v -0.950000 4.375000 4.300000
v -0.950000 0.275001 5.500001
v -0.900000 -2.175000 1.400001
v -0.900000 -2.625000 1.850001
v -0.900000 4.575000 2.750000
v -0.900000 -2.474999 3.400001
v -0.900000 4.075000 4.150001
v -0.900000 4.125000 4.150001
v -0.850000 4.525001 2.450000
v -0.850000 4.525001 2.700000
v -0.800000 4.525001 4.300000
v -0.800000 4.475000 4.350000
v -0.700000 -2.175000 1.050001
v -0.700000 -2.575000 1.350001
v -0.700000 -2.625000 1.400001
v -0.700000 -2.875000 3.000001
v -0.700000 -2.424999 3.000001
v -0.700000 -2.774999 3.250001
v -0.700000 -2.774999 3.650001
v -0.650000 2.475000 2.900000
v -0.650000 -2.575000 3.400001
v -0.650000 -2.524999 3.650001
v -0.650000 4.425000 3.900000
v -0.650000 4.425000 4.250000
v -0.650000 4.375000 4.300000
v -0.650000 4.625000 4.350000
v -0.600000 4.475000 2.750000
v -0.600000 -2.674999 3.400001
v -0.600000 -2.674999 3.600001
v -0.550000 -1.625000 2.950001
v -0.550000 -1.625000 3.250001
v -0.550000 3.825000 3.550000
v -0.550000 3.825001 3.700000
v -0.550000 3.375001 4.150001
v -0.550000 4.475000 4.350000
v -0.550000 3.325001 4.400001
v -0.550000 3.375001 4.600000
v -0.550000 3.325001 4.650001
v -0.350000 3.375001 4.200000
v -0.350000 4.375000 4.350000
v -0.350000 3.375001 4.400001
v -0.350000 4.625001 4.400000
v -0.350000 3.375001 4.450000
v -0.350000 0.725001 6.400001
v -0.350000 0.025001 6.450001
v -0.350000 0.075001 6.600001
v -0.300000 -3.024999 2.300001
v -0.300000 4.525001 2.700000
v -0.300000 4.575000 2.700000
v -0.300000 -3.024999 2.900001
v -0.300000 -2.875000 2.900001
v -0.300000 0.075000 2.950001
v -0.300000 0.675000 2.950001
v -0.300000 3.425001 4.150001
v -0.300000 0.075001 6.600001
v -0.300000 0.225001 6.600001
v -0.300000 0.425001 6.600001
v -0.300000 0.575001 6.600001
v -0.300000 0.575001 6.650001
v -0.250000 4.525001 2.450000
v -0.250000 4.575000 2.450000
v -0.250000 4.575000 2.700000
v -0.250000 3.325001 4.100000
v -0.250000 3.325001 4.650001
v -0.250000 3.425001 4.650001
v -0.250000 3.375001 4.700000
v -0.250000 3.375001 4.950000
v -0.200000 -3.125000 2.800001
v -0.200000 -3.024999 2.800001
v -0.200000 4.525001 4.450000
v -0.150000 3.375001 3.700000
v -0.150000 4.425001 4.400000
v -0.150000 4.525001 4.400000
v -0.150000 4.425001 4.450000
v -0.150000 4.575001 4.450000
v -0.150000 4.525001 4.500000
v -0.150000 0.025001 4.700001
v -0.150000 0.275001 4.800001
v -0.150000 0.525001 4.800001
v -0.150000 0.225001 4.950001
v -0.150000 0.325001 5.500001
v -0.150000 0.525001 5.500001
v -0.150000 0.525001 6.400001
v -0.100000 -3.125000 2.600001
v -0.100000 -4.625000 2.750002
v -0.100000 -2.674999 3.400001
v -0.100000 0.475001 4.150001
v -0.100000 3.325001 4.150001
v -0.100000 3.325001 4.500000
v -0.100000 0.275001 4.700001
v -0.100000 0.225001 4.750001
v -0.100000 0.475001 4.850001
v -0.100000 0.075001 4.950001
v -0.100000 0.175001 5.050001
v -0.100000 0.175001 5.100001
v -0.100000 0.325001 5.400001
v -0.100000 0.325001 5.550001
v -0.100000 0.475001 5.550001
v -0.100000 0.325001 5.700001
v -0.100000 0.075001 6.450001
v -0.100000 0.075001 6.600001
v -0.050000 4.375000 3.900000
v -0.050000 3.425001 4.150001
v -0.050000 3.075001 4.450000
v -0.050000 4.475001 4.500000
v -0.050000 3.375001 4.650001
v -0.050000 3.375001 4.750000
v -0.050000 3.425001 4.950000
v -0.050000 0.375001 6.600001
v -0.050000 0.425001 6.750001
v -0.050000 0.475001 7.550001
v 0.000000 3.375001 4.050000
v 0.000000 0.125001 4.700001
v 0.000000 0.175001 4.700001
v 0.050000 0.025001 4.750001
v 0.050000 0.025001 4.950001
v 0.050000 0.075001 4.950001
v 0.050000 0.275001 4.950001
v 0.050000 0.125001 6.450001
v 0.100000 4.525001 2.700000
v 0.100000 -2.724999 3.600001
v 0.100000 0.425001 7.550001
v 0.200000 3.425001 4.050000
v 0.200000 3.375001 4.950000
v 0.200000 3.425001 4.950000
v 0.250000 4.375000 3.900000
v 0.250000 3.375001 4.350000
v 0.250000 3.375001 4.450000
v 0.250000 0.125001 6.450001
v 0.250000 0.275001 6.450001
v 0.250000 0.425001 6.450001
v 0.250000 0.475001 6.450001
v 0.250000 0.275001 6.600001
v 0.250000 0.425001 6.600001
v 0.250000 0.475001 6.600001
v 0.250000 0.575001 6.600001
v 0.350000 -2.724999 3.400001
v 0.350000 -2.674999 3.400001
v 0.350000 0.525001 7.200001
v 0.350000 0.475001 7.550001
v 0.350000 0.525001 7.550001
v 0.450000 4.475000 4.350000
v 0.500000 4.525001 2.700000
v 0.550000 4.575000 2.450000
v 0.550000 4.375000 4.300000
v 0.600000 -2.474999 3.600001
v 0.600000 -2.474999 3.700001
v 0.650000 2.475000 3.350000
v 0.650000 2.625001 3.850000
v 0.700000 4.375000 4.200000
v 0.700000 4.375000 4.250000
v 0.700000 0.525001 7.300001
v 0.700000 0.475001 7.550001
v 0.700000 0.525001 7.550001
v 0.750000 2.275000 2.950000
v 0.750000 2.275000 3.050000
v 0.750000 1.875000 3.150001
v 0.800000 2.275000 2.950000
v 0.800000 2.325001 2.950000
v 0.800000 2.275000 3.050000
v 0.800000 1.875000 3.150001
v 0.800000 2.275000 3.400000
v 0.800000 2.275000 3.500000
v 0.800000 2.275000 3.600000
v 0.850000 2.325001 2.950000
v 0.850000 1.775000 3.150001
v 0.850000 1.825000 3.150001
v 0.850000 2.375000 3.150000
v 0.850000 2.325001 3.400000
v 0.850000 1.825001 3.500001
v 0.850000 2.325001 3.500000
v 0.850000 2.375000 3.500000
v 0.850000 1.825001 3.600001
v 0.850000 4.425000 4.200000
v 0.950000 2.025000 3.550001
v 0.950000 2.175000 3.550001
v 0.950000 2.025001 3.700001
v 0.950000 2.175001 3.700001
v 1.000000 2.125001 3.700001
v 1.000000 2.075001 3.750000
v 1.000000 2.125001 3.750000
v 1.050000 1.975001 3.550001
v 1.100000 4.525001 2.700000
v 1.100000 -2.424999 3.600001
v 1.150000 -2.174999 3.400001
v 1.150000 -2.224999 3.450001
v 1.150000 1.975001 3.550001
v 1.150000 1.975001 3.700001
v 1.200000 -1.624999 3.400001
v 1.200000 -0.874999 3.400001
v 1.250000 1.875001 3.550001
v 1.250000 2.275000 3.550000
v 1.300000 0.425000 3.050001
v 1.300000 1.025000 3.050001
v 1.350000 0.375000 2.950001
v 1.350000 -0.624999 3.400001
v 1.450000 -2.024999 3.450001
v 1.450000 -0.874999 3.700001
v 1.500000 -1.474999 3.400001
v 1.500000 -1.424999 3.400001
v 1.500000 -1.424999 3.450001
v 1.550000 1.025000 3.100001
v 1.550000 2.475000 3.100000
v 1.550000 0.375001 3.350001
v 1.550000 1.025001 3.350001
v 1.550000 2.475000 3.350000
v 1.600000 4.525001 2.450000
v 1.600000 0.425000 3.050001
v 1.600000 -0.624999 3.150001
v 1.600000 -0.624999 3.400001
v 1.600000 0.375001 3.400001
v 1.650000 -0.524999 3.100001
v 1.650000 -0.124999 3.100001
v 1.650000 -0.574999 3.150001
v 1.650000 -0.174999 3.150001
v 1.750000 1.875000 2.350001
v 1.750000 2.125000 2.350001
v 1.750000 2.075001 2.400001
v 1.750000 2.075001 2.600001
v 1.750000 2.625000 3.550000
v 1.750000 2.925000 3.550000
v 1.750000 3.625000 3.550000
v 1.750000 3.725000 3.550000
v 1.750000 3.825000 3.550000
v 1.750000 4.275001 3.550000
v 1.750000 3.375001 3.800000
v 1.750000 3.625001 3.800000
v 1.750000 3.725001 3.800000
v 1.750000 3.975001 3.800000
v 1.750000 4.175000 3.800000
v 1.800000 2.075001 2.600001
v 1.800000 3.975001 3.800000
v 1.850000 -0.475000 2.450001
v 1.850000 -0.475000 2.650001
v 1.850000 -0.325000 2.650001
v 1.850000 2.075001 2.700001
v 1.850000 2.025000 2.750001
v 1.900000 -0.425000 2.750001
v 1.900000 -0.475000 2.800001
v 1.900000 -0.375000 2.800001
v 1.900000 -0.325000 2.800001
v 1.950000 1.875000 2.400001
v 1.950000 2.125000 2.400001
v 1.950000 1.925000 2.600001
v 1.950000 2.075001 2.600001
v -2.000000 -0.525000 2.450001
v -2.000000 -0.325000 2.450001
v -2.000000 -0.525000 2.650001
v -2.000000 -0.325000 2.650001
v -2.000000 -0.275000 2.650001
v -1.950000 -0.375000 2.400001
v -1.950000 1.875000 2.400001
v -1.950000 -0.425000 2.700001
v -1.950000 -0.375000 2.700001
v -1.800000 -0.525000 2.400001
v -1.800000 -0.275000 2.400001
v -1.800000 2.075001 2.400001
v -1.800000 -0.325000 2.450001
v -1.800000 -0.475000 2.650001
v -1.800000 -0.525000 2.700001
v -1.800000 2.625001 3.800000
v -1.800000 3.275001 3.800000
v -1.800000 3.375001 3.800000
v -1.800000 3.625001 3.800000
v -1.800000 3.725001 3.800000
v -1.800000 3.825001 3.800000
v -1.800000 3.975001 3.800000
v -1.800000 2.625001 3.850000
v -1.800000 4.425000 3.850000
v -1.750000 2.125000 2.650001
v -1.750000 2.725000 3.550000
v -1.750000 2.825001 3.550000
v -1.750000 2.925000 3.550000
v -1.750000 3.175000 3.550000
v -1.750000 3.275000 3.550000
v -1.750000 4.075000 3.550000
v -1.750000 2.625001 3.800000
v -1.750000 2.725001 3.800000
v -1.750000 2.825001 3.800000
v -1.750000 3.075001 3.800000
v -1.750000 3.175001 3.800000
v -1.750000 3.275001 3.800000
v -1.750000 3.375001 3.800000
v -1.750000 3.625001 3.800000
v -1.750000 3.825001 3.800000
v -1.750000 3.975001 3.800000
v -1.750000 4.075000 3.800000
v -1.750000 4.175000 3.800000
v -1.650000 4.625000 1.750000
v -1.650000 4.625000 1.950000
v -1.650000 -0.524999 3.100001
v -1.600000 0.425000 3.050001
v -1.600000 -0.624999 3.150001
v -1.600000 0.375001 3.350001
v -1.600000 -0.624999 3.450001
v -1.600000 -0.874999 3.700001
v -1.550000 0.375001 3.350001
v -1.550000 1.025001 3.350001
v -1.500000 4.525001 2.700000
v -1.500000 -1.474999 3.450001
v -1.500000 -1.424999 3.450001
v -1.450000 -2.024999 3.700001
v -1.450000 -0.874999 3.700001
v -1.450000 3.925001 4.350000
v -1.450000 3.875001 4.400001
v -1.400000 3.875001 4.400001
v -1.400000 3.925001 4.400001
v -1.400000 3.875001 4.500000
v -1.400000 3.925001 4.500000
v -1.350000 -1.625000 2.900001
v -1.350000 -1.625000 2.950001
v -1.350000 0.375001 3.050001
v -1.350000 -0.625000 3.100001
v -1.350000 -0.624999 3.400001
v -1.350000 3.825001 4.250000
v -1.350000 3.975001 4.250000
v -1.350000 3.825001 4.400001
v -1.350000 3.975001 4.400001
v -1.300000 0.375000 2.900001
v -1.300000 2.475000 2.900000
v -1.300000 2.975001 4.250000
v -1.300000 2.975001 4.400001
v -1.300000 3.075001 4.400001
v -1.250000 4.075000 3.900000
v -1.250000 3.575001 4.250000
v -1.150000 -2.174999 3.400001
v -1.150000 -2.174999 3.450001
v -1.150000 4.575000 3.700000
v -1.150000 3.325001 4.000000
v -1.100000 4.525001 2.450000
v -1.100000 4.575000 2.450000
v -1.100000 -2.424999 3.700001
v -1.050000 4.525001 2.700000
v -1.050000 4.575000 2.750000
v -1.050000 -2.474999 3.700001
v -1.050000 4.475000 4.250000
v -1.000000 2.725000 3.550000
v -1.000000 3.425000 3.550000
v -0.900000 3.775001 4.150001
v -0.900000 3.975001 4.150001
v -0.850000 4.375000 3.900000
v -0.850000 4.075000 4.050000
v -0.850000 4.425000 4.200000
v -0.750000 4.525001 4.300000
v -0.700000 4.475000 2.450000
v -0.700000 4.475000 2.750000
v -0.700000 4.375000 4.200000
v -0.700000 4.425000 4.250000
v -0.650000 2.475000 3.350000
v -0.650000 2.475001 3.850000
v -0.650000 2.625001 3.850000
v -0.600000 -2.524999 3.400001
v -0.600000 -2.524999 3.600001
v -0.600000 -2.674999 3.700001
v -0.550000 -2.674999 3.400001
v -0.550000 -1.624999 3.400001
v -0.500000 4.575000 2.450000
v -0.450000 4.525001 4.350000
v -0.450000 4.475001 4.400000
v -0.300000 -2.674999 3.400001
v -0.250000 4.425000 3.900000
v -0.250000 4.425000 4.350000
v -0.250000 3.425001 4.650001
v -0.250000 0.125001 6.450001
v -0.250000 0.225001 6.450001
v -0.250000 0.425001 6.450001
v -0.250000 0.075001 6.600001
v -0.250000 0.225001 6.600001
v -0.250000 0.275001 6.600001
v -0.250000 0.575001 6.650001
v -0.200000 3.375001 3.850000
v -0.200000 3.375001 4.050000
v -0.200000 3.425001 4.750000
v -0.100000 4.525001 2.450000
v -0.100000 0.275001 4.800001
v -0.100000 0.075001 4.950001
v -0.050000 0.125001 4.700001
v -0.050000 0.075001 6.600001
v 0.000000 0.175001 5.050001
v 0.000000 0.075001 5.100001
v 0.000000 0.175001 5.100001
v 0.050000 3.125001 4.350000
v 0.050000 4.375000 4.350000
v 0.050000 3.375001 4.450000
v 0.050000 3.475001 4.450000
v 0.050000 4.525001 4.550000
v 0.050000 3.375001 4.650001
v 0.050000 0.175001 5.050001
v 0.050000 0.125001 5.100001
v 0.050000 0.325001 6.600001
v 0.100000 -3.125000 2.750001
v 0.100000 3.125001 3.950000
v 0.100000 3.325001 3.950000
v 0.100000 0.275001 4.150001
v 0.100000 0.475001 4.150001
v 0.100000 0.025001 4.700001
v 0.100000 0.275001 4.700001
v 0.100000 0.075001 4.950001
v 0.100000 0.225001 4.950001
v 0.100000 0.275001 5.000001
v 0.100000 0.325001 5.550001
v 0.100000 0.275001 5.700001
v 0.100000 0.075001 6.600001
v 0.100000 0.475001 7.550001
v 0.150000 -2.724999 3.600001
v 0.150000 3.375001 3.700000
v 0.150000 4.475001 4.400000
v 0.150000 4.575001 4.450000
v 0.150000 0.525001 5.500001
v 0.150000 0.325001 5.550001
v 0.200000 -3.125000 2.400001
v 0.200000 0.175001 3.100001
v 0.200000 0.575000 3.100001
v 0.200000 4.475001 4.400000
v 0.250000 3.325001 4.700000
v 0.300000 -3.024999 2.900001
v 0.300000 0.075000 2.950001
v 0.300000 0.675000 2.950001
v 0.300000 0.075001 3.100001
v 0.300000 0.275001 6.450001
v 0.300000 0.425001 6.450001
v 0.300000 0.075001 6.600001
v 0.300000 0.275001 6.600001
v 0.300000 0.425001 6.600001
v 0.300000 0.475001 6.600001
v 0.300000 0.425001 7.200001
v 0.350000 4.525001 2.700000
v 0.350000 3.425001 4.200000
v 0.350000 4.375000 4.300000
v 0.350000 4.625001 4.400000
v 0.350000 3.375001 4.450000
v 0.350000 0.725001 6.400001
v 0.350000 0.025001 6.450001
v 0.350000 0.075001 6.650001
v 0.350000 0.125001 6.650001
v 0.400000 -2.674999 3.400001
v 0.400000 -2.674999 3.600001
v 0.550000 -1.225000 2.950001
v 0.550000 -1.524999 3.100001
v 0.550000 3.375000 3.550000
v 0.550000 3.375001 4.150001
v 0.550000 3.425001 4.400001
v 0.550000 4.525001 4.400000
v 0.550000 3.375001 4.450000
v 0.550000 3.425001 4.600000
v 0.550000 0.475001 7.200001
v 0.550000 0.475001 7.550001
v 0.550000 0.525001 7.550001
v 0.600000 0.425001 7.200001
v 0.600000 0.425001 7.300001
v 0.600000 0.475001 7.300001
v 0.650000 2.175000 3.050001
v 0.650000 2.375000 3.050000
v 0.650000 2.375000 3.200000
v 0.650000 -2.724999 3.400001
v 0.650000 -2.674999 3.400001
v 0.650000 -2.724999 3.600001
v 0.650000 4.425000 4.250000
v 0.650000 4.375000 4.300000
v 0.650000 4.625000 4.350000
v 0.700000 -2.175000 1.050001
v 0.700000 -2.175000 1.400001
v 0.700000 -2.575000 3.400001
v 0.700000 -2.674999 3.600001
v 0.700000 -2.674999 3.650001
v 0.700000 -2.574999 3.700001
v 0.800000 4.525001 4.300000
v 0.800000 4.525001 4.350000
v 0.800000 0.325001 5.500001
v 0.850000 2.275000 3.600000
v 0.900000 4.575000 2.700000
v 0.900000 0.525001 7.550001
v 0.950000 -1.825000 0.800001
v 0.950000 4.575000 2.750000
v 0.950000 4.625000 4.200000
v 0.950000 0.325001 5.500001
v 1.050000 2.075001 3.700001
v 1.050000 2.075001 3.750000
v 1.100000 -2.625000 1.400001
v 1.100000 2.025000 3.550001
v 1.100000 1.975001 3.650001
v 1.100000 4.525001 4.250000
v 1.100000 0.325001 5.700001
v 1.150000 -2.524999 3.400001
v 1.150000 -2.474999 3.600001
v 1.150000 -2.424999 3.650001
v 1.200000 -2.175000 1.850001
v 1.200000 -2.224999 3.400001
v 1.200000 -2.224999 3.450001
v 1.200000 -2.174999 3.450001
v 1.200000 2.025000 3.550001
v 1.200000 4.525001 3.600000
v 1.200000 -2.574999 3.700001
v 1.200000 2.025001 3.700001
v 1.250000 1.775000 2.950001
v 1.250000 1.825000 3.050001
v 1.250000 1.775000 3.150001
v 1.250000 1.825000 3.150001
v 1.250000 2.375000 3.150000
v 1.250000 1.775001 3.400001
v 1.250000 2.375000 3.400000
v 1.250000 -2.424999 3.450001
v 1.250000 4.475000 4.050000
v 1.250000 4.525001 4.100000
v 1.300000 -2.424999 3.000001
v 1.300000 1.825000 3.050001
v 1.300000 1.875000 3.150001
v 1.300000 2.275000 3.150000
v 1.300000 -2.174999 3.400001
v 1.300000 1.825001 3.600001
v 1.300000 4.525001 4.100000
v 1.350000 4.575000 2.450000
v 1.350000 2.275000 3.150000
v 1.350000 1.875001 3.500001
v 1.350000 4.625000 3.700000
v 1.350000 4.475000 3.850000
v 1.350000 4.525001 3.850000
v 1.350000 4.375000 4.050000
v 1.350000 4.625000 4.050000
v 1.400000 -1.725000 0.600001
v 1.400000 -0.875000 0.800001
v 1.400000 -2.175000 1.850001
v 1.400000 4.525001 2.700000
v 1.400000 4.575000 2.750000
v 1.450000 2.525000 0.000001
v 1.450000 2.525000 0.100001
v 1.450000 2.475000 0.200001
v 1.450000 2.525000 0.200000
v 1.450000 2.525000 0.700000
v 1.450000 2.525000 0.750000
v 1.500000 2.475000 0.000001
v 1.550000 0.375000 0.000001
v 1.550000 -1.474999 3.400001
v 1.550000 -1.474999 3.450001
v 1.550000 4.475000 3.950000
v 1.600000 -0.875000 0.800001
v 1.600000 -2.174999 3.450001
v 1.600000 -2.174999 3.700001
v 1.650000 2.525000 0.700000
v 1.650000 3.425000 1.450000
v 1.650000 3.625000 1.450000
v 1.650000 3.875000 1.550000
v 1.650000 2.475000 1.700001
v 1.650000 2.525000 1.750000
v 1.650000 3.425000 1.750000
v 1.650000 4.575000 1.750000
v 1.650000 1.075000 1.950001
v 1.650000 2.525000 1.950001
v 1.650000 3.625000 1.950000
v 1.650000 4.575000 1.950000
v 1.650000 1.075000 2.050001
v 1.650000 0.375000 2.150001
v 1.650000 1.075000 2.150001
v 1.650000 0.375000 2.250001
v 1.650000 1.075000 2.250001
v 1.650000 3.425000 2.350000
v 1.650000 3.875000 2.350000
v 1.650000 4.075000 2.350000
v 1.650000 4.575000 2.350000
v 1.650000 0.475001 3.100001
v 1.650000 4.525001 3.850000
v 1.650000 4.525001 3.950000
v 1.700000 2.525000 1.700001
v 1.700000 2.975000 1.750000
v 1.700000 3.625000 1.750000
v 1.700000 3.875000 1.750000
v 1.700000 4.075000 1.750000
v 1.700000 4.625000 1.750000
v 1.700000 1.075000 1.800001
v 1.700000 2.975000 1.950000
v 1.700000 3.625000 1.950000
v 1.700000 3.875000 1.950000
v 1.700000 4.075000 1.950000
v 1.700000 1.075000 2.350001
v 1.700000 2.475000 2.350000
v 1.700000 1.075000 2.450001
v 1.700000 2.475000 2.450000
v 1.700000 2.025000 2.700001
v 1.700000 1.975000 2.750001
v 1.700000 0.375000 2.950001
v 1.700000 0.425000 2.950001
v 1.700000 1.075000 2.950001
v 1.700000 -0.575000 3.100001
v 1.700000 -0.524999 3.100001
v 1.700000 -0.524999 3.150001
v 1.700000 -0.174999 3.150001
v 1.700000 0.425001 3.350001
v 1.750000 0.375000 0.600001
v 1.750000 0.375000 1.850001
v 1.750000 1.075000 1.850001
v 1.750000 1.075000 2.050001
v 1.750000 0.375000 2.150001
v 1.750000 0.375000 2.450001
v 1.750000 1.075000 2.450001
v 1.750000 0.375000 2.550001
v 1.750000 1.075000 2.650001
v 1.750000 -0.425000 2.750001
v 1.750000 -0.375000 2.750001
v 1.750000 -0.425000 2.800001
v 1.750000 -0.625000 3.100001
v 1.750000 0.375001 3.150001
v 1.800000 3.875000 1.550000
v 1.800000 2.975000 2.150000
v 1.800000 3.625000 2.150000
v 1.800000 4.075000 2.150000
v 1.800000 1.875000 2.400001
v 1.800000 2.125000 2.400001
v 1.800000 1.875000 2.600001
v 1.850000 -0.525000 2.450001
v 1.850000 -0.275000 2.450001
v 1.850000 2.725000 2.450000
v 1.850000 3.625000 2.450000
v 1.850000 2.725000 2.700000
v 1.850000 2.975000 2.700000
v 1.850000 3.225000 2.700000
v 1.850000 3.425000 2.700000
v 1.850000 3.625000 2.700000
v 1.850000 3.825000 2.700000
v 1.850000 4.075000 2.700000
v 1.850000 4.325000 2.700000
v 1.850000 2.775000 2.750000
v 1.850000 3.225000 2.750000
v 1.850000 3.375000 2.750000
v 1.850000 3.675000 2.750000
v 1.850000 3.075001 3.550000
v 1.850000 2.475001 3.750000
v 1.850000 2.725001 3.750000
v 1.850000 3.075001 3.750000
v 1.850000 3.175001 3.750000
v 1.850000 3.275001 3.750000
v 1.850000 4.075000 3.750000
v 1.850000 4.175000 3.750000
v 1.850000 4.275001 3.750000
v 1.900000 3.425000 2.350000
v 1.900000 3.875000 2.350000
v 1.900000 4.075000 2.350000
v 1.900000 2.475000 2.450000
v 1.900000 2.725000 2.450000
v 1.900000 2.975000 2.450000
v 1.900000 4.575000 2.450000
v 1.900000 2.025000 2.650001
v 1.900000 -0.425000 2.700001
v 1.900000 2.075001 2.700001
v 1.900000 2.925000 2.700000
v 1.900000 3.375000 2.700000
v 1.900000 3.675000 2.700000
v 1.900000 4.325000 2.700000
v 1.900000 1.975000 2.750001
v 1.900000 2.075001 2.750001
v 1.900000 2.475000 2.750000
v 1.900000 3.225000 2.750000
v 1.900000 4.275001 2.750000
v 1.900000 4.575000 3.450000
v 1.900000 3.275001 3.750000
v 1.900000 3.525001 3.750000
v 1.900000 3.725001 3.750000
v 1.900000 4.075000 3.750000
v 1.900000 4.175000 3.750000
v 1.900000 2.725001 3.800000
v 1.900000 2.825001 3.800000
v 1.900000 3.175001 3.800000
v 1.900000 3.275001 3.800000
v 1.900000 3.725001 3.800000
v 1.900000 3.825001 3.800000
v 1.900000 3.975001 3.800000
v 1.900000 4.175000 3.800000
v 1.900000 4.425000 3.800000
v 1.950000 1.925000 2.400001
v 1.950000 2.075001 2.400001
v 1.950000 1.925000 2.600001
v 1.950000 2.075001 2.600001
v 1.950000 1.975000 2.700001
v 1.950000 -0.475000 2.750001
v 1.950000 -0.375000 2.750001
v 1.950000 -0.425000 2.800001
v 1.950000 2.475000 2.850000
v 2.000000 2.125000 2.350001
v 2.000000 2.425000 2.350000
v 2.000000 2.075001 2.400001
v 2.000000 2.425000 2.450000
v 2.000000 2.125000 2.650001
v 2.050000 -0.525000 2.400001
v 2.050000 -0.275000 2.400001
v 2.050000 -0.325000 2.450001
v 2.050000 -0.325000 2.650001
v 2.050000 -0.275000 2.700001
v -0.100000 -4.625000 2.600002
v 0.100000 -4.625000 2.600002
v -0.200000 -3.125000 2.400001
v 0.300000 -3.024999 2.300001
v 0.300000 -2.875000 2.300001
v 0.300000 -2.875000 2.900001
v 0.700000 -2.875000 1.400001
v -0.700000 -2.774999 3.700001
v 0.700000 -2.774999 3.250001
v 0.700000 -2.774999 3.700001
v -0.650000 -2.724999 3.600001
v -0.650000 -2.724999 3.650001
v -0.550000 -2.724999 3.400001
v -0.550000 -2.724999 3.600001
v -0.350000 -2.724999 3.600001
v -0.300000 -2.724999 3.400001
v 0.400000 -2.724999 3.400001
v 0.600000 -2.724999 3.400001
v 0.700000 -2.724999 3.650001
v -1.400000 -2.625000 3.000001
v -0.900000 -2.625000 1.400001
v -0.700000 -2.625000 1.050001
v -0.700000 -2.625000 1.350001
v -0.700000 -2.625000 3.250001
v 0.700000 -2.625000 1.050001
v 0.700000 -2.625000 1.400001
v 1.100000 -2.625000 1.850001
v -1.150000 -2.575000 3.250001
v -0.700000 -2.574999 3.700001
v -0.600000 -2.575000 3.400001
v -0.600000 -2.575000 3.600001
v -0.250000 -2.575000 3.000001
v 0.550000 -2.575000 3.000001
v 0.700000 -2.575000 1.400001
v 1.150000 -2.575000 3.250001
v 1.150000 -2.575000 3.400001
v 1.200000 -2.575000 3.650001
v -1.100000 -2.524999 3.400001
v -0.800000 -2.524999 3.400001
v -0.800000 -2.524999 3.600001
v -0.650000 -2.524999 3.600001
v 0.650000 -2.524999 3.600001
v 0.650000 -2.524999 3.650001
v 0.800000 -2.524999 3.400001
v 0.850000 -2.524999 3.600001
v 1.150000 -2.524999 3.650001
v -1.250000 -2.424999 3.450001
v -1.250000 -2.424999 3.700001
v -1.150000 -2.424999 3.250001
v -1.150000 -2.424999 3.650001
v -1.100000 -2.424999 3.450001
v -0.700000 -2.424999 3.250001
v 1.100000 -2.424999 3.450001
v 1.150000 -2.424999 3.400001
v 1.200000 -2.424999 3.650001
v 1.250000 -2.424999 3.700001
v -1.200000 -2.375000 1.650001
v -1.200000 -2.375000 1.850001
v 1.100000 -2.375000 1.650001
v 1.200000 -2.375000 1.650001
v 1.200000 -2.375000 1.850001
v -1.150000 -2.224999 3.400001
v -1.150000 -2.224999 3.450001
v 1.150000 -2.224999 3.400001
v -1.600000 -2.174999 3.450001
v -1.600000 -2.174999 3.700001
v -1.300000 -2.174999 3.400001
v -0.900000 -2.175000 1.650001
v 1.200000 -2.175000 1.650001
v 1.250000 -2.174999 3.450001
v 1.250000 -2.174999 3.700001
v 1.300000 -2.174999 3.000001
v 1.600000 -2.175000 0.800001
v -1.550000 -2.125000 3.450001
v 1.500000 -2.125000 3.400001
v 1.500000 -2.125000 3.450001
v 1.550000 -2.125000 3.400001
v -1.000000 -1.925000 0.600001
v 0.950000 -1.925000 0.800001
v -1.400000 -1.825000 0.800001
v -1.000000 -1.825000 0.600001
v -1.000000 -1.825000 0.800001
v 0.950000 -1.825000 0.600001
v -1.400000 -1.725000 0.400001
v 1.400000 -1.525000 0.400001
v -1.550000 -1.474999 3.450001
v -1.500000 -1.474999 3.400001
v -1.750000 -0.874999 3.400001
v -1.400000 -0.875000 0.200001
v -1.400000 -0.875000 0.800001
v -1.200000 -0.875000 2.900001
v 1.600000 -0.874999 3.400001
v 1.600000 -0.874999 3.700001
v 1.750000 -0.875000 0.600001
v 1.750000 -0.874999 3.400001
v 1.750000 -0.874999 3.450001
v -1.700000 -0.574999 3.150001
v -2.050000 -0.525000 2.400001
v -2.050000 -0.525000 2.700001
v 1.800000 -0.525000 2.400001
v 1.850000 -0.525000 2.650001
v 2.000000 -0.525000 2.450001
v 2.050000 -0.525000 2.700001
v -2.000000 -0.475000 2.450001
v -2.000000 -0.475000 2.650001
v -1.950000 -0.475000 2.750001
v -1.950000 -0.475000 2.800001
v -1.900000 -0.475000 2.750001
v -1.900000 -0.475000 2.800001
v -1.850000 -0.475000 2.650001
v 1.950000 -0.475000 2.800001
v 2.000000 -0.475000 2.450001
v 2.000000 -0.475000 2.650001
v -2.000000 -0.425000 2.750001
v -1.900000 -0.425000 2.750001
v 1.900000 -0.425000 2.800001
v 2.000000 -0.425000 2.800001
v 1.900000 -0.375000 2.700001
v -2.050000 -0.325000 2.450001
v -2.050000 -0.325000 2.650001
v -1.850000 -0.325000 2.450001
v 1.800000 -0.325000 2.450001
v 1.800000 -0.325000 2.650001
v 2.000000 -0.325000 2.650001
v -1.700000 -0.174999 3.100001
v -1.700000 -0.174999 3.150001
v 1.650000 -0.174999 3.100001
v 1.700000 -0.174999 3.100001
v -0.150000 0.025001 5.000001
v -0.100000 0.025001 4.950001
v 0.350000 0.025001 6.400001
v -0.350000 0.075001 6.650001
v -0.300000 0.075001 3.100001
v -0.250000 0.075001 6.450001
v -0.050000 0.075001 5.050001
v 0.000000 0.075001 5.050001
v 0.050000 0.075001 6.600001
v 0.100000 0.075001 6.450001
v 0.250000 0.075001 6.450001
v 0.300000 0.075001 6.450001
v -0.100000 0.125001 5.050001
v -0.050000 0.125001 5.050001
v -0.050000 0.125001 5.100001
v 0.050000 0.125001 5.050001
v -0.800000 0.175001 5.400001
v -0.200000 0.175001 3.100001
v 0.000000 0.175001 5.000001
v -1.100000 0.225001 5.650001
v -0.150000 0.225001 6.350001
v 0.050000 0.225001 4.950001
v 0.100000 0.225001 4.750001
v 0.150000 0.225001 4.800001
v 0.150000 0.225001 6.350001
v 0.150000 0.225001 6.400001
v 0.250000 0.225001 6.600001
v 1.100000 0.225001 5.700001
v -0.950000 0.275001 5.650001
v -0.800000 0.275001 5.500001
v -0.100000 0.275001 4.150001
v -0.100000 0.275001 4.950001
v -0.100000 0.275001 5.700001
v -0.050000 0.275001 5.050001
v -0.050000 0.275001 5.100001
v 0.000000 0.275001 5.050001
v 0.050000 0.275001 4.750001
v 0.050000 0.275001 4.850001
v 0.100000 0.275001 5.400001
v 0.100000 0.275001 6.350001
v 0.800000 0.275001 5.500001
v 0.950000 0.275001 5.500001
v 0.950000 0.275001 5.650001
v -0.050000 0.325001 6.450001
v -0.050000 0.325001 6.600001
v -1.700000 0.375001 3.100001
v -1.700000 0.375001 3.150001
v -1.350000 0.375000 2.950001
v -1.300000 0.375001 3.050001
v 1.300000 0.375001 3.050001
v 1.600000 0.375001 3.150001
v 1.600000 0.375001 3.350001
v -1.600000 0.425000 3.100001
v -0.300000 0.425001 6.450001
v -0.050000 0.425001 6.450001
v 0.050000 0.425001 6.750001
v 0.100000 0.425001 7.050001
v 0.350000 0.425001 7.200001
v 0.350000 0.425001 7.550001
v 0.550000 0.425001 7.550001
v 0.700000 0.425001 7.550001
v 1.600000 0.425000 3.100001
v 1.650000 0.425000 3.100001
v 0.000000 0.475001 6.750001
v 0.100000 0.475001 7.050001
v 0.550000 0.475001 7.550001
v 0.900000 0.475001 7.550001
v -1.700000 1.025000 3.100001
v -1.700000 1.025001 3.350001
v -1.300000 1.025000 3.050001
v 1.300000 1.025000 2.950001
v 1.700000 1.025000 2.950001
v 1.700000 1.025000 3.100001
v -1.650000 1.075000 2.050001
v -1.650000 1.075000 2.250001
v -1.650000 1.075000 2.650001
v -1.650000 1.075000 2.750001
v 1.650000 1.075000 2.450001
v 1.650000 1.075000 2.750001
v 1.650000 1.075000 2.850001
v 1.700000 1.075000 1.950001
v 1.700000 1.075000 2.550001
v 1.700000 1.075000 2.750001
v 1.700000 1.075000 2.850001
v 0.850000 1.775000 2.950001
v 0.850000 1.775000 3.050001
v 0.850000 1.775001 3.400001
v 0.850000 1.775001 3.500001
v 1.250000 1.775000 3.050001
v 1.250000 1.775001 3.500001
v 0.850000 1.825001 3.400001
v 1.250000 1.825001 3.400001
v 1.300000 1.825000 2.950001
v -2.000000 1.875000 2.350001
v -2.000000 1.875000 2.650001
v -1.750000 1.875000 2.650001
v 0.750000 1.875000 2.950001
v 0.750000 1.875000 3.050001
v 0.750000 1.875001 3.400001
v 0.750000 1.875001 3.600001
v 1.300000 1.875001 3.400001
v 1.350000 1.875001 3.400001
v 1.950000 1.875000 2.600001
v 2.000000 1.875000 2.650001
v -1.900000 1.925000 2.700001
v -1.850000 1.925000 2.750001
v 1.050000 1.925001 3.550001
v 1.050000 1.925001 3.650001
v 1.800000 1.925000 2.600001
v 1.850000 1.925000 2.750001
v 1.900000 1.925000 2.700001
v -1.950000 1.975000 2.700001
v -1.850000 1.975000 2.650001
v -1.850000 1.975000 2.750001
v -1.700000 1.975000 2.700001
v 1.200000 1.975001 3.700001
v 1.850000 1.975000 2.700001
v 1.900000 1.975000 2.650001
v 1.100000 2.025001 3.700001
v -1.950000 2.075001 2.600001
v 0.850000 2.275000 3.550000
v 1.250000 2.275000 3.600000
v -0.650000 2.375000 3.050000
v -1.700000 2.425000 2.450000
v 1.700000 2.425000 2.350000
v 1.700000 2.425000 2.450000
v -1.900000 2.475000 2.450000
v -1.700000 2.475000 2.450000
v -1.700000 2.475000 3.350000
v -1.550000 2.475000 3.100000
v -1.550000 2.475000 3.350000
v -1.300000 2.475000 3.050000
v 0.650000 2.475000 2.900000
v 0.650000 2.475001 3.850000
v 1.300000 2.475000 2.900000
v 1.700000 2.475000 3.050000
v 1.700000 2.475000 3.350000
v 1.850000 2.475000 3.450000
v 1.900000 2.475000 2.850000
v 1.900000 2.475000 3.450000
v -1.650000 2.525000 1.950001
v 1.650000 2.525000 1.900001
v 1.700000 2.525000 1.950001
v 0.650000 2.625000 3.350000
v 0.650000 2.625000 3.550000
v -1.650000 2.725000 3.550000
v -1.000000 2.725001 4.000000
v -1.900000 2.825001 3.800000
v -1.850000 2.825001 3.550000
v 1.800000 2.825001 3.800000
v 1.850000 2.825001 3.750000
v -1.450000 2.925001 4.000000
v -1.250000 2.925001 4.000000
v 1.900000 2.925000 2.750000
v -1.900000 2.975000 2.700000
v -1.700000 2.975000 1.950000
v -1.650000 2.975000 1.600000
v -1.400000 2.975001 4.250000
v -1.400000 2.975001 4.400001
v 1.650000 2.975000 1.600000
v 1.650000 2.975000 1.750000
v 1.650000 2.975000 1.950000
v 1.900000 2.975000 2.700000
v -1.900000 3.075001 3.750000
v -1.900000 3.075001 3.800000
v -1.750000 3.075001 3.550000
v -0.150000 3.075001 3.550000
v -0.150000 3.075001 3.950000
v -0.050000 3.075001 4.350000
v 0.050000 3.075001 4.350000
v 0.050000 3.075001 4.450000
v 1.750000 3.075001 3.800000
v -0.100000 3.125001 3.950000
v -0.050000 3.125001 4.350000
v -1.850000 3.275000 3.550000
v -1.850000 3.275001 3.750000
v 1.750000 3.275000 3.550000
v 1.750000 3.275001 3.800000
v 1.800000 3.275001 3.800000
v 1.850000 3.275000 3.550000
v -0.550000 3.325001 4.450000
v -0.550000 3.325001 4.600000
v -0.350000 3.325001 4.450000
v -0.250000 3.325001 4.700000
v -0.100000 3.325001 4.100000
v 0.100000 3.325001 4.100000
v 0.250000 3.325001 4.100000
v 0.300000 3.325001 4.150001
v 0.300000 3.325001 4.650001
v -1.900000 3.375000 2.750000
v -0.550000 3.375000 3.550000
v -0.250000 3.375001 3.850000
v -0.250000 3.375001 4.350000
v -0.250000 3.375001 4.450000
v -0.200000 3.375001 4.750000
v -0.200000 3.375001 4.950000
v -0.050000 3.375001 4.150001
v -0.050000 3.375001 4.350000
v 0.000000 3.375001 4.750000
v 0.000000 3.375001 4.950000
v 0.050000 3.375001 4.050000
v 0.050000 3.375001 4.150001
v 0.200000 3.375001 3.850000
v 0.200000 3.375001 4.050000
v 0.200000 3.375001 4.750000
v 0.250000 3.375001 4.700000
v 0.300000 3.375001 4.650001
v 0.350000 3.375001 4.200000
v 0.350000 3.375001 4.400001
v 0.350000 3.375001 4.600000
v 0.550000 3.375001 4.200000
v 0.550000 3.375001 4.400001
v 0.550000 3.375001 4.600000
v -1.900000 3.425000 2.350000
v -1.800000 3.425000 2.150000
v -1.700000 3.425000 1.950000
v -1.650000 3.425000 1.450000
v 1.700000 3.425000 1.750000
v 1.800000 3.425000 1.450000
v 1.800000 3.425000 2.150000
v 1.850000 3.425000 2.450000
v 1.900000 3.425000 2.150000
v 1.900000 3.425000 2.700000
v -1.750000 3.525001 3.800000
v -1.200000 3.525000 3.550000
v -1.150000 3.525000 3.550000
v -1.150000 3.525001 3.900000
v 1.750000 3.525000 3.550000
v 1.900000 3.525001 3.800000
v -1.650000 3.575001 4.250000
v -1.250000 3.575001 3.900000
v -1.900000 3.725001 3.800000
v -1.850000 3.725000 3.550000
v 1.850000 3.725001 3.750000
v -1.900000 3.825000 2.700000
v -1.900000 3.825000 2.750000
v -1.850000 3.825000 2.700000
v -1.050000 3.825001 4.300000
v -0.950000 3.825001 4.150001
v 1.850000 3.825000 2.750000
v 1.900000 3.825000 2.750000
v -1.850000 3.875000 2.700000
v -1.800000 3.875000 2.150000
v -1.700000 3.875000 1.950000
v -1.650000 3.875000 1.950000
v -1.650000 3.875000 2.350000
v -1.450000 3.875001 4.500000
v 1.650000 3.875000 1.950000
v 1.800000 3.875000 2.150000
v 1.850000 3.875000 2.700000
v 1.900000 3.875000 2.150000
v 1.900000 3.875000 2.450000
v 1.900000 3.875000 2.700000
v -1.450000 3.925001 4.400001
v -1.900000 3.975001 3.750000
v -1.750000 3.975000 3.550000
v 1.900000 3.975001 3.750000
v -0.950000 4.025001 3.900000
v -0.850000 4.075000 4.150001
v -1.900000 4.175000 3.800000
v -1.850000 4.175000 3.550000
v -1.850000 4.175000 3.750000
v 1.750000 4.175000 3.550000
v 1.800000 4.175000 3.800000
v -1.900000 4.275001 2.700000
v -1.850000 4.275001 2.750000
v 1.850000 4.275001 2.700000
v -1.850000 4.325000 2.450000
v 1.900000 4.325000 2.450000
v -1.250000 4.375000 4.200000
v -0.700000 4.375000 4.250000
v -0.650000 4.375000 3.900000
v -0.550000 4.375000 3.900000
v -0.550000 4.375000 4.300000
v -0.350000 4.375001 4.400001
v -0.250000 4.375000 3.900000
v 0.050000 4.375000 3.900000
v 0.250000 4.375000 4.350000
v 0.350000 4.375000 3.900000
v 0.350000 4.375001 4.400001
v 0.550000 4.375000 3.900000
v 0.650000 4.375000 4.350000
v 0.950000 4.375000 4.300000
v 1.250000 4.375000 4.050000
v 1.250000 4.375000 4.200000
v 1.350000 4.375000 3.750000
v -1.900000 4.425000 3.750000
v -1.800000 4.425000 3.800000
v -1.350000 4.425000 3.850000
v -0.850000 4.425000 3.900000
v -0.350000 4.425000 3.900000
v -0.350000 4.425000 4.300000
v -0.050000 4.425000 3.900000
v -0.050000 4.425000 4.350000
v 0.050000 4.425000 3.900000
v 0.150000 4.425001 4.400000
v 0.150000 4.425001 4.450000
v 0.250000 4.425000 3.900000
v 0.250000 4.425000 4.350000
v 0.550000 4.425000 3.900000
v 0.650000 4.425000 3.900000
v 1.350000 4.425000 3.750000
v 1.800000 4.425000 3.800000
v 1.850000 4.425000 3.550000
v 1.850000 4.425000 3.750000
v 1.900000 4.425000 3.750000
v -1.250000 4.475000 4.100000
v -1.100000 4.475000 4.200000
v -0.800000 4.475000 4.300000
v -0.550000 4.475001 4.400000
v -0.200000 4.475001 4.400000
v -0.200000 4.475001 4.450000
v -0.050000 4.475001 4.550000
v 0.050000 4.475001 4.500000
v 0.150000 4.475001 4.500000
v 0.200000 4.475001 4.450000
v 0.450000 4.475001 4.400000
v 0.550000 4.475000 4.350000
v 0.550000 4.475001 4.400000
v 0.800000 4.475000 4.350000
v 1.050000 4.475000 4.250000
v 1.100000 4.475000 4.200000
v 1.250000 4.475000 4.100000
v 1.300000 4.475000 4.050000
v 1.350000 4.475000 4.000000
v 1.550000 4.475000 4.000000
v -0.700000 4.525001 2.450000
v -0.700000 4.525001 2.750000
v -0.600000 4.525001 2.650000
v -0.300000 -2.674999 3.600001
v -0.050000 -2.674999 3.400001
v -0.050000 -2.674999 3.600001
v 0.100000 -2.674999 3.600001
v 0.150000 -2.674999 3.400001
v 0.350000 -2.674999 3.600001
v 0.600000 -2.674999 3.400001
v 0.600000 -2.674999 3.600001
v 0.650000 -2.674999 3.650001
v 0.550000 -2.625000 1.850001
v -1.050000 -2.474999 3.400001
v -0.900000 -2.474999 3.600001
v -0.600000 -2.474999 3.600001
v -0.600000 -2.474999 3.700001
v 0.800000 -2.474999 3.600001
v 0.850000 -2.474999 3.400001
v 1.050000 -2.474999 3.600001
v 1.100000 -2.474999 3.600001
v 1.100000 -2.474999 3.700001
v -1.050000 -2.424999 3.700001
v 1.200000 -2.174999 3.400001
v -1.550000 -2.075000 3.400001
v -1.500000 -2.075000 3.450001
v 1.500000 -2.075000 3.400001
v 1.550000 -2.075000 3.450001
v -1.100000 -2.024999 3.450001
v 1.100000 -2.024999 3.700001
v 0.550000 -1.824999 3.400001
v -1.200000 -1.624999 3.400001
v 0.550000 -1.625000 2.950001
v 0.550000 -1.625000 3.250001
v 0.550000 -1.624999 3.400001
v -0.550000 -1.524999 3.100001
v -1.550000 -1.424999 3.400001
v 0.550000 -1.225000 3.100001
v -1.450000 -0.874999 3.450001
v -1.350000 -0.875000 2.950001
v -1.350000 -0.874999 3.400001
v 1.350000 -0.874999 3.400001
v 1.450000 -0.874999 3.450001
v 1.600000 -0.874999 3.450001
v -1.750000 -0.624999 3.450001
v -1.600000 -0.624999 3.700001
v 1.350000 -0.625000 3.100001
v 1.600000 -0.624999 3.450001
v -1.700000 -0.524999 3.100001
v -1.650000 -0.524999 3.150001
v -1.800000 -0.475000 2.450001
v 1.800000 -0.475000 2.450001
v 1.800000 -0.475000 2.650001
v 1.850000 -0.475000 2.650001
v 2.000000 -0.475000 2.650001
v 1.900000 -0.425000 2.400001
v -2.000000 -0.375000 2.800001
v -1.950000 -0.375000 2.750001
v -1.950000 -0.375000 2.800001
v -1.900000 -0.375000 2.750001
v -1.900000 -0.375000 2.800001
v -1.750000 -0.375000 2.750001
v -1.750000 -0.375000 2.800001
v 1.750000 -0.375000 2.800001
v 2.000000 -0.375000 2.750001
v 2.000000 -0.375000 2.800001
v -1.950000 -0.325000 2.800001
v -1.850000 -0.325000 2.650001
v 1.900000 -0.325000 2.750001
v 1.950000 -0.325000 2.800001
v 2.000000 -0.325000 2.650001
v -2.050000 -0.275000 2.700001
v -2.000000 -0.275000 2.450001
v -1.850000 -0.275000 2.650001
v 1.800000 -0.275000 2.700001
v 1.850000 -0.275000 2.650001
v 2.000000 -0.275000 2.650001
v -1.650000 -0.124999 3.100001
v 1.700000 -0.124999 3.150001
v 0.050000 0.075001 4.950001
v -0.350000 0.125001 6.600001
v -0.350000 0.125001 6.650001
v -0.300000 0.125001 6.650001
v -0.050000 0.125001 5.000001
v -0.050000 0.125001 6.450001
v -0.050000 0.125001 6.600001
v 0.250000 0.125001 6.650001
v 0.300000 0.125001 6.450001
v 0.300000 0.125001 6.650001
v 0.350000 0.125001 6.600001
v -0.050000 0.175001 5.100001
v 0.050000 0.175001 5.100001
v -0.100000 0.225001 4.850001
v 0.050000 0.225001 4.800001
v -0.300000 0.275001 6.450001
v -0.300000 0.275001 6.600001
v -0.150000 0.275001 4.850001
v -0.950000 0.325001 5.650001
v -0.800000 0.325001 5.400001
v -0.150000 0.325001 5.550001
v -0.100000 0.325001 5.500001
v 0.100000 0.325001 5.700001
v 0.150000 0.325001 5.500001
v 0.950000 0.325001 5.650001
v 1.100000 0.325001 5.650001
v -1.750000 0.375000 0.600001
v -1.750000 0.375000 1.850001
v -1.750000 0.375000 1.950001
v -1.750000 0.375000 2.150001
v -1.750000 0.375000 2.550001
v -1.750000 0.375000 2.950001
v -1.750000 0.375001 3.400001
v -1.700000 0.375001 3.050001
v -1.700000 0.375001 3.350001
v -1.650000 0.375000 1.850001
v -1.650000 0.375000 2.150001
v -1.650000 0.375000 2.550001
v -1.500000 0.375000 0.000001
v -1.350000 0.375001 3.100001
v -0.050000 0.375001 6.450001
v 1.500000 0.375000 0.000001
v 1.550000 0.375000 0.600001
v 1.650000 0.375000 1.850001
v 1.650000 0.375000 1.950001
v 1.650000 0.375000 2.450001
v 1.650000 0.375000 2.550001
v 1.650000 0.375000 2.750001
v 1.650000 0.375000 2.850001
v 1.700000 0.375000 1.800001
v 1.700000 0.375001 3.150001
v 1.750000 0.375000 2.050001
v 1.750000 0.375000 2.650001
v 1.750000 0.375000 2.750001
v 1.750000 0.375000 2.850001
v 1.750000 0.375001 3.100001
v -1.700000 0.425000 3.050001
v -1.600000 0.425000 3.100001
v -1.300000 0.425000 2.950001
v -1.300000 0.425000 3.050001
v 1.300000 0.425000 2.950001
v 1.550000 0.425001 3.350001
v 1.700000 0.425000 3.050001
v -1.650000 0.475001 3.100001
v -1.600000 0.475001 3.050001
v -0.300000 0.475001 6.450001
v -0.250000 0.475001 6.600001
v -0.100000 0.475001 6.350001
v 0.100000 0.475001 4.800001
v 0.100000 0.475001 4.850001
v 0.100000 0.475001 5.550001
v 0.300000 0.475001 6.450001
v 0.300000 0.475001 7.200001
v 0.350000 0.475001 7.550001
v 0.700000 0.475001 7.300001
v 1.650000 0.475001 3.050001
v -0.150000 0.525001 4.850001
v -0.150000 0.525001 5.550001
v -0.150000 0.525001 6.350001
v -0.050000 0.525001 6.450001
v 0.000000 0.525001 6.750001
v 0.000000 0.525001 7.050001
v 0.050000 0.525001 6.450001
v 0.050000 0.525001 6.750001
v 0.100000 0.525001 7.050001
v 0.100000 0.525001 7.550001
v 0.150000 0.525001 4.800001
v 0.150000 0.525001 4.850001
v 0.550000 0.525001 7.200001
v -0.200000 0.575001 4.150001
v 0.250000 0.575001 6.650001
v -0.300000 0.675000 3.100001
v 0.350000 0.725001 6.450001
v -1.750000 1.075000 1.850001
v -1.750000 1.075000 1.950001
v -1.750000 1.075000 2.450001
v -1.750000 1.075000 2.650001
v -1.700000 1.075000 1.950001
v -1.700000 1.075000 2.350001
v -1.700000 1.075000 2.450001
v -1.700000 1.075000 2.850001
v 1.700000 1.075000 1.850001
v 1.700000 1.075000 2.150001
v 1.700000 1.075000 2.250001
v 1.700000 1.075000 2.650001
v 1.750000 1.075000 2.350001
v 1.750000 1.075000 2.750001
v 1.750000 1.075000 2.950001
v 0.850000 1.875001 3.600001
v -1.950000 1.925000 2.400001
v -1.950000 1.925000 2.600001
v -1.800000 1.925000 2.600001
v -1.750000 1.925000 2.400001
v -1.750000 1.925000 2.600001
v 1.800000 1.925000 2.600001
v 2.000000 1.925000 2.400001
v 2.000000 1.925000 2.600001
v 1.050000 1.975001 3.650001
v -1.950000 2.025000 2.700001
v -1.900000 2.025000 2.650001
v -1.850000 2.025000 2.700001
v -1.850000 2.025000 2.750001
v -1.700000 2.025000 2.700001
v -1.700000 2.025000 2.750001
v 1.150000 2.025001 3.700001
v 1.950000 2.025000 2.750001
v -1.900000 2.075001 2.700001
v -1.900000 2.075001 2.750001
v -1.850000 2.075001 2.700001
v -1.850000 2.075001 2.750001
v -1.800000 2.075001 2.600001
v 1.800000 2.075001 2.400001
v 1.850000 2.075001 2.750001
v -2.000000 2.125000 2.650001
v -1.950000 2.125000 2.400001
v -1.800000 2.125000 2.400001
v 1.750000 2.125000 2.650001
v 1.800000 2.125000 2.600001
v 1.100000 2.175001 3.700001
v 0.750000 2.275000 3.400000
v 0.750000 2.275000 3.500000
v 0.750000 2.275000 3.600000
v 0.800000 2.275000 3.150000
v 1.300000 2.275000 3.500000
v 1.300000 2.275000 3.600000
v 1.350000 2.275000 3.600000
v 0.800000 2.325001 3.600000
v 1.250000 2.325001 2.950000
v 1.250000 2.325001 3.050000
v 1.250000 2.325001 3.150000
v 1.250000 2.325001 3.500000
v 1.250000 2.325001 3.600000
v 1.300000 2.325001 2.950000
v 0.850000 2.375000 2.950000
v 0.850000 2.375000 3.050000
v 0.850000 2.375000 3.400000
v 0.850000 2.375000 3.600000
v 1.250000 2.375000 2.950000
v -1.700000 2.475000 2.350000
v -1.500000 2.475000 0.000001
v -1.450000 2.475000 0.000001
v -1.450000 2.475000 0.200001
v 1.450000 2.475000 0.700000
v 1.650000 2.475000 2.350000
v 1.700000 2.475000 0.600001
v 1.700000 2.475000 1.700001
v 1.700000 2.475000 1.900001
v -1.700000 2.525000 1.700001
v -1.700000 2.525000 1.750000
v -1.650000 2.525000 0.950000
v 1.750000 2.625001 3.800000
v 1.800000 2.625001 3.850000
v -1.900000 2.725000 2.450000
v -1.900000 2.725001 3.750000
v -1.850000 2.725000 2.450000
v 1.900000 2.725000 2.700000
v 1.900000 2.725001 3.750000
v -1.900000 2.775000 2.750000
v -1.850000 2.775000 2.700000
v -1.850000 2.775000 2.750000
v 1.850000 2.775000 2.700000
v 1.900000 2.775000 2.750000
v -1.900000 2.925001 3.800000
v -1.850000 2.925000 3.550000
v -1.850000 2.925001 3.750000
v 1.800000 2.925001 3.800000
v 1.850000 2.925000 3.550000
v 1.850000 2.925001 3.750000
v 1.900000 2.925001 3.750000
v 1.900000 2.925001 3.800000
v -1.900000 3.175000 2.150000
v -1.900000 3.175000 2.450000
v -1.900000 3.175000 2.700000
v -1.900000 3.175001 3.800000
v -1.850000 3.175001 3.750000
v -1.800000 3.175000 2.150000
v -1.700000 3.175000 1.950000
v -1.650000 3.175000 2.350000
v 1.650000 3.175000 1.950000
v 1.650000 3.175000 2.350000
v 1.700000 3.175000 1.750000
v 1.750000 3.175000 3.550000
v 1.750000 3.175001 3.800000
v 1.850000 3.175000 2.700000
v 1.850000 3.175000 3.550000
v 1.900000 3.175000 2.450000
v -1.900000 3.225000 2.750000
v 1.900000 3.225000 2.700000
v -1.250000 3.275001 4.250000
v -1.300000 3.325001 4.150001
v -1.150000 3.325001 4.150001
v -0.050000 3.325001 4.450000
v 0.050000 3.325001 4.350000
v 0.050000 3.325001 4.450000
v -1.900000 3.375001 3.800000
v -1.850000 3.375001 3.750000
v -1.750000 3.375000 3.550000
v -0.550000 3.375001 4.200000
v -0.550000 3.375001 4.450000
v -0.350000 3.375001 4.600000
v 0.000000 3.375001 3.950000
v 0.050000 3.375001 3.850000
v 1.750000 3.375000 3.550000
v 1.800000 3.375001 3.800000
v 1.850000 3.375000 3.550000
v 1.900000 3.375001 3.750000
v 1.900000 3.375001 3.800000
v -1.650000 3.425001 4.000000
v -0.300000 3.425001 4.650001
v -0.250000 3.425001 3.850000
v -0.250000 3.425001 4.150001
v -0.250000 3.425001 4.350000
v -0.250000 3.425001 4.950000
v -0.200000 3.425001 4.050000
v -0.050000 3.425001 4.650001
v 0.000000 3.425001 3.850000
v 0.000000 3.425001 4.950000
v 0.050000 3.425001 3.850000
v 0.050000 3.425001 4.050000
v 0.050000 3.425001 4.450000
v 0.250000 3.425001 3.850000
v 0.250000 3.425001 4.350000
v 0.250000 3.425001 4.450000
v 0.350000 3.425001 4.450000
v 0.550000 3.425001 4.200000
v 0.550000 3.425001 4.450000
v 0.550000 3.425001 4.650001
v -0.050000 3.475001 4.350000
v -1.900000 3.625000 2.350000
v -1.900000 3.625001 3.800000
v -1.750000 3.625000 3.550000
v -1.650000 3.625000 1.950000
v -1.650000 3.625000 2.350000
v 1.650000 3.625000 2.350000
v 1.800000 3.625000 1.450000
v 1.850000 3.625000 3.550000
v 1.900000 3.625000 2.350000
v 1.900000 3.625000 2.450000
v 1.900000 3.625000 2.700000
v 1.900000 3.625001 3.750000
v -1.850000 3.675000 2.700000
v 1.850000 3.675000 2.700000
v -1.900000 3.825001 3.800000
v -1.850000 3.825001 3.750000
v 0.550000 3.825001 3.700000
v 1.850000 3.825000 3.550000
v 1.900000 3.825001 3.750000
v -1.400000 3.875001 4.400001
v -1.450000 3.925001 4.500000
v -1.050000 3.925001 4.150001
v -1.100000 3.975001 4.150001
v -1.900000 4.075000 2.350000
v -1.900000 4.075000 3.750000
v -1.850000 4.075000 3.550000
v -1.800000 4.075000 2.150000
v -1.650000 4.075000 4.250000
v -1.250000 4.075000 4.250000
v 1.650000 4.075000 1.750000
v 1.650000 4.075000 1.950000
v 1.850000 4.075000 3.550000
v 1.900000 4.075000 2.450000
v 1.900000 4.075000 2.700000
v 1.900000 4.075000 3.800000
v -1.900000 4.125000 2.700000
v -1.850000 4.125000 2.750000
v -0.900000 4.125000 4.050000
v -0.850000 4.125000 4.050000
v -0.850000 4.125000 4.150001
v 1.850000 4.125000 2.700000
v -1.200000 4.175000 3.550000
v -1.200000 4.175000 3.900000
v -0.950000 4.175000 4.050000
v -0.800000 4.175000 3.900000
v -0.800000 4.175000 4.050000
v -0.650000 4.175000 3.900000
v -1.750000 4.275001 3.800000
v -0.650000 4.475000 2.650000
v -1.650000 4.525001 3.950000
v -1.550000 4.525001 3.950000
v -1.500000 4.525001 2.750000
v -1.350000 4.525001 2.700000
v -1.350000 4.525001 3.700000
v -1.350000 4.525001 3.850000
v -1.300000 4.525001 4.050000
v -1.250000 4.525001 4.100000
v -1.200000 4.525001 3.700000
v -1.150000 4.525001 3.750000
v -1.100000 4.525001 2.700000
v -1.050000 4.525001 2.750000
v -1.050000 4.525001 4.200000
v -0.900000 4.525001 2.700000
v -0.900000 4.525001 2.750000
v -0.750000 4.525001 4.350000
v -0.550000 4.525001 4.400000
v -0.500000 4.525001 2.450000
v -0.500000 4.525001 2.700000
v -0.450000 4.525001 2.700000
v -0.450000 4.525001 2.750000
v -0.450000 4.525001 4.400000
v -0.300000 4.525001 2.750000
v -0.250000 4.525001 2.700000
v -0.200000 4.525001 4.400000
v -0.100000 4.525001 2.700000
v -0.050000 4.525001 2.700000
v -0.050000 4.525001 4.550000
v 0.100000 4.525001 2.750000
v 0.150000 4.525001 2.450000
v 0.150000 4.525001 2.700000
v 0.150000 4.525001 4.400000
v 0.150000 4.525001 4.500000
v 0.200000 4.525001 4.450000
v 0.300000 4.525001 2.450000
v 0.450000 4.525001 4.400000
v 0.500000 4.525001 2.750000
v 0.550000 4.525001 2.700000
v 0.750000 4.525001 4.300000
v 0.900000 4.525001 2.450000
v 0.950000 4.525001 2.700000
v 1.050000 4.525001 4.250000
v 1.100000 4.525001 2.750000
v 1.100000 4.525001 4.200000
v 1.150000 4.525001 2.700000
v 1.150000 4.525001 3.700000
v 1.200000 4.525001 3.700000
v 1.250000 4.525001 4.050000
v 1.300000 4.525001 4.050000
v 1.350000 4.525001 3.700000
v 1.350000 4.525001 3.750000
v 1.550000 4.525001 2.700000
v 1.850000 4.525001 3.450000
v -1.900000 4.575000 2.450000
v -1.650000 4.575000 2.350000
v -1.600000 4.575000 1.750000
v -1.600000 4.575000 1.950000
v -1.550000 4.575000 2.450000
v -1.500000 4.575000 2.700000
v -1.500000 4.575000 2.750000
v -1.350000 4.575000 2.700000
v -1.300000 4.575000 2.700000
v -0.850000 4.575000 2.450000
v -0.850000 4.575000 2.700000
v -0.500000 4.575000 2.700000
v -0.150000 4.575001 4.400000
v -0.050000 4.575000 2.700000
v 0.100000 4.575000 2.750000
v 0.150000 4.575000 2.450000
v 0.300000 4.575000 2.450000
v 0.350000 4.575000 2.700000
v 0.350000 4.575000 2.750000
v 0.500000 4.575000 2.700000
v 0.500000 4.575000 2.750000
v 0.550000 4.575000 2.700000
v 0.900000 4.575000 2.450000
v 0.950000 4.575000 2.700000
v 1.100000 4.575000 2.750000
v 1.150000 4.575000 2.450000
v 1.150000 4.575000 2.700000
v 1.200000 4.575000 3.700000
v 1.350000 4.575000 3.750000
v 1.350000 4.575000 3.850000
v 1.400000 4.575000 2.700000
v 1.550000 4.575000 2.700000
v 1.550000 4.575000 2.750000
v 1.600000 4.575000 2.450000
v 1.900000 4.575000 2.850000
v 1.900000 4.575000 3.750000
v 1.900000 4.575000 3.850000
v -2.000000 4.625000 2.350000
v -2.000000 4.625000 2.450000
v -1.600000 4.625000 1.750000
v -0.950000 4.625000 4.300000
v -0.350000 4.625000 4.350000
v 0.350000 4.625000 4.350000
v 0.650000 4.625000 4.300000
v 1.250000 4.625000 4.050000
v 1.700000 4.625000 1.950000
v 1.950000 4.625000 2.750000
v 1.550000 -0.875000 0.000001
v 1.450000 2.475000 0.000001
v -1.450000 2.525000 0.000001
v -1.400000 -1.525000 0.200001
v 1.400000 -1.525000 0.200001
v 1.400000 -0.875000 0.200001
v -1.450000 2.525000 0.200000
v 1.400000 -1.725000 0.400001
v 0.950000 -1.925000 0.600001
v -1.400000 -1.825000 0.600001
v 1.400000 -1.825000 0.600001
v -1.400000 -1.725000 0.600001
v -1.750000 -0.875000 0.600001
v 1.550000 -0.875000 0.600001
v -1.500000 0.375000 0.600001
v 1.500000 0.375000 0.600001
v 1.700000 0.375000 0.600001
v -1.700000 2.475000 0.600001
v -1.500000 2.475000 0.600001
v 1.500000 2.475000 0.600001
v -1.650000 2.475000 0.700000
v 1.650000 2.475000 0.700000
v -1.450000 2.525000 0.700000
v 1.450000 4.575000 0.750000
v 1.400000 -1.825000 0.800001
v -1.600000 -0.875000 0.800001
v 1.450000 2.525000 0.950000
v 1.650000 2.525000 0.950000
v 1.450000 4.575000 0.950000
v 1.650000 4.575000 0.950000
v -0.700000 -2.875000 1.400001
v -0.700000 -2.575000 1.400001
v -0.700000 -2.175000 1.400001
v 1.100000 -2.175000 1.400001
v -1.650000 3.625000 1.450000
v -1.800000 3.875000 1.550000
v -1.650000 3.875000 1.550000
v 1.650000 4.075000 1.550000
v 1.800000 4.075000 1.550000
v 1.800000 2.975000 1.600000
v -1.800000 3.175000 1.600000
v -1.650000 3.175000 1.600000
v 1.650000 3.175000 1.600000
v 1.800000 3.175000 1.600000
v -0.900000 -2.375000 1.650001
v -1.200000 -2.175000 1.650001
v 1.100000 -2.175000 1.650001
v -1.700000 2.475000 1.700001
v 1.650000 2.525000 1.700001
v -1.650000 2.525000 1.750000
v 1.700000 2.525000 1.750000
v -1.700000 2.975000 1.750000
v -1.650000 2.975000 1.750000
v -1.650000 3.175000 1.750000
v 1.650000 3.175000 1.750000
v -1.700000 3.425000 1.750000
v 1.650000 3.625000 1.750000
v -1.700000 3.875000 1.750000
v 1.650000 3.875000 1.750000
v -1.700000 4.075000 1.750000
v -1.650000 4.575000 1.750000
v -1.700000 4.625000 1.750000
v -1.400000 -2.625000 1.850001
v 1.400000 -2.625000 1.850001
v -0.900000 -2.375000 1.850001
v 1.100000 -2.375000 1.850001
v -1.400000 -2.175000 1.850001
v -1.200000 -2.175000 1.850001
v -1.700000 1.075000 1.850001
v 1.650000 1.075000 1.850001
v -1.650000 0.375000 2.050001
v 1.650000 0.375000 2.050001
v -1.700000 1.075000 2.050001
v 1.700000 1.075000 2.050001
v 1.900000 2.975000 2.150000
v 1.800000 3.175000 2.150000
v 1.900000 3.175000 2.150000
v -1.900000 3.425000 2.150000
v 1.900000 3.625000 2.150000
v -1.900000 4.075000 2.150000
v 1.900000 4.075000 2.150000
v 1.750000 0.375000 2.250001
v -1.750000 1.075000 2.250001
v -1.700000 1.075000 2.250001
v 1.750000 1.075000 2.250001
v -0.300000 -2.875000 2.300001
v -1.750000 1.875000 2.350001
v 2.000000 1.875000 2.350001
v -2.000000 2.125000 2.350001
v -1.750000 2.125000 2.350001
v -1.700000 2.425000 2.350000
v 1.650000 2.975000 2.350000
v 1.900000 2.975000 2.350000
v 1.900000 3.175000 2.350000
v 2.000000 4.625000 2.350000
v -0.200000 -3.024999 2.400001
v 0.200000 -3.024999 2.400001
v -1.950000 -0.425000 2.400001
v -1.900000 -0.425000 2.400001
v 1.950000 -0.425000 2.400001
v -1.900000 -0.375000 2.400001
v 1.900000 -0.375000 2.400001
v 1.950000 -0.375000 2.400001
v -2.050000 -0.275000 2.400001
v 1.800000 -0.275000 2.400001
v -1.650000 1.075000 2.450001
v 0.100000 -3.125000 2.600001
v -1.950000 1.875000 2.600001
v -1.800000 1.875000 2.600001
v -2.000000 1.925000 2.600001
v 1.750000 1.925000 2.600001
v -2.000000 2.075001 2.600001
v -1.800000 2.075001 2.600001
v -1.750000 2.075001 2.600001
v 2.000000 2.075001 2.600001
v -1.950000 2.125000 2.600001
v -1.800000 2.125000 2.600001
v 1.950000 2.125000 2.600001
v -1.850000 -0.525000 2.650001
v 2.000000 -0.525000 2.650001
v -2.050000 -0.475000 2.650001
v 2.050000 -0.475000 2.650001
v -1.800000 -0.325000 2.650001
v 1.850000 -0.325000 2.650001
v -1.650000 0.375000 2.650001
v 1.650000 0.375000 2.650001
v 1.650000 1.075000 2.650001
v -1.850000 1.925000 2.700001
v 1.850000 1.925000 2.700001
v 1.700000 1.975000 2.700001
v 1.950000 2.025000 2.700001
v 1.900000 2.775000 2.700000
v -1.900000 2.925000 2.700000
v 1.850000 2.925000 2.700000
v -1.850000 2.975000 2.700000
v -1.850000 3.175000 2.700000
v 1.900000 3.175000 2.700000
v -1.900000 3.225000 2.700000
v -1.900000 3.375000 2.700000
v 1.850000 3.375000 2.700000
v -1.850000 3.425000 2.700000
v -1.900000 3.625000 2.700000
v -1.850000 3.625000 2.700000
v -1.900000 3.675000 2.700000
v 1.900000 3.825000 2.700000
v -1.900000 3.875000 2.700000
v -1.900000 4.075000 2.700000
v 1.900000 4.125000 2.700000
v 1.900000 4.275001 2.700000
v -1.550000 4.525001 2.700000
v -1.300000 4.525001 2.700000
v 0.300000 4.525001 2.700000
v 0.900000 4.525001 2.700000
v 1.350000 4.525001 2.700000
v 1.600000 4.525001 2.700000
v -1.550000 4.575000 2.700000
v -1.100000 4.575000 2.700000
v -1.050000 4.575000 2.700000
v -0.900000 4.575000 2.700000
v -0.450000 4.575000 2.700000
v -0.100000 4.575000 2.700000
v 0.100000 4.575000 2.700000
v 0.150000 4.575000 2.700000
v 0.300000 4.575000 2.700000
v 1.100000 4.575000 2.700000
v 1.350000 4.575000 2.700000
v 1.600000 4.575000 2.700000
v 1.900000 -0.475000 2.750001
v -1.950000 -0.425000 2.750001
v -1.750000 -0.425000 2.750001
v 1.950000 -0.425000 2.750001
v 2.000000 -0.425000 2.750001
v -2.000000 -0.375000 2.750001
v 1.900000 -0.375000 2.750001
v -1.900000 -0.325000 2.750001
v 1.950000 -0.325000 2.750001
v 1.950000 2.475000 2.750000
v 1.850000 2.925000 2.750000
v -1.850000 3.225000 2.750000
v 1.900000 3.375000 2.750000
v 1.900000 3.675000 2.750000
v -1.850000 3.825000 2.750000
v 1.850000 4.125000 2.750000
v 1.900000 4.125000 2.750000
v 1.850000 4.275001 2.750000
v -1.350000 4.525001 2.750000
v -0.600000 4.525001 2.750000
v -0.050000 4.525001 2.750000
v 0.350000 4.525001 2.750000
v 0.950000 4.525001 2.750000
v 1.400000 4.525001 2.750000
v 1.550000 4.525001 2.750000
v -1.900000 4.575000 2.750000
v -0.450000 4.575000 2.750000
v -0.300000 4.575000 2.750000
v -0.050000 4.575000 2.750000
v 1.900000 4.575000 2.750000
v -1.950000 4.625000 2.750000
v -1.650000 0.375000 2.850001
v -1.750000 1.075000 2.850001
v -1.650000 1.075000 2.850001
v 1.750000 1.075000 2.850001
v -1.200000 -1.625000 2.950001
v -1.200000 -0.875000 2.950001
v 0.800000 1.825000 2.950001
v 0.850000 1.825000 2.950001
v 1.250000 1.825000 2.950001
v 0.800000 1.875000 2.950001
v -0.250000 -2.625000 3.000001
v 0.550000 -2.625000 3.000001
v -1.650000 0.425000 3.050001
v 1.650000 0.425000 3.050001
v -1.650000 0.475001 3.050001
v 1.600000 0.475001 3.050001
v -1.550000 0.375001 3.100001
v 1.700000 0.375001 3.100001
v -1.650000 0.425000 3.100001
v -1.550000 0.425000 3.100001
v 1.550000 0.425000 3.100001
v 1.700000 0.425000 3.100001
v -1.550000 1.025000 3.100001
v 1.700000 2.475000 3.100000
v -1.750000 -0.624999 3.150001
v 1.750000 -0.624999 3.150001
v -1.650000 -0.574999 3.150001
v 1.700000 -0.574999 3.150001
v -1.700000 -0.524999 3.150001
v 1.650000 -0.524999 3.150001
v -1.650000 -0.174999 3.150001
v -1.700000 -0.124999 3.150001
v -1.650000 -0.124999 3.150001
v 1.650000 -0.124999 3.150001
v -1.750000 0.375001 3.150001
v -1.600000 0.375001 3.150001
v 1.350000 1.875000 3.150001
v 0.750000 2.275000 3.150000
v 0.850000 2.325001 3.150000
v 0.700000 -2.625000 3.250001
v -0.700000 -2.575000 3.250001
v 0.700000 -2.575000 3.250001
v 0.700000 -2.424999 3.250001
v 1.150000 -2.424999 3.250001
v -1.200000 -2.224999 3.450001
v -1.250000 -2.174999 3.450001
v 1.150000 -2.174999 3.450001
v -1.500000 -2.125000 3.450001
v 1.550000 -2.125000 3.450001
v -1.550000 -2.075000 3.450001
v 1.500000 -2.075000 3.450001
v -1.450000 -2.024999 3.450001
v 1.100000 -2.024999 3.450001
v 1.500000 -1.474999 3.450001
v -1.550000 -1.424999 3.450001
v 1.550000 -1.424999 3.450001
v 1.750000 -0.624999 3.450001
v 1.250000 1.825001 3.500001
v 0.750000 1.875001 3.500001
v 0.800000 1.875001 3.500001
v 1.300000 1.875001 3.500001
v 1.350000 2.275000 3.500000
v 1.250000 2.375000 3.500000
v -0.600000 -2.724999 3.600001
v -0.300000 -2.724999 3.600001
v -0.100000 -2.724999 3.600001
v -0.050000 -2.724999 3.600001
v 0.350000 -2.724999 3.600001
v 0.400000 -2.724999 3.600001
v 0.600000 -2.724999 3.600001
v 0.700000 -2.724999 3.600001
v -0.550000 -2.674999 3.600001
v -0.350000 -2.674999 3.600001
v -0.100000 -2.674999 3.600001
v 0.150000 -2.674999 3.600001
v -0.650000 -2.575000 3.600001
v -1.050000 -2.524999 3.600001
v -0.900000 -2.524999 3.600001
v 0.800000 -2.524999 3.600001
v 1.050000 -2.524999 3.600001
v -1.100000 -2.474999 3.600001
v -0.800000 -2.474999 3.600001
v 0.850000 -2.474999 3.600001
v -1.100000 -2.424999 3.600001
v -1.050000 -2.424999 3.600001
v 1.150000 -2.424999 3.600001
v -1.200000 4.525001 3.600000
v 1.200000 4.575000 3.600000
v 0.700000 -2.774999 3.650001
v -1.150000 -2.575000 3.650001
v -0.700000 -2.575000 3.650001
v 0.700000 -2.575000 3.650001
v -1.100000 -2.424999 3.650001
v 1.900000 2.475001 3.750000
v -1.900000 2.825001 3.750000
v 1.900000 2.825001 3.750000
v -1.900000 2.925001 3.750000
v 1.900000 3.075001 3.750000
v 1.900000 3.175001 3.750000
v 1.850000 3.375001 3.750000
v -1.900000 3.525001 3.750000
v 1.850000 3.525001 3.750000
v 1.850000 3.625001 3.750000
v -1.850000 3.725001 3.750000
v 1.850000 3.825001 3.750000
v 1.850000 3.975001 3.750000
v -1.850000 4.075000 3.750000
v -1.900000 4.175000 3.750000
v -1.900000 4.275001 3.750000
v -1.850000 4.275001 3.750000
v 1.900000 4.275001 3.750000
v -1.850000 4.425000 3.750000
v -1.350000 4.425000 3.750000
v -1.850000 4.525001 3.750000
v 1.150000 4.525001 3.750000
v 1.850000 4.525001 3.750000
v -1.150000 4.575000 3.750000
v 1.150000 4.575000 3.750000
v -1.800000 2.725001 3.800000
v 1.800000 2.725001 3.800000
v -1.800000 2.925001 3.800000
v 1.900000 3.075001 3.800000
v -1.800000 3.175001 3.800000
v -1.900000 3.275001 3.800000
v 1.800000 3.525001 3.800000
v 1.800000 3.625001 3.800000
v 1.900000 3.625001 3.800000
v 1.800000 3.825001 3.800000
v -1.900000 4.075000 3.800000
v -1.800000 4.175000 3.800000
v -1.900000 4.275001 3.800000
v 1.800000 4.275001 3.800000
v 1.900000 4.275001 3.800000
v -1.900000 4.425000 3.800000
v 0.000000 3.375001 3.850000
v 0.250000 3.375001 3.850000
v -0.200000 3.425001 3.850000
v 0.200000 3.425001 3.850000
v 0.000000 3.425001 4.050000
v -0.250000 3.375001 4.100000
v 0.250000 3.375001 4.100000
v -0.550000 3.325001 4.150001
v -0.250000 3.325001 4.150001
v -0.300000 3.375001 4.150001
v 0.300000 3.375001 4.150001
v -0.250000 3.425001 4.150001
v 0.250000 3.425001 4.150001
v 0.550000 3.425001 4.150001
v -0.850000 4.375000 4.200000
v 0.850000 4.375000 4.200000
v -0.700000 4.425000 4.200000
v 0.700000 4.425000 4.200000
v -0.650000 4.375000 4.250000
v 0.650000 4.375000 4.250000
v 0.700000 4.425000 4.250000
v -0.350000 4.375000 4.300000
v -0.550000 4.425000 4.300000
v 0.350000 4.425000 4.300000
v 0.550000 4.425000 4.300000
v -0.050000 3.325001 4.350000
v 0.050000 3.475001 4.350000
v -0.250000 4.375000 4.350000
v -0.050000 4.375000 4.350000
v 0.050000 4.425000 4.350000
v -0.350000 3.325001 4.400001
v -0.550000 3.375001 4.400001
v 0.350000 3.425001 4.400001
v -1.450000 3.925001 4.400001
v -0.350000 3.325001 4.600000
v 0.350000 3.425001 4.600000
v 0.050000 3.425001 4.650001
v 0.250000 3.425001 4.650001
v -0.050000 0.175001 4.700001
v -0.150000 0.275001 4.700001
v -0.100000 0.225001 4.800001
v 0.100000 0.225001 4.800001
v 0.050000 0.275001 4.800001
v -0.100000 0.475001 4.800001
v -0.150000 0.075001 4.950001
v -0.100000 0.225001 4.950001
v 0.000000 0.125001 5.050001
v -0.050000 0.175001 5.050001
v 0.800000 0.175001 5.400001
v -0.100000 0.275001 5.400001
v 0.100000 0.325001 5.400001
v 0.800000 0.325001 5.400001
v -0.950000 0.325001 5.500001
v -0.800000 0.325001 5.500001
v 0.100000 0.325001 5.500001
v -0.100000 0.475001 5.500001
v 0.100000 0.475001 5.500001
v 1.100000 0.225001 5.650001
v -1.100000 0.325001 5.650001
v -0.100000 0.275001 6.350001
v 0.100000 0.475001 6.350001
v 0.150000 0.525001 6.350001
v -0.350000 0.025001 6.400001
v -0.150000 0.225001 6.400001
v 0.150000 0.525001 6.400001
v 0.250000 0.075001 6.600001
v 0.350000 0.075001 6.600001
v -0.300000 0.125001 6.600001
v -0.100000 0.125001 6.600001
v 0.050000 0.125001 6.600001
v 0.100000 0.125001 6.600001
v 0.300000 0.225001 6.600001
v -0.250000 0.425001 6.600001
v -0.300000 0.475001 6.600001
v -0.250000 0.575001 6.600001
v 0.300000 0.575001 6.600001
v 0.300000 0.425001 7.050001
v 0.000000 0.475001 7.050001
v 0.300000 0.475001 7.050001
v 0.550000 0.425001 7.200001
v 0.350000 0.475001 7.200001
v 0.600000 0.475001 7.200001
v 0.700000 0.425001 7.300001
v 0.900000 0.475001 7.300001
v 0.900000 0.525001 7.300001
v 1.450000 2.475000 0.100001
v 0.700000 -2.625000 1.350001
v 0.700000 -2.575000 1.350001
v -1.700000 0.375000 1.800001
v 1.650000 0.375000 1.800001
v -1.650000 1.075000 1.800001
v 1.650000 1.075000 1.800001
v -0.250000 -2.625000 1.850001
v -0.250000 -2.575000 1.850001
v 0.550000 -2.575000 1.850001
v 1.650000 2.475000 1.900001
v 1.700000 2.525000 1.900001
v -1.650000 0.375000 1.950001
v 1.750000 0.375000 1.950001
v -1.650000 1.075000 1.950001
v 1.750000 1.075000 1.950001
v -1.700000 2.525000 1.950001
v -1.650000 3.175000 1.950000
v 1.700000 3.175000 1.950000
v 1.650000 3.425000 1.950000
v 1.700000 3.425000 1.950000
v -1.700000 4.075000 1.950000
v -1.650000 4.575000 1.950000
v -1.700000 4.625000 1.950000
v -1.700000 1.075000 2.150001
v 1.750000 1.075000 2.150001
v -1.750000 0.375000 2.350001
v -1.650000 0.375000 2.350001
v 1.650000 0.375000 2.350001
v 1.750000 0.375000 2.350001
v -1.750000 1.075000 2.350001
v -1.650000 1.075000 2.350001
v 1.650000 1.075000 2.350001
v -1.800000 1.875000 2.400001
v -2.000000 1.925000 2.400001
v -1.800000 1.925000 2.400001
v 1.750000 1.925000 2.400001
v -1.750000 2.075001 2.400001
v -2.050000 -0.475000 2.450001
v 2.050000 -0.475000 2.450001
v 2.000000 -0.275000 2.450001
v 1.850000 2.975000 2.450000
v -1.850000 3.175000 2.450000
v 1.850000 3.175000 2.450000
v -1.850000 3.425000 2.450000
v 1.900000 3.425000 2.450000
v -1.900000 3.625000 2.450000
v -1.900000 3.875000 2.450000
v -1.850000 3.875000 2.450000
v 1.850000 3.875000 2.450000
v -1.850000 4.075000 2.450000
v 1.850000 4.075000 2.450000
v 1.850000 4.325000 2.450000
v -0.650000 4.475000 2.450000
v -1.550000 4.525001 2.450000
v -0.650000 4.525001 2.450000
v 0.550000 4.525001 2.450000
v 1.150000 4.525001 2.450000
v 1.350000 4.525001 2.450000
v -1.300000 4.575000 2.450000
v -0.100000 4.575000 2.450000
v 2.000000 4.625000 2.450000
v -1.700000 1.075000 2.550001
v -1.650000 1.075000 2.550001
v 1.650000 1.075000 2.550001
v 1.750000 1.075000 2.550001
v 1.750000 1.875000 2.650001
v -1.900000 1.975000 2.650001
v 1.850000 1.975000 2.650001
v -1.850000 2.025000 2.650001
v 1.850000 2.025000 2.650001
v -0.600000 4.475000 2.650000
v -0.650000 4.525001 2.650000
v 1.800000 -0.525000 2.700001
v -1.900000 -0.425000 2.700001
v 1.950000 -0.425000 2.700001
v -1.900000 -0.375000 2.700001
v 1.950000 -0.375000 2.700001
v -1.800000 -0.275000 2.700001
v 0.100000 -4.625000 2.750002
v -0.100000 -3.125000 2.750001
v -1.900000 1.925000 2.750001
v 1.900000 1.925000 2.750001
v -1.950000 1.975000 2.750001
v -1.700000 1.975000 2.750001
v 1.850000 1.975000 2.750001
v 1.950000 1.975000 2.750001
v -1.900000 2.025000 2.750001
v 1.700000 2.025000 2.750001
v 1.900000 2.025000 2.750001
v 0.200000 -3.125000 2.800001
v 0.200000 -3.024999 2.800001
v -2.000000 -0.425000 2.800001
v -1.900000 -0.425000 2.800001
v 1.950000 -0.375000 2.800001
v -1.900000 -0.325000 2.800001
v -1.950000 2.475000 2.850000
v -1.900000 4.575000 2.850000
v -1.950000 4.625000 2.850000
v 1.950000 4.625000 2.850000
v -1.350000 -0.875000 2.900001
v 1.300000 0.375000 2.900001
v -0.650000 2.175000 2.900001
v 0.650000 2.175000 2.900001
v 1.200000 -1.625000 2.950001
v -0.550000 -1.225000 2.950001
v -1.200000 -0.875000 2.950001
v 1.200000 -0.875000 2.950001
v 1.350000 -0.875000 2.950001
v -1.300000 0.375000 2.950001
v -0.300000 0.375000 2.950001
v 0.300000 0.375000 2.950001
v 1.300000 0.375000 2.950001
v 1.750000 0.375000 2.950001
v -1.700000 0.425000 2.950001
v -1.700000 1.025000 2.950001
v -1.300000 1.025000 2.950001
v 0.700000 -2.875000 3.000001
v 0.700000 -2.625000 3.000001
v 1.400000 -2.625000 3.000001
v -1.300000 -2.424999 3.000001
v 0.700000 -2.424999 3.000001
v 1.400000 -2.174999 3.000001
v 1.350000 0.375001 3.050001
v 1.700000 0.375001 3.050001
v -1.600000 0.425000 3.050001
v 1.650000 0.425000 3.050001
v -1.700000 1.025000 3.050001
v 1.700000 1.025000 3.050001
v 0.850000 1.825000 3.050001
v 0.800000 1.875000 3.050001
v -0.650000 2.175000 3.050001
v 0.850000 2.325001 3.050000
v 1.300000 2.325001 3.050000
v 1.250000 2.375000 3.050000
v 1.300000 2.475000 3.050000
v -0.550000 -1.225000 3.100001
v -1.700000 -0.575000 3.100001
v -1.650000 -0.575000 3.100001
v 1.650000 -0.575000 3.100001
v -1.650000 -0.174999 3.100001
v 1.700000 -0.124999 3.100001
v -1.550000 0.375001 3.100001
v 1.350000 0.375001 3.100001
v 1.550000 0.375001 3.100001
v 1.700000 0.375001 3.100001
v 1.650000 0.425000 3.100001
v -1.600000 0.475001 3.100001
v 1.600000 0.475001 3.100001
v -0.200000 0.575000 3.100001
v 0.300000 0.675000 3.100001
v -0.650000 2.375000 3.200000
v -0.650000 2.475000 3.200000
v 0.650000 2.475000 3.200000
v -0.550000 -1.824999 3.250001
v 0.550000 -1.824999 3.250001
v -0.550000 -1.524999 3.250001
v 0.550000 -1.524999 3.250001
v 1.700000 0.375001 3.350001
v -1.700000 0.425001 3.350001
v -1.550000 0.425001 3.350001
v 1.700000 1.025001 3.350001
v -0.650000 2.625000 3.350000
v -0.700000 -2.774999 3.400001
v 0.700000 -2.774999 3.400001
v -0.600000 -2.724999 3.400001
v -0.350000 -2.724999 3.400001
v -0.100000 -2.724999 3.400001
v -0.050000 -2.724999 3.400001
v 0.100000 -2.724999 3.400001
v 0.150000 -2.724999 3.400001
v -0.350000 -2.674999 3.400001
v 0.100000 -2.674999 3.400001
v -1.150000 -2.575000 3.400001
v -0.700000 -2.575000 3.400001
v -1.050000 -2.524999 3.400001
v -0.900000 -2.524999 3.400001
v -0.650000 -2.524999 3.400001
v 0.850000 -2.524999 3.400001
v 1.050000 -2.524999 3.400001
v -1.100000 -2.474999 3.400001
v -0.800000 -2.474999 3.400001
v 0.800000 -2.474999 3.400001
v 1.050000 -2.474999 3.400001
v 1.150000 -2.474999 3.400001
v -1.150000 -2.424999 3.400001
v 1.300000 -2.424999 3.400001
v -1.200000 -2.224999 3.400001
v -1.600000 -2.174999 3.400001
v 1.600000 -2.174999 3.400001
v -1.550000 -2.125000 3.400001
v -1.500000 -2.125000 3.400001
v -1.500000 -2.075000 3.400001
v 1.550000 -2.075000 3.400001
v -0.550000 -1.824999 3.400001
v -1.550000 -1.474999 3.400001
v -1.500000 -1.424999 3.400001
v 1.550000 -1.424999 3.400001
v -1.600000 -0.874999 3.400001
v -1.200000 -0.874999 3.400001
v -1.600000 -0.624999 3.400001
v -1.600000 0.375001 3.400001
v 1.750000 0.375001 3.400001
v 0.800000 1.875001 3.400001
v 1.300000 2.275000 3.400000
v 1.350000 2.275000 3.400000
v 1.250000 2.325001 3.400000
v -1.850000 2.475000 3.450000
v -1.850000 4.525001 3.450000
v -1.900000 4.575000 3.450000
v 0.850000 1.875001 3.550001
v 1.100000 1.925001 3.550001
v 1.100000 1.975001 3.550001
v 1.200000 1.975001 3.550001
v 1.150000 2.025000 3.550001
v 1.100000 2.175000 3.550001
v -1.750000 2.625000 3.550000
v -0.650000 2.625000 3.550000
v 1.750000 2.725000 3.550000
v 1.850000 2.725000 3.550000
v 1.750000 2.825001 3.550000
v 1.850000 2.825001 3.550000
v 0.150000 3.075001 3.550000
v 1.750000 3.075001 3.550000
v -0.150000 3.375000 3.550000
v 0.150000 3.375000 3.550000
v -1.650000 3.425000 3.550000
v -1.750000 3.525000 3.550000
v -0.650000 3.525000 3.550000
v 1.850000 3.525000 3.550000
v -1.850000 3.625000 3.550000
v -1.750000 3.725000 3.550000
v 1.850000 3.725000 3.550000
v -1.850000 3.825000 3.550000
v -1.750000 3.825000 3.550000
v 0.550000 3.825000 3.550000
v -1.850000 3.975000 3.550000
v 1.750000 3.975000 3.550000
v 1.850000 3.975000 3.550000
v 1.750000 4.075000 3.550000
v -1.750000 4.175000 3.550000
v -1.150000 4.175000 3.550000
v -0.650000 4.175000 3.550000
v 1.850000 4.175000 3.550000
v -1.750000 4.275001 3.550000
v 1.850000 4.275001 3.550000
v 0.850000 1.775001 3.600001
v 1.250000 1.775001 3.600001
v 0.800000 1.825001 3.600001
v 1.250000 1.825001 3.600001
v 0.800000 1.875001 3.600001
v 1.250000 1.875001 3.600001
v 1.300000 1.875001 3.600001
v 1.350000 1.875001 3.600001
v 0.850000 2.325001 3.600000
v 1.300000 2.325001 3.600000
v 1.250000 2.375000 3.600000
v 1.100000 1.925001 3.650001
v 0.600000 -2.674999 3.700001
v -1.150000 -2.424999 3.700001
v 1.200000 -2.424999 3.700001
v -1.250000 -2.174999 3.700001
v -1.100000 -2.024999 3.700001
v 1.450000 -2.024999 3.700001
v -1.750000 -0.874999 3.700001
v 1.750000 -0.874999 3.700001
v -1.750000 -0.624999 3.700001
v 1.600000 -0.624999 3.700001
v 1.750000 -0.624999 3.700001
v 1.000000 2.075001 3.700001
v 1.050000 2.125001 3.700001
v -0.550000 3.375001 3.700000
v 0.550000 3.375001 3.700000
v -1.150000 4.525001 3.700000
v 1.150000 4.575000 3.700000
v 1.050000 2.125001 3.750000
v 1.800000 2.625001 3.800000
v 1.750000 2.725001 3.800000
v -1.800000 2.825001 3.800000
v 1.750000 2.825001 3.800000
v -1.750000 2.925001 3.800000
v 1.750000 2.925001 3.800000
v -1.800000 3.075001 3.800000
v 1.800000 3.075001 3.800000
v 1.800000 3.175001 3.800000
v -1.800000 3.525001 3.800000
v 1.750000 3.525001 3.800000
v -1.750000 3.725001 3.800000
v 1.800000 3.725001 3.800000
v 1.750000 3.825001 3.800000
v -1.800000 4.075000 3.800000
v 1.750000 4.075000 3.800000
v 1.800000 4.075000 3.800000
v -1.800000 4.275001 3.800000
v 1.750000 4.275001 3.800000
v -1.900000 2.475001 3.850000
v 1.900000 2.475001 3.850000
v 1.350000 4.425000 3.850000
v 1.800000 4.425000 3.850000
v -1.650000 4.475000 3.850000
v -1.350000 4.475000 3.850000
v 1.650000 4.475000 3.850000
v -1.900000 4.575000 3.850000
v -1.700000 3.525001 3.900000
v -1.200000 3.525001 3.900000
v -0.650000 3.525001 3.900000
v -1.650000 3.575001 3.900000
v -0.900000 3.775001 3.900000
v -1.100000 3.975001 3.900000
v -0.900000 3.975001 3.900000
v -0.800000 4.025001 3.900000
v -1.700000 4.175000 3.900000
v -1.150000 4.175000 3.900000
v -0.950000 4.175000 3.900000
v -0.350000 4.375000 3.900000
v 0.650000 4.375000 3.900000
v 0.850000 4.375000 3.900000
v -0.550000 4.425000 3.900000
v 0.350000 4.425000 3.900000
v 0.850000 4.425000 3.900000
v 0.150000 3.075001 3.950000
v -0.100000 3.325001 3.950000
v -0.150000 3.375001 3.950000
v 0.050000 3.375001 3.950000
v 0.150000 3.375001 3.950000
v -1.650000 4.475000 3.950000
v -1.550000 4.475000 3.950000
v 1.650000 4.475000 3.950000
v 1.550000 4.525001 3.950000
v -1.250000 3.125001 4.000000
v -1.300000 3.175001 4.000000
v -1.150000 3.175001 4.000000
v -1.300000 3.325001 4.000000
v -1.000000 3.425001 4.000000
v -1.550000 4.475000 4.000000
v -1.350000 4.475000 4.000000
v 1.350000 4.525001 4.000000
v 1.550000 4.525001 4.000000
v -0.800000 4.025001 4.050000
v -0.900000 4.075000 4.050000
v -1.350000 4.375000 4.050000
v -1.250000 4.375000 4.050000
v -1.300000 4.475000 4.050000
v 1.300000 4.475000 4.100000
v -0.200000 0.175001 4.150001
v 0.200000 0.175001 4.150001
v 0.200000 0.575001 4.150001
v -1.150000 3.175001 4.150001
v -1.250000 3.225001 4.150001
v -1.200000 3.225001 4.150001
v -1.250000 3.275001 4.150001
v -1.200000 3.275001 4.150001
v 0.100000 3.325001 4.150001
v 0.250000 3.325001 4.150001
v 0.050000 3.425001 4.150001
v 0.250000 3.425001 4.150001
v -1.100000 3.775001 4.150001
v -0.950000 3.925001 4.150001
v -0.550000 3.325001 4.200000
v -0.350000 3.325001 4.200000
v -0.950000 4.375000 4.200000
v 0.950000 4.375000 4.200000
v -1.050000 4.475000 4.200000
v 1.050000 4.475000 4.200000
v -1.100000 4.525001 4.200000
v 1.050000 4.525001 4.200000
v -0.950000 4.625000 4.200000
v 1.250000 4.625000 4.200000
v -1.450000 2.925001 4.250000
v -1.250000 2.925001 4.250000
v -1.300000 3.075001 4.250000
v -1.250000 3.125001 4.250000
v -1.200000 3.225001 4.250000
v -1.200000 3.275001 4.250000
v -1.500000 3.825001 4.250000
v -1.100000 4.475000 4.250000
v 1.100000 4.475000 4.250000
v -1.050000 4.525001 4.250000
v -0.950000 3.825001 4.300000
v -1.050000 3.925001 4.300000
v -0.950000 3.925001 4.300000
v -0.750000 4.475000 4.300000
v 0.750000 4.475000 4.300000
v 0.800000 4.475000 4.300000
v -0.650000 4.625000 4.300000
v 0.950000 4.625000 4.300000
v -1.450000 3.875001 4.350000
v -1.400000 3.925001 4.350000
v -0.650000 4.375000 4.350000
v 0.350000 4.375000 4.350000
v -0.750000 4.475000 4.350000
v -0.450000 4.475000 4.350000
v 0.750000 4.475000 4.350000
v -0.800000 4.525001 4.350000
v -0.550000 4.525001 4.350000
v 0.450000 4.525001 4.350000
v 0.550000 4.525001 4.350000
v 0.750000 4.525001 4.350000
v -1.400000 3.075001 4.400001
v -1.500000 3.975001 4.400001
v -0.150000 4.475001 4.400000
v 0.200000 4.525001 4.400000
v 0.150000 4.575001 4.400000
v -0.050000 3.125001 4.450000
v 0.050000 3.125001 4.450000
v -0.250000 3.425001 4.450000
v -0.050000 3.425001 4.450000
v -0.050000 3.475001 4.450000
v -0.150000 4.525001 4.450000
v -0.100000 3.125001 4.500000
v 0.100000 3.125001 4.500000
v 0.100000 3.325001 4.500000
v -0.150000 4.475001 4.500000
v -0.050000 4.525001 4.500000
v 0.050000 4.525001 4.500000
v 0.050000 4.475001 4.550000
v -0.550000 3.375001 4.650001
v -0.300000 3.375001 4.650001
v 0.550000 3.375001 4.650001
v 0.250000 3.425001 4.650001
v -0.100000 0.025001 4.750001
v -0.150000 0.075001 4.750001
v 0.050000 0.075001 4.750001
v 0.100000 0.075001 4.750001
v -0.150000 0.225001 4.750001
v -0.100000 0.275001 4.750001
v -0.050000 3.425001 4.750000
v 0.000000 3.425001 4.750000
v 0.200000 3.425001 4.750000
v 0.050000 0.225001 4.850001
v 0.100000 0.225001 4.850001
v 0.150000 0.225001 4.850001
v -0.100000 0.275001 4.850001
v -0.050000 3.375001 4.950000
v 0.250000 3.375001 4.950000
v -0.200000 3.425001 4.950000
v 0.250000 3.425001 4.950000
v 0.100000 0.025001 5.000001
v 0.000000 0.125001 5.000001
v -0.050000 0.175001 5.000001
v -0.150000 0.275001 5.000001
v -0.100000 0.275001 5.000001
v -0.050000 0.075001 5.100001
v -0.100000 0.125001 5.100001
v 0.000000 0.125001 5.100001
v 0.000000 0.275001 5.100001
v -0.800000 0.175001 5.550001
v 0.800000 0.175001 5.550001
v -0.800000 0.275001 5.550001
v 0.800000 0.275001 5.550001
v 0.150000 0.525001 5.550001
v -0.300000 0.075001 6.450001
v -0.050000 0.075001 6.450001
v 0.050000 0.075001 6.450001
v -0.300000 0.125001 6.450001
v -0.100000 0.125001 6.450001
v 0.100000 0.125001 6.450001
v -0.300000 0.225001 6.450001
v 0.250000 0.225001 6.450001
v 0.300000 0.225001 6.450001
v -0.250000 0.275001 6.450001
v 0.050000 0.325001 6.450001
v 0.050000 0.375001 6.450001
v 0.050000 0.425001 6.450001
v -0.250000 0.475001 6.450001
v -0.350000 0.725001 6.450001
v 0.050000 0.375001 6.600001
v -0.250000 0.125001 6.650001
v 0.300000 0.575001 6.650001
v -0.050000 0.475001 6.750001
v 0.100000 0.475001 7.550001
v -0.050000 0.525001 7.550001
v -1.900000 1.975000 2.700001
v -0.700000 -2.625000 3.000001
v -0.150000 4.475001 4.450000
v -0.050000 3.375001 4.450000
v -1.050000 -2.474999 3.600001
v 0.050000 3.425001 4.350000
v 0.150000 4.475001 4.450000
v -1.850000 1.975000 2.700001
v 0.250000 3.325001 4.650001
v 0.050000 3.375001 4.350000
v -0.250000 0.125001 6.600001
v 0.250000 0.125001 6.600001
v -1.900000 2.025000 2.700001
v 1.900000 2.025000 2.700001
v -0.050000 3.425001 4.350000
v -1.800000 1.925000 2.600001
v 1.800000 2.075001 2.600001
v -1.850000 -0.325000 2.650001
v 1.900000 1.975000 2.700001
v 1.850000 2.025000 2.700001
v -1.600000 -0.874999 3.450001
v 0.650000 -2.674999 3.600001
v 0.300000 0.125001 6.600001
v 1.800000 1.925000 2.400001
v 1.850000 -0.325000 2.450001
v 2.000000 -0.325000 2.450001
v 1.600000 -0.874999 3.700001
v 0.150000 4.525001 4.450000
v -0.100000 0.075001 4.750001
v 0.050000 0.225001 4.750001
v 0.700000 0.475001 7.550001
vn -1.0000 -0.0000 -0.0000
vn 1.0000 -0.0000 -0.0000
vn -0.0000 -1.0000 -0.0000
vn -0.0000 1.0000 -0.0000
vn -0.0000 -0.0000 -1.0000
vn 0.0001 -0.0000 -1.0000
vn -0.0001 -0.0000 -1.0000
vn -0.0002 -0.0000 -1.0000
vn 0.0002 -0.0000 -1.0000
vn -0.0000 -0.0000 1.0000
vn -0.0001 -0.0000 1.0000
vn 0.0001 -0.0000 1.0000
vn -0.0002 -0.0000 1.0000
vt 0.411335 0.947138
vt 0.412684 0.941745
vt 0.412684 0.948486
vt 0.411335 0.943093
vt 0.405971 0.947138
vt 0.405971 0.943093
vt 0.404623 0.948486
vt 0.404623 0.941745
vt 0.882669 0.947056
vt 0.884018 0.941663
vt 0.884018 0.948404
vt 0.882669 0.943011
vt 0.721029 0.245505
vt 0.723715 0.186101
vt 0.723715 0.245505
vt 0.721029 0.186101
vt 0.877305 0.947056
vt 0.877305 0.943011
vt 0.505984 0.967858
vt 0.501939 0.962478
vt 0.505984 0.962478
vt 0.501939 0.967858
vt 0.875957 0.948404
vt 0.875957 0.941663
vt 0.986136 0.998312
vt 0.987483 0.996965
vt 0.987483 0.998312
vt 0.986136 0.996965
vt 0.286970 0.967767
vt 0.282925 0.962388
vt 0.286970 0.962388
vt 0.282925 0.967767
vt 0.921111 0.998157
vt 0.922457 0.996810
vt 0.922457 0.998157
vt 0.921111 0.996810
vt 0.995936 0.692481
vt 0.997283 0.691135
vt 0.997283 0.692481
vt 0.995936 0.691135
vt 0.605589 0.990833
vt 0.606936 0.989486
vt 0.606936 0.990833
vt 0.605589 0.989486
vt 0.386162 0.741842
vt 0.388855 0.683939
vt 0.388855 0.741842
vt 0.386162 0.683939
vt 0.958527 0.239430
vt 0.963906 0.234037
vt 0.963906 0.239430
vt 0.958527 0.234037
vt 0.957528 0.181076
vt 0.962908 0.175683
vt 0.962908 0.181076
vt 0.957528 0.175683
vt 0.957699 0.204223
vt 0.963078 0.198830
vt 0.963078 0.204223
vt 0.957699 0.198830
vt 0.935455 0.459242
vt 0.934106 0.451176
vt 0.935455 0.451176
vt 0.934106 0.459242
vt 0.072643 0.260095
vt 0.073989 0.258748
vt 0.073989 0.260095
vt 0.072643 0.258748
vt 0.455642 0.279866
vt 0.462358 0.279866
vt 0.462358 0.286610
vt 0.499264 0.228626
vt 0.505980 0.223231
vt 0.505980 0.228626
vt 0.499264 0.223231
vt 0.488361 0.228626
vt 0.495077 0.223231
vt 0.495077 0.228626
vt 0.488361 0.223231
vt 0.502982 0.211565
vt 0.509698 0.206170
vt 0.509698 0.211565
vt 0.502982 0.206170
vt 0.449298 0.735534
vt 0.456014 0.728790
vt 0.456014 0.735534
vt 0.508012 0.554579
vt 0.509359 0.553233
vt 0.509359 0.554579
vt 0.508012 0.553233
vt 0.925296 0.998157
vt 0.926642 0.996810
vt 0.926642 0.998157
vt 0.925296 0.996810
vt 0.454293 0.286610
vt 0.455642 0.278517
vt 0.454293 0.278517
vt 0.497915 0.229975
vt 0.499264 0.221882
vt 0.499264 0.229975
vt 0.497915 0.221882
vt 0.487012 0.229975
vt 0.488361 0.221882
vt 0.488361 0.229975
vt 0.487012 0.221882
vt 0.501634 0.212914
vt 0.502982 0.204822
vt 0.502982 0.212914
vt 0.501634 0.204822
vt 0.447949 0.736883
vt 0.449298 0.736883
vt 0.447949 0.728790
vt 0.728800 0.366975
vt 0.744931 0.310320
vt 0.744931 0.366975
vt 0.728800 0.310320
vt 0.730477 0.706694
vt 0.731824 0.706694
vt 0.731824 0.713427
vt 0.730477 0.704001
vt 0.731824 0.701308
vt 0.731824 0.704001
vt 0.730477 0.701308
vt 0.730477 0.697268
vt 0.731824 0.694575
vt 0.731824 0.697268
vt 0.730477 0.694575
vt 0.730477 0.691882
vt 0.731824 0.689188
vt 0.731824 0.691882
vt 0.730477 0.689188
vt 0.730477 0.685149
vt 0.731824 0.682455
vt 0.731824 0.685149
vt 0.730477 0.682455
vt 0.730477 0.679762
vt 0.731824 0.677069
vt 0.731824 0.679762
vt 0.730477 0.677069
vt 0.730477 0.673029
vt 0.731824 0.670336
vt 0.731824 0.673029
vt 0.730477 0.670336
vt 0.730477 0.667643
vt 0.731824 0.664950
vt 0.731824 0.667643
vt 0.730477 0.664950
vt 0.730477 0.660910
vt 0.731824 0.656870
vt 0.731824 0.660910
vt 0.729131 0.713427
vt 0.729131 0.656870
vt 0.965754 0.189294
vt 0.964406 0.183915
vt 0.965754 0.183915
vt 0.964406 0.189294
vt 0.966216 0.564573
vt 0.964868 0.559194
vt 0.966216 0.559194
vt 0.964868 0.564573
vt 0.935943 0.751010
vt 0.929198 0.744293
vt 0.935943 0.744293
vt 0.934594 0.751010
vt 0.930547 0.751010
vt 0.929198 0.751010
vt 0.935625 0.635684
vt 0.928879 0.628967
vt 0.935625 0.628967
vt 0.934276 0.635684
vt 0.930228 0.635684
vt 0.928879 0.635684
vt 0.936126 0.729200
vt 0.929380 0.722482
vt 0.936126 0.722482
vt 0.934777 0.729200
vt 0.930729 0.729200
vt 0.929380 0.729200
vt 0.936167 0.549371
vt 0.929422 0.542653
vt 0.936167 0.542653
vt 0.934818 0.549371
vt 0.930771 0.549371
vt 0.929422 0.549371
vt 0.934594 0.752359
vt 0.930547 0.752359
vt 0.934276 0.637033
vt 0.930228 0.637033
vt 0.934777 0.730549
vt 0.930729 0.730549
vt 0.934818 0.550720
vt 0.930771 0.550720
vt 0.742746 0.521163
vt 0.745443 0.472622
vt 0.745443 0.527905
vt 0.742746 0.518467
vt 0.742746 0.515770
vt 0.742746 0.511725
vt 0.742746 0.509028
vt 0.742746 0.506331
vt 0.742746 0.503635
vt 0.742746 0.499589
vt 0.742746 0.496893
vt 0.742746 0.494196
vt 0.742746 0.491499
vt 0.742746 0.487454
vt 0.742746 0.484757
vt 0.742746 0.482061
vt 0.742746 0.479364
vt 0.742746 0.475319
vt 0.737381 0.527905
vt 0.737381 0.521163
vt 0.737381 0.518467
vt 0.737381 0.515770
vt 0.737381 0.511725
vt 0.737381 0.509028
vt 0.737381 0.506331
vt 0.737381 0.503635
vt 0.737381 0.499589
vt 0.737381 0.496893
vt 0.737381 0.494196
vt 0.737381 0.491499
vt 0.737381 0.487454
vt 0.737381 0.484757
vt 0.737381 0.482061
vt 0.737381 0.479364
vt 0.737381 0.475319
vt 0.737381 0.472622
vt 0.326153 0.899359
vt 0.340937 0.893963
vt 0.340937 0.899359
vt 0.326153 0.893963
vt 0.597449 0.019794
vt 0.592053 0.000977
vt 0.597449 0.000977
vt 0.592053 0.019794
vt 0.890889 0.469462
vt 0.885493 0.453331
vt 0.890889 0.453331
vt 0.885493 0.469462
vt 0.965992 0.088402
vt 0.964643 0.083023
vt 0.965992 0.083023
vt 0.964643 0.088402
vt 0.894177 0.967366
vt 0.892828 0.961986
vt 0.894177 0.961986
vt 0.892828 0.967366
vt 0.273281 0.667567
vt 0.239565 0.667567
vt 0.239565 0.633964
vt 0.275959 0.667567
vt 0.273281 0.686511
vt 0.275959 0.686511
vt 0.278665 0.667567
vt 0.281371 0.667567
vt 0.278665 0.686511
vt 0.281371 0.686511
vt 0.284049 0.667567
vt 0.286756 0.667567
vt 0.284049 0.686511
vt 0.286756 0.686511
vt 0.289434 0.667567
vt 0.292140 0.667567
vt 0.289434 0.686511
vt 0.292140 0.686511
vt 0.294846 0.667567
vt 0.297524 0.646142
vt 0.294846 0.686511
vt 0.297524 0.647496
vt 0.297524 0.667567
vt 0.297524 0.686511
vt 0.298877 0.646142
vt 0.298877 0.647496
vt 0.300231 0.667567
vt 0.302937 0.667567
vt 0.300231 0.686511
vt 0.302937 0.686511
vt 0.306968 0.640730
vt 0.306968 0.667567
vt 0.308321 0.640730
vt 0.315059 0.633964
vt 0.308321 0.667567
vt 0.315059 0.667567
vt 0.943664 0.306065
vt 0.950383 0.299318
vt 0.950383 0.306065
vt 0.943664 0.299318
vt 0.511920 0.641578
vt 0.539174 0.630081
vt 0.561208 0.682309
vt 0.510155 0.640858
vt 0.511396 0.640335
vt 0.531476 0.694852
vt 0.505609 0.630081
vt 0.524132 0.677442
vt 0.522892 0.677965
vt 0.506966 0.643669
vt 0.506441 0.642425
vt 0.520414 0.679011
vt 0.505201 0.642948
vt 0.500654 0.632171
vt 0.456329 0.949637
vt 0.461708 0.942896
vt 0.461708 0.949637
vt 0.456329 0.942896
vt 0.625303 0.949553
vt 0.630683 0.942811
vt 0.630683 0.949553
vt 0.625303 0.942811
vt 0.890416 0.795509
vt 0.895796 0.780678
vt 0.895796 0.795509
vt 0.890416 0.780678
vt 0.517937 0.680056
vt 0.515460 0.681101
vt 0.512982 0.682146
vt 0.510505 0.683191
vt 0.496341 0.649616
vt 0.495816 0.648372
vt 0.508027 0.684236
vt 0.493863 0.650661
vt 0.505550 0.685281
vt 0.493339 0.649417
vt 0.503070 0.686328
vt 0.492390 0.664466
vt 0.491865 0.663222
vt 0.500592 0.687373
vt 0.491149 0.664989
vt 0.490625 0.663746
vt 0.498115 0.688418
vt 0.495638 0.689463
vt 0.883814 0.906058
vt 0.882467 0.903365
vt 0.883814 0.903365
vt 0.882467 0.906058
vt 0.493685 0.691752
vt 0.496162 0.690706
vt 0.478471 0.655689
vt 0.996878 0.142952
vt 0.995531 0.141606
vt 0.996878 0.141606
vt 0.995531 0.142952
vt 0.995146 0.044176
vt 0.996493 0.042830
vt 0.996493 0.044176
vt 0.995146 0.042830
vt 0.930986 0.952251
vt 0.929636 0.950902
vt 0.930986 0.950902
vt 0.930986 0.957621
vt 0.929636 0.957621
vt 0.795385 0.449732
vt 0.802104 0.410600
vt 0.802104 0.449732
vt 0.795385 0.410600
vt 0.859478 0.424739
vt 0.868890 0.407207
vt 0.868890 0.424739
vt 0.859478 0.407207
vt 0.361845 0.707156
vt 0.362654 0.700488
vt 0.363994 0.700650
vt 0.336119 0.717571
vt 0.306939 0.700488
vt 0.330763 0.716921
vt 0.323742 0.718779
vt 0.318386 0.718128
vt 0.347686 0.723038
vt 0.342329 0.722388
vt 0.360754 0.727329
vt 0.359415 0.727166
vt 0.359252 0.728506
vt 0.347199 0.727042
vt 0.341843 0.726391
vt 0.335147 0.725578
vt 0.329790 0.724928
vt 0.323094 0.724114
vt 0.317738 0.723464
vt 0.304346 0.721838
vt 0.439204 0.278427
vt 0.440550 0.259575
vt 0.440550 0.278427
vt 0.439204 0.259575
vt 0.242792 0.418878
vt 0.244141 0.418878
vt 0.244141 0.420227
vt 0.021621 0.041618
vt 0.024307 0.022717
vt 0.024307 0.041618
vt 0.021621 0.022717
vt 0.027137 0.019878
vt 0.029824 0.000977
vt 0.029824 0.019878
vt 0.027137 0.000977
vt 0.232040 0.420227
vt 0.242792 0.406736
vt 0.232040 0.406736
vt 0.223793 0.929408
vt 0.234544 0.922662
vt 0.234544 0.929408
vt 0.223793 0.922662
vt 0.500896 0.929084
vt 0.511647 0.922338
vt 0.511647 0.929084
vt 0.500896 0.922338
vt 0.047592 0.524531
vt 0.058344 0.511039
vt 0.058344 0.524531
vt 0.047592 0.511039
vt 0.021612 0.513615
vt 0.024299 0.494714
vt 0.024299 0.513615
vt 0.021612 0.494714
vt 0.298515 0.178855
vt 0.301208 0.160002
vt 0.301208 0.178855
vt 0.298515 0.160002
vt 0.385143 0.536972
vt 0.387836 0.518120
vt 0.387836 0.536972
vt 0.385143 0.518120
vt 0.735477 0.995525
vt 0.736824 0.994178
vt 0.736824 0.995525
vt 0.735477 0.994178
vt 0.266527 0.598954
vt 0.265181 0.596261
vt 0.266527 0.596261
vt 0.265181 0.598954
vt 0.047592 0.491870
vt 0.059683 0.472974
vt 0.059683 0.491870
vt 0.047592 0.472974
vt 0.263788 0.553317
vt 0.273200 0.539831
vt 0.273200 0.553317
vt 0.263788 0.539831
vt 0.965492 0.496339
vt 0.964144 0.490960
vt 0.965492 0.490960
vt 0.964144 0.496339
vt 0.629636 0.346267
vt 0.699750 0.311302
vt 0.699750 0.346267
vt 0.629636 0.311302
vt 0.041407 0.808735
vt 0.076379 0.815476
vt 0.041407 0.815476
vt 0.076379 0.808735
vt 0.079218 0.811099
vt 0.112945 0.827229
vt 0.079218 0.827229
vt 0.112945 0.811099
vt 0.626516 0.995423
vt 0.627862 0.994076
vt 0.627862 0.995423
vt 0.626516 0.994076
vt 0.722921 0.995346
vt 0.724268 0.994000
vt 0.724268 0.995346
vt 0.722921 0.994000
vt 0.994512 0.980370
vt 0.993166 0.979023
vt 0.994512 0.979023
vt 0.993166 0.980370
vt 0.727328 0.594538
vt 0.743457 0.537877
vt 0.743457 0.594538
vt 0.727328 0.537877
vt 0.498409 0.974750
vt 0.502434 0.970696
vt 0.502434 0.974750
vt 0.498409 0.970696
vt 0.140184 0.991294
vt 0.138834 0.988606
vt 0.140184 0.988606
vt 0.138834 0.991294
vt 0.621147 0.086297
vt 0.619798 0.072856
vt 0.621147 0.072856
vt 0.619798 0.086297
vt 0.000977 0.746949
vt 0.056295 0.752325
vt 0.000977 0.752325
vt 0.056295 0.746949
vt 0.951969 0.877848
vt 0.946572 0.871129
vt 0.951969 0.871129
vt 0.946572 0.877848
vt 0.983033 0.588139
vt 0.981686 0.585446
vt 0.983033 0.585446
vt 0.981686 0.588139
vt 0.717260 0.840384
vt 0.734800 0.845760
vt 0.717260 0.845760
vt 0.711863 0.835008
vt 0.711863 0.840384
vt 0.709165 0.829632
vt 0.709165 0.835008
vt 0.734800 0.829632
vt 0.824873 0.612405
vt 0.812731 0.581490
vt 0.824873 0.581490
vt 0.812731 0.612405
vt 0.716012 0.982581
vt 0.713310 0.978556
vt 0.716012 0.978556
vt 0.713310 0.982581
vt 0.992273 0.463244
vt 0.993620 0.461897
vt 0.993620 0.463244
vt 0.992273 0.461897
vt 0.992273 0.454873
vt 0.993620 0.453527
vt 0.993620 0.454873
vt 0.992273 0.453527
vt 0.272929 0.002324
vt 0.270234 0.000977
vt 0.272929 0.000977
vt 0.271581 0.002324
vt 0.275625 0.004992
vt 0.275625 0.002324
vt 0.276973 0.002324
vt 0.271581 0.004992
vt 0.274277 0.009035
vt 0.274277 0.004992
vt 0.272929 0.009035
vt 0.272929 0.004992
vt 0.276973 0.010383
vt 0.270234 0.010383
vt 0.955003 0.120979
vt 0.953654 0.114260
vt 0.955003 0.114260
vt 0.953654 0.120979
vt 0.921855 0.631588
vt 0.915114 0.620829
vt 0.921855 0.620829
vt 0.915114 0.631588
vt 0.043266 0.545074
vt 0.044613 0.543727
vt 0.044613 0.545074
vt 0.043266 0.543727
vt 0.972399 0.005030
vt 0.976425 0.000977
vt 0.976425 0.005030
vt 0.972399 0.000977
vt 0.944099 0.148199
vt 0.950817 0.141452
vt 0.950817 0.148199
vt 0.944099 0.141452
vt 0.128084 0.945374
vt 0.129407 0.945374
vt 0.129407 0.948076
vt 0.128084 0.944024
vt 0.129407 0.941323
vt 0.129407 0.944024
vt 0.125383 0.948076
vt 0.125383 0.941323
vt 0.530564 0.725700
vt 0.529217 0.723007
vt 0.530564 0.723007
vt 0.529217 0.725700
vt 0.957875 0.125427
vt 0.963255 0.120034
vt 0.963255 0.125427
vt 0.957875 0.120034
vt 0.510009 0.868988
vt 0.511356 0.848789
vt 0.511356 0.868988
vt 0.510009 0.848789
vt 0.992449 0.023250
vt 0.993795 0.021903
vt 0.993795 0.023250
vt 0.992449 0.021903
vt 0.589012 0.635354
vt 0.587665 0.632661
vt 0.589012 0.632661
vt 0.587665 0.635354
vt 0.179000 0.973528
vt 0.183026 0.969475
vt 0.183026 0.973528
vt 0.179000 0.969475
vt 0.971475 0.110448
vt 0.972821 0.106408
vt 0.972821 0.110448
vt 0.971475 0.106408
vt 0.859419 0.765604
vt 0.868832 0.748073
vt 0.868832 0.765604
vt 0.859419 0.748073
vt 0.553382 0.956892
vt 0.553382 0.951524
vt 0.554730 0.951524
vt 0.554730 0.958241
vt 0.552033 0.956892
vt 0.552033 0.958241
vt 0.951752 0.485235
vt 0.946354 0.478516
vt 0.951752 0.478516
vt 0.946354 0.485235
vt 0.981951 0.994868
vt 0.983297 0.993521
vt 0.983297 0.994868
vt 0.981951 0.993521
vt 0.987264 0.814466
vt 0.988611 0.811773
vt 0.988611 0.814466
vt 0.987264 0.811773
vt 0.984219 0.421640
vt 0.981517 0.417615
vt 0.984219 0.417615
vt 0.981517 0.421640
vt 0.966323 0.797105
vt 0.963625 0.791729
vt 0.966323 0.791729
vt 0.963625 0.797105
vt 0.810106 0.973564
vt 0.814131 0.969510
vt 0.814131 0.973564
vt 0.810106 0.969510
vt 0.736943 0.951244
vt 0.739636 0.944511
vt 0.739636 0.951244
vt 0.736943 0.944511
vt 0.080839 0.980920
vt 0.079493 0.976880
vt 0.080839 0.976880
vt 0.079493 0.980920
vt 0.898377 0.899317
vt 0.905094 0.893920
vt 0.905094 0.906062
vt 0.898377 0.893920
vt 0.892995 0.906062
vt 0.892995 0.899317
vt 0.071691 0.994822
vt 0.070345 0.993476
vt 0.071691 0.993476
vt 0.070345 0.994822
vt 0.051972 0.974193
vt 0.050622 0.968821
vt 0.051972 0.968821
vt 0.050622 0.974193
vt 0.684732 0.760897
vt 0.683385 0.758204
vt 0.684732 0.758204
vt 0.683385 0.760897
vt 0.953891 0.755993
vt 0.952541 0.749274
vt 0.953891 0.749274
vt 0.952541 0.755993
vt 0.918506 0.993972
vt 0.919853 0.992625
vt 0.919853 0.993972
vt 0.918506 0.992625
vt 0.600665 0.648911
vt 0.603358 0.647564
vt 0.603358 0.651604
vt 0.600665 0.647564
vt 0.599319 0.651604
vt 0.599319 0.648911
vt 0.903942 0.859633
vt 0.895875 0.871774
vt 0.895875 0.859633
vt 0.903942 0.860982
vt 0.905284 0.860982
vt 0.905284 0.871774
vt 0.775572 0.043983
vt 0.768826 0.000977
vt 0.775572 0.000977
vt 0.768826 0.043983
vt 0.300864 0.893336
vt 0.299709 0.884802
vt 0.304329 0.887586
vt 0.299709 0.892640
vt 0.296245 0.890553
vt 0.302242 0.898889
vt 0.304329 0.895424
vt 0.297622 0.896105
vt 0.960458 0.080191
vt 0.961805 0.074805
vt 0.961805 0.080191
vt 0.960458 0.074805
vt 0.965992 0.080184
vt 0.964643 0.074805
vt 0.965992 0.074805
vt 0.964643 0.080184
vt 0.300707 0.344246
vt 0.296685 0.352347
vt 0.296685 0.344246
vt 0.300707 0.349646
vt 0.304757 0.349646
vt 0.304757 0.352347
vt 0.035128 0.028159
vt 0.037281 0.023063
vt 0.038357 0.023874
vt 0.034051 0.027347
vt 0.037546 0.031670
vt 0.038357 0.030594
vt 0.033239 0.028423
vt 0.187081 0.252852
vt 0.185733 0.243440
vt 0.187081 0.243440
vt 0.185733 0.252852
vt 0.607823 0.490785
vt 0.609169 0.484052
vt 0.609169 0.490785
vt 0.607823 0.484052
vt 0.615767 0.772115
vt 0.614420 0.769422
vt 0.615767 0.769422
vt 0.614420 0.772115
vt 0.972073 0.537394
vt 0.970723 0.532022
vt 0.972073 0.532022
vt 0.970723 0.537394
vt 0.613267 0.912899
vt 0.617309 0.904814
vt 0.617309 0.915594
vt 0.613267 0.904814
vt 0.609252 0.915594
vt 0.609252 0.912899
vt 0.692934 0.517717
vt 0.696959 0.505555
vt 0.696959 0.517717
vt 0.692934 0.505555
vt 0.991450 0.820063
vt 0.992796 0.818716
vt 0.992796 0.820063
vt 0.991450 0.818716
vt 0.149593 0.345255
vt 0.150939 0.343909
vt 0.150939 0.345255
vt 0.149593 0.343909
vt 0.991243 0.765389
vt 0.992589 0.764043
vt 0.992589 0.765389
vt 0.991243 0.764043
vt 0.995635 0.828169
vt 0.996982 0.826822
vt 0.996982 0.828169
vt 0.995635 0.826822
vt 0.971456 0.195153
vt 0.970106 0.189780
vt 0.971456 0.189780
vt 0.970106 0.195153
vt 0.918838 0.486574
vt 0.917489 0.475815
vt 0.918838 0.475815
vt 0.917489 0.486574
vt 0.971456 0.203364
vt 0.970106 0.197991
vt 0.971456 0.197991
vt 0.970106 0.203364
vt 0.584731 0.077717
vt 0.586078 0.070984
vt 0.586078 0.077717
vt 0.584731 0.070984
vt 0.982733 0.333914
vt 0.981382 0.329889
vt 0.982733 0.329889
vt 0.981382 0.333914
vt 0.570828 0.063793
vt 0.572175 0.044941
vt 0.572175 0.063793
vt 0.570828 0.044941
vt 0.994400 0.961717
vt 0.995746 0.960370
vt 0.995746 0.961717
vt 0.994400 0.960370
vt 0.991751 0.706238
vt 0.993097 0.704892
vt 0.993097 0.706238
vt 0.991751 0.704892
vt 0.888118 0.734430
vt 0.884072 0.718299
vt 0.888118 0.718299
vt 0.884072 0.734430
vt 0.780189 0.878996
vt 0.788297 0.883021
vt 0.780189 0.883021
vt 0.796404 0.883021
vt 0.796404 0.878996
vt 0.652885 0.159321
vt 0.651535 0.145883
vt 0.652885 0.145883
vt 0.651535 0.159321
vt 0.975947 0.909398
vt 0.974600 0.905358
vt 0.975947 0.905358
vt 0.974600 0.909398
vt 0.318516 0.903545
vt 0.319862 0.907585
vt 0.318516 0.907585
vt 0.319862 0.903545
vt 0.323902 0.903545
vt 0.325248 0.907585
vt 0.323902 0.907585
vt 0.325248 0.903545
vt 0.315822 0.902198
vt 0.327942 0.903545
vt 0.315822 0.903545
vt 0.327942 0.902198
vt 0.954690 0.186433
vt 0.953340 0.179715
vt 0.954690 0.179715
vt 0.953340 0.186433
vt 0.148359 0.941511
vt 0.155074 0.940162
vt 0.155074 0.941511
vt 0.147011 0.942859
vt 0.148359 0.942859
vt 0.147011 0.940162
vt 0.744676 0.934957
vt 0.741979 0.933609
vt 0.744676 0.933609
vt 0.743327 0.934957
vt 0.743327 0.941672
vt 0.741979 0.941672
vt 0.924432 0.867967
vt 0.921734 0.857216
vt 0.924432 0.857216
vt 0.921734 0.867967
vt 0.840323 0.455015
vt 0.829529 0.426793
vt 0.840323 0.426793
vt 0.829529 0.455015
vt 0.990991 0.651829
vt 0.992338 0.650483
vt 0.992338 0.651829
vt 0.990991 0.650483
vt 0.915304 0.838055
vt 0.915304 0.834038
vt 0.923394 0.834038
vt 0.923394 0.844797
vt 0.915304 0.844797
vt 0.047013 0.990789
vt 0.048360 0.989442
vt 0.048360 0.990789
vt 0.047013 0.989442
vt 0.989919 0.625516
vt 0.991265 0.624170
vt 0.991265 0.625516
vt 0.989919 0.624170
vt 0.967743 0.998770
vt 0.969090 0.997424
vt 0.969090 0.998770
vt 0.967743 0.997424
vt 0.140958 0.663825
vt 0.142306 0.658434
vt 0.142306 0.665173
vt 0.140958 0.659782
vt 0.139610 0.658434
vt 0.138262 0.658434
vt 0.139610 0.651695
vt 0.138262 0.651695
vt 0.135595 0.663825
vt 0.135595 0.659782
vt 0.134247 0.665173
vt 0.134247 0.658434
vt 0.961297 0.539912
vt 0.962644 0.534525
vt 0.962644 0.539912
vt 0.961297 0.534525
vt 0.924580 0.615236
vt 0.925926 0.607157
vt 0.925926 0.615236
vt 0.924580 0.607157
vt 0.788089 0.451631
vt 0.792126 0.411205
vt 0.792126 0.451631
vt 0.788089 0.411205
vt 0.972371 0.545605
vt 0.971021 0.540233
vt 0.972371 0.540233
vt 0.971021 0.545605
vt 0.575545 0.886816
vt 0.579564 0.886816
vt 0.579564 0.892213
vt 0.574196 0.886816
vt 0.564780 0.892213
vt 0.564780 0.886816
vt 0.570005 0.883776
vt 0.584785 0.878381
vt 0.584785 0.883776
vt 0.567308 0.883776
vt 0.567308 0.878381
vt 0.198227 0.974055
vt 0.194176 0.968682
vt 0.198227 0.968682
vt 0.194176 0.974055
vt 0.880000 0.004995
vt 0.874605 0.000977
vt 0.880000 0.000977
vt 0.792057 0.088880
vt 0.790711 0.087534
vt 0.792057 0.087534
vt 0.790711 0.088880
vt 0.880000 0.015758
vt 0.878652 0.015758
vt 0.878652 0.018455
vt 0.874605 0.018455
vt 0.855291 0.386570
vt 0.851245 0.382525
vt 0.855291 0.382525
vt 0.856639 0.404044
vt 0.856639 0.386570
vt 0.851245 0.404044
vt 0.977474 0.401061
vt 0.976128 0.397021
vt 0.977474 0.397021
vt 0.976128 0.401061
vt 0.459238 0.974298
vt 0.457888 0.968926
vt 0.459238 0.968926
vt 0.457888 0.974298
vt 0.906746 0.351805
vt 0.905396 0.339714
vt 0.906746 0.339714
vt 0.905396 0.351805
vt 0.988219 0.082172
vt 0.986873 0.079479
vt 0.988219 0.079479
vt 0.986873 0.082172
vt 0.985425 0.031329
vt 0.984078 0.028636
vt 0.985425 0.028636
vt 0.984078 0.031329
vt 0.989112 0.540065
vt 0.987765 0.537371
vt 0.989112 0.537371
vt 0.987765 0.540065
vt 0.656159 0.786882
vt 0.657506 0.785535
vt 0.657506 0.786882
vt 0.656159 0.785535
vt 0.969203 0.724215
vt 0.967853 0.718843
vt 0.969203 0.718843
vt 0.967853 0.724215
vt 0.968679 0.055622
vt 0.967328 0.050250
vt 0.968679 0.050250
vt 0.967328 0.055622
vt 0.555220 0.990962
vt 0.556566 0.989615
vt 0.556566 0.990962
vt 0.555220 0.989615
vt 0.401625 0.986873
vt 0.402971 0.984180
vt 0.402971 0.986873
vt 0.401625 0.984180
vt 0.740903 0.874510
vt 0.739556 0.870470
vt 0.740903 0.870470
vt 0.739556 0.874510
vt 0.022514 0.836106
vt 0.030555 0.833406
vt 0.030555 0.836106
vt 0.022514 0.834756
vt 0.000977 0.834756
vt 0.000977 0.833406
vt 0.336211 0.731660
vt 0.334861 0.728959
vt 0.336211 0.728959
vt 0.336211 0.734332
vt 0.334861 0.734332
vt 0.939006 0.560275
vt 0.937657 0.552209
vt 0.939006 0.552209
vt 0.937657 0.560275
vt 0.355575 0.990943
vt 0.356922 0.989596
vt 0.356922 0.990943
vt 0.355575 0.989596
vt 0.938259 0.971844
vt 0.936908 0.966472
vt 0.938259 0.966472
vt 0.936908 0.971844
vt 0.376959 0.903386
vt 0.375612 0.900693
vt 0.376959 0.900693
vt 0.375612 0.903386
vt 0.595083 0.975868
vt 0.593737 0.971828
vt 0.595083 0.971828
vt 0.593737 0.975868
vt 0.462664 0.290796
vt 0.464010 0.289449
vt 0.464010 0.290796
vt 0.462664 0.289449
vt 0.970222 0.586724
vt 0.968872 0.581351
vt 0.970222 0.581351
vt 0.968872 0.586724
vt 0.651964 0.175598
vt 0.650615 0.162160
vt 0.651964 0.162160
vt 0.650615 0.175598
vt 0.024338 0.051176
vt 0.022989 0.044457
vt 0.024338 0.044457
vt 0.022989 0.051176
vt 0.100603 0.707590
vt 0.105970 0.706241
vt 0.105970 0.707590
vt 0.100603 0.706241
vt 0.253628 0.375430
vt 0.258994 0.374082
vt 0.258994 0.375430
vt 0.253628 0.374082
vt 0.625434 0.372882
vt 0.624084 0.367512
vt 0.626784 0.367512
vt 0.624084 0.372882
vt 0.908703 0.252080
vt 0.907353 0.239989
vt 0.908703 0.239989
vt 0.907353 0.252080
vt 0.625434 0.375582
vt 0.626784 0.380952
vt 0.624084 0.375582
vt 0.624084 0.380952
vt 0.050765 0.981072
vt 0.049418 0.977032
vt 0.050765 0.977032
vt 0.049418 0.981072
vt 0.100005 0.901534
vt 0.101352 0.905573
vt 0.100005 0.905573
vt 0.101352 0.901534
vt 0.105391 0.901534
vt 0.106738 0.905573
vt 0.105391 0.905573
vt 0.106738 0.901534
vt 0.097312 0.900187
vt 0.109431 0.901534
vt 0.097312 0.901534
vt 0.109431 0.900187
vt 0.491381 0.974252
vt 0.490031 0.968880
vt 0.491381 0.968880
vt 0.490031 0.974252
vt 0.264533 0.372690
vt 0.263182 0.363292
vt 0.264533 0.363292
vt 0.263182 0.372690
vt 0.232040 0.394597
vt 0.233387 0.393250
vt 0.233387 0.394597
vt 0.232040 0.393250
vt 0.995936 0.688296
vt 0.997283 0.686949
vt 0.997283 0.688296
vt 0.995936 0.686949
vt 0.949499 0.134616
vt 0.948150 0.127897
vt 0.949499 0.127897
vt 0.948150 0.134616
vt 0.820416 0.106233
vt 0.819067 0.075318
vt 0.820416 0.075318
vt 0.819067 0.106233
vt 0.957772 0.100728
vt 0.961798 0.095323
vt 0.961798 0.100728
vt 0.957772 0.095323
vt 0.920464 0.163854
vt 0.919115 0.153095
vt 0.920464 0.153095
vt 0.919115 0.163854
vt 0.244249 0.376877
vt 0.242898 0.367479
vt 0.244249 0.367479
vt 0.242898 0.376877
vt 0.273371 0.974057
vt 0.272021 0.968685
vt 0.273371 0.968685
vt 0.272021 0.974057
vt 0.092722 0.965830
vt 0.095415 0.960444
vt 0.095415 0.965830
vt 0.092722 0.960444
vt 0.651463 0.095451
vt 0.651463 0.090082
vt 0.655511 0.090082
vt 0.655511 0.103520
vt 0.651463 0.103520
vt 0.996935 0.588499
vt 0.995589 0.587152
vt 0.996935 0.587152
vt 0.995589 0.588499
vt 0.871268 0.801052
vt 0.869922 0.794319
vt 0.871268 0.794319
vt 0.869922 0.801052
vt 0.241293 0.919824
vt 0.243986 0.909051
vt 0.243986 0.919824
vt 0.241293 0.909051
vt 0.142186 0.912297
vt 0.148905 0.901502
vt 0.148905 0.912297
vt 0.142186 0.901502
vt 0.124551 0.920500
vt 0.127244 0.909727
vt 0.127244 0.920500
vt 0.124551 0.909727
vt 0.994170 0.546646
vt 0.995517 0.545299
vt 0.995517 0.546646
vt 0.994170 0.545299
vt 0.713702 0.882435
vt 0.716401 0.882435
vt 0.716401 0.883785
vt 0.713702 0.871639
vt 0.716401 0.870290
vt 0.716401 0.871639
vt 0.711032 0.882435
vt 0.711032 0.871639
vt 0.704312 0.882435
vt 0.704312 0.871639
vt 0.701613 0.882435
vt 0.701613 0.871639
vt 0.969679 0.484657
vt 0.968329 0.479285
vt 0.969679 0.479285
vt 0.968329 0.484657
vt 0.698914 0.883785
vt 0.698914 0.882435
vt 0.698914 0.871639
vt 0.698914 0.870290
vt 0.132611 0.740661
vt 0.131265 0.737968
vt 0.132611 0.737968
vt 0.131265 0.740661
vt 0.059541 0.554769
vt 0.058194 0.552075
vt 0.059541 0.552075
vt 0.058194 0.554769
vt 0.951844 0.202525
vt 0.950495 0.195806
vt 0.951844 0.195806
vt 0.950495 0.202525
vt 0.949396 0.101864
vt 0.948047 0.095145
vt 0.949396 0.095145
vt 0.948047 0.101864
vt 0.986012 0.362906
vt 0.984665 0.360213
vt 0.986012 0.360213
vt 0.984665 0.362906
vt 0.984629 0.520513
vt 0.983283 0.517820
vt 0.984629 0.517820
vt 0.983283 0.520513
vt 0.941433 0.422545
vt 0.940084 0.414479
vt 0.941433 0.414479
vt 0.940084 0.422545
vt 0.970128 0.103570
vt 0.974154 0.099516
vt 0.974154 0.103570
vt 0.970128 0.099516
vt 0.995221 0.189824
vt 0.996568 0.188477
vt 0.996568 0.189824
vt 0.995221 0.188477
vt 0.440752 0.974196
vt 0.439402 0.968824
vt 0.440752 0.968824
vt 0.439402 0.974196
vt 0.987008 0.265444
vt 0.985661 0.262751
vt 0.987008 0.262751
vt 0.985661 0.265444
vt 0.403577 0.991058
vt 0.404923 0.989712
vt 0.404923 0.991058
vt 0.403577 0.989712
vt 0.801954 0.995685
vt 0.803300 0.994338
vt 0.803300 0.995685
vt 0.801954 0.994338
vt 0.898715 0.840463
vt 0.902735 0.829669
vt 0.902735 0.840463
vt 0.896016 0.841812
vt 0.898715 0.841812
vt 0.896016 0.829669
vt 0.950987 0.921503
vt 0.949638 0.914784
vt 0.950987 0.914784
vt 0.949638 0.921503
vt 0.995330 0.654813
vt 0.996676 0.653467
vt 0.996676 0.654813
vt 0.995330 0.653467
vt 0.982868 0.435440
vt 0.981517 0.431414
vt 0.982868 0.431414
vt 0.981517 0.435440
vt 0.152487 0.674512
vt 0.153834 0.673165
vt 0.153834 0.674512
vt 0.152487 0.673165
vt 0.214606 0.850385
vt 0.234851 0.862476
vt 0.214606 0.862476
vt 0.234851 0.850385
vt 0.913586 0.309507
vt 0.914932 0.298735
vt 0.914932 0.309507
vt 0.913586 0.298735
vt 0.729261 0.232312
vt 0.730587 0.175451
vt 0.730587 0.232312
vt 0.729261 0.230958
vt 0.729261 0.214712
vt 0.729261 0.193050
vt 0.729261 0.179512
vt 0.726553 0.232312
vt 0.726553 0.230958
vt 0.726553 0.214712
vt 0.726553 0.193050
vt 0.726553 0.179512
vt 0.726553 0.175451
vt 0.820772 0.038714
vt 0.823445 0.038714
vt 0.823445 0.072479
vt 0.819422 0.065726
vt 0.819422 0.038714
vt 0.811346 0.072479
vt 0.811346 0.065726
vt 0.810752 0.771859
vt 0.817495 0.740936
vt 0.817495 0.771859
vt 0.810752 0.740936
vt 0.995517 0.563387
vt 0.996864 0.562040
vt 0.996864 0.563387
vt 0.995517 0.562040
vt 0.139380 0.831303
vt 0.140727 0.829956
vt 0.140727 0.831303
vt 0.139380 0.829956
vt 0.994170 0.550831
vt 0.995517 0.549484
vt 0.995517 0.550831
vt 0.994170 0.549484
vt 0.948803 0.258505
vt 0.947454 0.251786
vt 0.948803 0.251786
vt 0.947454 0.258505
vt 0.795104 0.491704
vt 0.801822 0.452571
vt 0.801822 0.491704
vt 0.795104 0.452571
vt 0.946926 0.586066
vt 0.945576 0.579348
vt 0.946926 0.579348
vt 0.945576 0.586066
vt 0.995429 0.428234
vt 0.996775 0.426887
vt 0.996775 0.428234
vt 0.995429 0.426887
vt 0.835522 0.063305
vt 0.840892 0.063305
vt 0.840892 0.090293
vt 0.834173 0.090293
vt 0.834173 0.063305
vt 0.944096 0.125059
vt 0.950815 0.118312
vt 0.950815 0.125059
vt 0.944096 0.118312
vt 0.995429 0.419863
vt 0.996775 0.418517
vt 0.996775 0.419863
vt 0.995429 0.418517
vt 0.995429 0.411492
vt 0.996775 0.410146
vt 0.996775 0.411492
vt 0.995429 0.410146
vt 0.546024 0.947036
vt 0.547372 0.941643
vt 0.547372 0.948384
vt 0.546024 0.942991
vt 0.540660 0.947036
vt 0.540660 0.942991
vt 0.539312 0.948384
vt 0.539312 0.941643
vt 0.955338 0.392743
vt 0.952639 0.386024
vt 0.955338 0.386024
vt 0.952639 0.392743
vt 0.954004 0.383185
vt 0.951305 0.376466
vt 0.954004 0.376466
vt 0.951305 0.383185
vt 0.955158 0.373627
vt 0.952459 0.366909
vt 0.955158 0.366909
vt 0.952459 0.373627
vt 0.911534 0.957621
vt 0.908836 0.950902
vt 0.911534 0.950902
vt 0.908836 0.957621
vt 0.955037 0.134616
vt 0.952338 0.127897
vt 0.955037 0.127897
vt 0.952338 0.134616
vt 0.952922 0.553368
vt 0.950223 0.546649
vt 0.952922 0.546649
vt 0.950223 0.553368
vt 0.954934 0.101864
vt 0.952235 0.095145
vt 0.954934 0.095145
vt 0.952235 0.101864
vt 0.957559 0.231198
vt 0.954860 0.224479
vt 0.957559 0.224479
vt 0.954860 0.231198
vt 0.094959 0.946699
vt 0.096307 0.941307
vt 0.096307 0.948048
vt 0.094959 0.942655
vt 0.789300 0.968426
vt 0.785255 0.963047
vt 0.789300 0.963047
vt 0.785255 0.968426
vt 0.089594 0.946699
vt 0.089594 0.942655
vt 0.088246 0.948048
vt 0.088246 0.941307
vt 0.753729 0.049454
vt 0.755076 0.046760
vt 0.755076 0.049454
vt 0.755076 0.000977
vt 0.755076 0.005016
vt 0.755076 0.007709
vt 0.755076 0.010403
vt 0.755076 0.013096
vt 0.755076 0.017136
vt 0.755076 0.019829
vt 0.755076 0.022522
vt 0.755076 0.025215
vt 0.755076 0.029255
vt 0.755076 0.031948
vt 0.755076 0.034641
vt 0.755076 0.037334
vt 0.755076 0.041374
vt 0.755076 0.044067
vt 0.753729 0.000977
vt 0.191338 0.966645
vt 0.187293 0.961266
vt 0.191338 0.961266
vt 0.187293 0.966645
vt 0.023250 0.738931
vt 0.024596 0.737584
vt 0.024596 0.738931
vt 0.023250 0.737584
vt 0.996639 0.061973
vt 0.995292 0.060626
vt 0.996639 0.060626
vt 0.995292 0.061973
vt 0.760725 0.996027
vt 0.762072 0.994680
vt 0.762072 0.996027
vt 0.760725 0.994680
vt 0.095457 0.996007
vt 0.096803 0.994660
vt 0.096803 0.996007
vt 0.095457 0.994660
vt 0.275558 0.991242
vt 0.276905 0.989895
vt 0.276905 0.991242
vt 0.275558 0.989895
vt 0.782416 0.967014
vt 0.781068 0.961634
vt 0.782416 0.961634
vt 0.781068 0.967014
vt 0.016093 0.966598
vt 0.014745 0.961218
vt 0.016093 0.961218
vt 0.014745 0.966598
vt 0.941008 0.074481
vt 0.939659 0.066416
vt 0.941008 0.066416
vt 0.939659 0.074481
vt 0.965371 0.006356
vt 0.964023 0.000977
vt 0.965371 0.000977
vt 0.964023 0.006356
vt 0.966144 0.320068
vt 0.964795 0.314688
vt 0.966144 0.314688
vt 0.964795 0.320068
vt 0.963421 0.438216
vt 0.964769 0.438216
vt 0.963421 0.443595
vt 0.964769 0.443595
vt 0.963283 0.446434
vt 0.964631 0.446434
vt 0.963283 0.451813
vt 0.964631 0.451813
vt 0.964142 0.482742
vt 0.965490 0.482742
vt 0.964142 0.488121
vt 0.965490 0.488121
vt 0.964583 0.223512
vt 0.965931 0.223512
vt 0.964583 0.228891
vt 0.965931 0.228891
vt 0.937074 0.293264
vt 0.938423 0.293264
vt 0.937074 0.301329
vt 0.938423 0.301329
vt 0.994264 0.738374
vt 0.994264 0.739721
vt 0.992917 0.738374
vt 0.992917 0.739721
vt 0.994264 0.734189
vt 0.994264 0.735535
vt 0.992917 0.734189
vt 0.992917 0.735535
vt 0.963615 0.741937
vt 0.967660 0.741937
vt 0.963615 0.747317
vt 0.967660 0.747317
vt 0.994382 0.362354
vt 0.994382 0.363701
vt 0.993036 0.362354
vt 0.993036 0.363701
vt 0.993924 0.298228
vt 0.995271 0.298228
vt 0.993924 0.299574
vt 0.995271 0.299574
vt 0.090474 0.554973
vt 0.090474 0.556320
vt 0.089127 0.554973
vt 0.089127 0.556320
vt 0.442590 0.941323
vt 0.442590 0.948063
vt 0.441242 0.942671
vt 0.441242 0.946715
vt 0.619145 0.961948
vt 0.623190 0.961948
vt 0.619145 0.967327
vt 0.623190 0.967327
vt 0.435878 0.942671
vt 0.435878 0.946715
vt 0.434530 0.941323
vt 0.434530 0.948063
vt 0.755076 0.052292
vt 0.755076 0.054986
vt 0.753729 0.052292
vt 0.755076 0.096730
vt 0.755076 0.100769
vt 0.755076 0.094037
vt 0.755076 0.091343
vt 0.755076 0.088650
vt 0.755076 0.084610
vt 0.755076 0.081917
vt 0.755076 0.079224
vt 0.755076 0.076531
vt 0.755076 0.072491
vt 0.755076 0.069798
vt 0.755076 0.067105
vt 0.755076 0.064412
vt 0.755076 0.060372
vt 0.755076 0.057679
vt 0.753729 0.100769
vt 0.388619 0.941614
vt 0.388619 0.948355
vt 0.387271 0.942962
vt 0.387271 0.947007
vt 0.381906 0.942962
vt 0.381906 0.947007
vt 0.380558 0.941614
vt 0.380558 0.948355
vt 0.948624 0.937777
vt 0.951322 0.937777
vt 0.948624 0.944496
vt 0.951322 0.944496
vt 0.953548 0.299571
vt 0.956247 0.299571
vt 0.953548 0.306290
vt 0.956247 0.306290
vt 0.949336 0.792872
vt 0.952035 0.792872
vt 0.949336 0.799591
vt 0.952035 0.799591
vt 0.692973 0.948366
vt 0.695672 0.948366
vt 0.692973 0.955085
vt 0.695672 0.955085
vt 0.673662 0.948366
vt 0.676361 0.948366
vt 0.673662 0.955085
vt 0.676361 0.955085
vt 0.216669 0.950229
vt 0.219368 0.950229
vt 0.216669 0.956948
vt 0.219368 0.956948
vt 0.952161 0.205364
vt 0.954860 0.205364
vt 0.952161 0.212083
vt 0.954860 0.212083
vt 0.952989 0.242225
vt 0.955688 0.242225
vt 0.952989 0.248944
vt 0.955688 0.248944
vt 0.819130 0.961292
vt 0.820479 0.961292
vt 0.819130 0.966672
vt 0.820479 0.966672
vt 0.993286 0.490890
vt 0.993286 0.492237
vt 0.991939 0.490890
vt 0.991939 0.492237
vt 0.272719 0.989895
vt 0.272719 0.991242
vt 0.271373 0.989895
vt 0.271373 0.991242
vt 0.991954 0.482519
vt 0.991954 0.483866
vt 0.990608 0.482519
vt 0.990608 0.483866
vt 0.542382 0.836394
vt 0.515394 0.836394
vt 0.515394 0.831025
vt 0.542382 0.829675
vt 0.515394 0.829675
vt 0.949335 0.905198
vt 0.949335 0.911945
vt 0.942617 0.905198
vt 0.942617 0.911945
vt 0.095261 0.950886
vt 0.096610 0.950886
vt 0.095261 0.957605
vt 0.096610 0.957605
vt 0.950859 0.424051
vt 0.952209 0.424051
vt 0.950859 0.430770
vt 0.952209 0.430770
vt 0.805298 0.087534
vt 0.805298 0.126666
vt 0.798579 0.087534
vt 0.798579 0.126666
vt 0.108290 0.515297
vt 0.108290 0.516644
vt 0.106943 0.515297
vt 0.106943 0.516644
vt 0.700261 0.865559
vt 0.700261 0.866906
vt 0.698914 0.865559
vt 0.698914 0.866906
vt 0.698545 0.565897
vt 0.698545 0.567244
vt 0.697198 0.565897
vt 0.697198 0.567244
vt 0.819475 0.547728
vt 0.819475 0.578651
vt 0.812731 0.547728
vt 0.812731 0.578651
vt 0.681180 0.741645
vt 0.681180 0.742991
vt 0.679833 0.741645
vt 0.679833 0.742991
vt 0.983565 0.875930
vt 0.984912 0.875930
vt 0.983565 0.878623
vt 0.984912 0.878623
vt 0.431692 0.852709
vt 0.431692 0.872908
vt 0.430346 0.852709
vt 0.430346 0.872908
vt 0.000977 0.810086
vt 0.034742 0.810086
vt 0.034742 0.812787
vt 0.007730 0.814110
vt 0.034742 0.814110
vt 0.000977 0.822185
vt 0.007730 0.822185
vt 0.451805 0.970250
vt 0.451805 0.974304
vt 0.447779 0.970250
vt 0.447779 0.974304
vt 0.729010 0.478237
vt 0.729010 0.535038
vt 0.727686 0.478237
vt 0.727686 0.479589
vt 0.727686 0.495818
vt 0.724981 0.478237
vt 0.724981 0.479589
vt 0.724981 0.495818
vt 0.724981 0.535038
vt 0.585567 0.978721
vt 0.588270 0.978721
vt 0.585567 0.982746
vt 0.588270 0.982746
vt 0.874231 0.910084
vt 0.868833 0.910084
vt 0.874231 0.903365
vt 0.868833 0.903365
vt 0.297702 0.539831
vt 0.297702 0.553317
vt 0.288290 0.539831
vt 0.288290 0.553317
vt 0.257936 0.866708
vt 0.237690 0.866708
vt 0.257936 0.854616
vt 0.237690 0.854616
vt 0.869892 0.601544
vt 0.869892 0.619076
vt 0.860480 0.601544
vt 0.860480 0.619076
vt 0.982628 0.859334
vt 0.983974 0.859334
vt 0.982628 0.862027
vt 0.983974 0.862027
vt 0.601772 0.742285
vt 0.601772 0.743632
vt 0.600426 0.742285
vt 0.600426 0.743632
vt 0.598565 0.989486
vt 0.598565 0.990833
vt 0.597219 0.989486
vt 0.597219 0.990833
vt 0.885685 0.970204
vt 0.885685 0.974258
vt 0.881660 0.970204
vt 0.881660 0.974258
vt 0.953691 0.290013
vt 0.955040 0.290013
vt 0.953691 0.296732
vt 0.955040 0.296732
vt 0.789255 0.910249
vt 0.778459 0.910249
vt 0.789255 0.906229
vt 0.789255 0.903530
vt 0.778459 0.903530
vt 0.031715 0.116606
vt 0.031715 0.117952
vt 0.030368 0.116606
vt 0.030368 0.117952
vt 0.969551 0.454574
vt 0.970901 0.454574
vt 0.969551 0.459947
vt 0.970901 0.459947
vt 0.981730 0.826143
vt 0.983076 0.826143
vt 0.981730 0.828836
vt 0.983076 0.828836
vt 0.589216 0.742285
vt 0.589216 0.743632
vt 0.587870 0.742285
vt 0.587870 0.743632
vt 0.044753 0.494708
vt 0.044753 0.513604
vt 0.032662 0.494708
vt 0.032662 0.513604
vt 0.327176 0.977435
vt 0.329879 0.977435
vt 0.327176 0.981461
vt 0.329879 0.981461
vt 0.052815 0.951038
vt 0.058212 0.951038
vt 0.052815 0.957757
vt 0.058212 0.957757
vt 0.983079 0.820611
vt 0.984426 0.820611
vt 0.983079 0.823304
vt 0.984426 0.823304
vt 0.933179 0.372183
vt 0.934528 0.372183
vt 0.933179 0.380249
vt 0.934528 0.380249
vt 0.000977 0.968261
vt 0.002327 0.968261
vt 0.000977 0.973634
vt 0.002327 0.973634
vt 0.590898 0.971828
vt 0.590898 0.975882
vt 0.586872 0.971828
vt 0.586872 0.975882
vt 0.002323 0.825024
vt 0.002323 0.826370
vt 0.000977 0.825024
vt 0.000977 0.826370
vt 0.317676 0.937813
vt 0.317676 0.939162
vt 0.309610 0.937813
vt 0.309610 0.939162
vt 0.210901 0.850385
vt 0.210901 0.851732
vt 0.209554 0.850385
vt 0.209554 0.851732
vt 0.644357 0.886349
vt 0.648406 0.886349
vt 0.648406 0.891719
vt 0.644357 0.899787
vt 0.648406 0.899787
vt 0.868890 0.386837
vt 0.868890 0.404369
vt 0.859478 0.386837
vt 0.859478 0.404369
vt 0.040435 0.945538
vt 0.040435 0.946885
vt 0.035072 0.945538
vt 0.035072 0.946885
vt 0.035072 0.942842
vt 0.032376 0.942842
vt 0.035072 0.948233
vt 0.032376 0.948233
vt 0.831821 0.957791
vt 0.831821 0.963197
vt 0.827796 0.957791
vt 0.827796 0.963197
vt 0.970411 0.906861
vt 0.971762 0.906861
vt 0.970411 0.912233
vt 0.971762 0.912233
vt 0.917771 0.298638
vt 0.919119 0.298638
vt 0.917771 0.309396
vt 0.919119 0.309396
vt 0.951029 0.598463
vt 0.952379 0.598463
vt 0.951029 0.605182
vt 0.952379 0.605182
vt 0.226957 0.165796
vt 0.226957 0.167142
vt 0.225611 0.165796
vt 0.225611 0.167142
vt 0.459332 0.989711
vt 0.459332 0.991057
vt 0.457986 0.989711
vt 0.457986 0.991057
vt 0.967725 0.573140
vt 0.969075 0.573140
vt 0.967725 0.578513
vt 0.969075 0.578513
vt 0.031892 0.829219
vt 0.031892 0.830568
vt 0.000977 0.829219
vt 0.000977 0.830568
vt 0.597010 0.161746
vt 0.599709 0.161746
vt 0.598360 0.167116
vt 0.599709 0.167116
vt 0.904120 0.591763
vt 0.905470 0.591763
vt 0.904120 0.603854
vt 0.905470 0.603854
vt 0.598360 0.169816
vt 0.597010 0.175186
vt 0.599709 0.169816
vt 0.599709 0.175186
vt 0.978790 0.147679
vt 0.980137 0.147679
vt 0.978790 0.151719
vt 0.980137 0.151719
vt 0.904021 0.774006
vt 0.904021 0.775352
vt 0.899981 0.774006
vt 0.899981 0.775352
vt 0.904021 0.779392
vt 0.904021 0.780739
vt 0.899981 0.779392
vt 0.899981 0.780739
vt 0.898634 0.771313
vt 0.899981 0.783432
vt 0.899981 0.771313
vt 0.898634 0.783432
vt 0.970282 0.140514
vt 0.971632 0.140514
vt 0.970282 0.145886
vt 0.971632 0.145886
vt 0.970944 0.248152
vt 0.972294 0.248152
vt 0.970944 0.253524
vt 0.972294 0.253524
vt 0.950290 0.010548
vt 0.951639 0.010548
vt 0.950290 0.017267
vt 0.951639 0.017267
vt 0.975875 0.617229
vt 0.975875 0.618576
vt 0.974529 0.617229
vt 0.974529 0.618576
vt 0.969055 0.548507
vt 0.970405 0.548507
vt 0.969055 0.553880
vt 0.970405 0.553880
vt 0.868133 0.809132
vt 0.869480 0.809132
vt 0.868133 0.811825
vt 0.869480 0.811825
vt 0.323864 0.989832
vt 0.323864 0.991178
vt 0.322518 0.989832
vt 0.322518 0.991178
vt 0.060055 0.968820
vt 0.061405 0.968820
vt 0.060055 0.974193
vt 0.061405 0.974193
vt 0.939169 0.657827
vt 0.940518 0.657827
vt 0.939169 0.665892
vt 0.940518 0.665892
vt 0.978442 0.870879
vt 0.979789 0.870879
vt 0.978442 0.874918
vt 0.979789 0.874918
vt 0.113508 0.968697
vt 0.114858 0.968697
vt 0.113508 0.974069
vt 0.114858 0.974069
vt 0.526276 0.000977
vt 0.526276 0.002323
vt 0.524929 0.000977
vt 0.524929 0.002323
vt 0.984218 0.750922
vt 0.984218 0.753616
vt 0.982872 0.750922
vt 0.982872 0.753616
vt 0.941172 0.872461
vt 0.942523 0.872461
vt 0.941172 0.880513
vt 0.942523 0.880513
vt 0.966224 0.148725
vt 0.967574 0.148725
vt 0.966224 0.151425
vt 0.966224 0.154098
vt 0.967574 0.154098
vt 0.971338 0.462785
vt 0.972688 0.462785
vt 0.971338 0.468158
vt 0.972688 0.468158
vt 0.905671 0.501062
vt 0.907021 0.501062
vt 0.905671 0.513154
vt 0.907021 0.513154
vt 0.981722 0.784114
vt 0.983068 0.784114
vt 0.981722 0.786807
vt 0.983068 0.786807
vt 0.981722 0.789646
vt 0.983068 0.789646
vt 0.981722 0.792339
vt 0.983068 0.792339
vt 0.981730 0.831675
vt 0.983076 0.831675
vt 0.981730 0.834368
vt 0.983076 0.834368
vt 0.593402 0.742285
vt 0.593402 0.743632
vt 0.592055 0.742285
vt 0.592055 0.743632
vt 0.519899 0.968029
vt 0.521249 0.968029
vt 0.519899 0.973402
vt 0.521249 0.973402
vt 0.513010 0.968029
vt 0.517060 0.968029
vt 0.513010 0.973402
vt 0.517060 0.973402
vt 0.614493 0.428392
vt 0.614493 0.429738
vt 0.613146 0.428392
vt 0.613146 0.429738
vt 0.626950 0.976869
vt 0.628297 0.976869
vt 0.626950 0.980909
vt 0.628297 0.980909
vt 0.942481 0.448497
vt 0.945184 0.448497
vt 0.942481 0.456548
vt 0.945184 0.456548
vt 0.791713 0.227745
vt 0.791713 0.268171
vt 0.787676 0.227745
vt 0.787676 0.268171
vt 0.730518 0.886734
vt 0.730518 0.892131
vt 0.726499 0.892131
vt 0.725150 0.892131
vt 0.715734 0.886734
vt 0.715734 0.892131
vt 0.646618 0.803580
vt 0.646618 0.808974
vt 0.631840 0.803580
vt 0.631840 0.796837
vt 0.630491 0.798185
vt 0.630491 0.802231
vt 0.629143 0.802231
vt 0.629143 0.808974
vt 0.625125 0.798185
vt 0.627822 0.802231
vt 0.627822 0.808974
vt 0.625125 0.802231
vt 0.623776 0.796837
vt 0.623776 0.803580
vt 0.613044 0.803580
vt 0.613044 0.804928
vt 0.610347 0.804928
vt 0.610347 0.808974
vt 0.853596 0.607495
vt 0.857642 0.607495
vt 0.853596 0.611541
vt 0.852248 0.611541
vt 0.852248 0.629014
vt 0.857642 0.629014
vt 0.771763 0.976745
vt 0.773109 0.976745
vt 0.771763 0.980785
vt 0.773109 0.980785
vt 0.623363 0.199007
vt 0.624712 0.199007
vt 0.623363 0.212445
vt 0.624712 0.212445
vt 0.296698 0.967892
vt 0.298048 0.967892
vt 0.296698 0.973264
vt 0.298048 0.973264
vt 0.916471 0.082636
vt 0.924561 0.082636
vt 0.924561 0.086653
vt 0.916471 0.093395
vt 0.924561 0.093395
vt 0.992338 0.646297
vt 0.992338 0.647644
vt 0.990991 0.646297
vt 0.990991 0.647644
vt 0.992491 0.654668
vt 0.992491 0.656014
vt 0.991145 0.654668
vt 0.991145 0.656014
vt 0.319679 0.989683
vt 0.319679 0.991030
vt 0.318332 0.989683
vt 0.318332 0.991030
vt 0.835061 0.457854
vt 0.835061 0.465933
vt 0.833714 0.457854
vt 0.833714 0.465933
vt 0.636550 0.960433
vt 0.636550 0.965819
vt 0.635203 0.960433
vt 0.635203 0.965819
vt 0.112150 0.743260
vt 0.112150 0.751340
vt 0.110803 0.743260
vt 0.110803 0.751340
vt 0.923195 0.041766
vt 0.925893 0.041766
vt 0.923195 0.052518
vt 0.925893 0.052518
vt 0.828766 0.138843
vt 0.839560 0.138843
vt 0.828766 0.167065
vt 0.839560 0.167065
vt 0.991561 0.956506
vt 0.991561 0.957853
vt 0.990215 0.956506
vt 0.990215 0.957853
vt 0.063603 0.941309
vt 0.063603 0.942657
vt 0.056888 0.941309
vt 0.056888 0.939960
vt 0.055540 0.939960
vt 0.055540 0.942657
vt 0.074505 0.939960
vt 0.074505 0.942657
vt 0.073157 0.939960
vt 0.073157 0.941309
vt 0.066442 0.941309
vt 0.066442 0.942657
vt 0.953679 0.147013
vt 0.955029 0.147013
vt 0.953679 0.153731
vt 0.955029 0.153731
vt 0.883691 0.506187
vt 0.887738 0.506187
vt 0.883691 0.522318
vt 0.887738 0.522318
vt 0.224629 0.882933
vt 0.216521 0.882933
vt 0.224629 0.878908
vt 0.208413 0.882933
vt 0.208413 0.878908
vt 0.661994 0.349106
vt 0.663344 0.349106
vt 0.661994 0.362544
vt 0.663344 0.362544
vt 0.314615 0.969361
vt 0.315962 0.969361
vt 0.314615 0.973401
vt 0.315962 0.973401
vt 0.904562 0.711595
vt 0.904562 0.712941
vt 0.900522 0.711595
vt 0.900522 0.712941
vt 0.904562 0.716981
vt 0.904562 0.718328
vt 0.900522 0.716981
vt 0.900522 0.718328
vt 0.899175 0.708902
vt 0.900522 0.721021
vt 0.900522 0.708902
vt 0.899175 0.721021
vt 0.974501 0.761398
vt 0.975848 0.761398
vt 0.974501 0.765438
vt 0.975848 0.765438
vt 0.467703 0.992394
vt 0.467703 0.993741
vt 0.466356 0.992394
vt 0.466356 0.993741
vt 0.917073 0.257845
vt 0.918422 0.257845
vt 0.917073 0.268604
vt 0.918422 0.268604
vt 0.971005 0.890269
vt 0.972356 0.890269
vt 0.971005 0.895641
vt 0.972356 0.895641
vt 0.581892 0.070984
vt 0.581892 0.077717
vt 0.580546 0.070984
vt 0.580546 0.077717
vt 0.238104 0.978921
vt 0.239456 0.978921
vt 0.238104 0.982947
vt 0.239456 0.982947
vt 0.559408 0.647564
vt 0.559408 0.666416
vt 0.558062 0.647564
vt 0.558062 0.666416
vt 0.476074 0.993686
vt 0.476074 0.995033
vt 0.474727 0.993686
vt 0.474727 0.995033
vt 0.259311 0.125049
vt 0.260661 0.125049
vt 0.259311 0.134447
vt 0.260661 0.134447
vt 0.965806 0.058461
vt 0.967156 0.058461
vt 0.965806 0.063833
vt 0.967156 0.063833
vt 0.737543 0.902217
vt 0.748345 0.902217
vt 0.740243 0.906240
vt 0.748345 0.906240
vt 0.737543 0.910291
vt 0.740243 0.910291
vt 0.741601 0.774261
vt 0.741601 0.786422
vt 0.737575 0.774261
vt 0.737575 0.786422
vt 0.185887 0.989304
vt 0.185887 0.990650
vt 0.184540 0.989304
vt 0.184540 0.990650
vt 0.995297 0.068852
vt 0.995297 0.070198
vt 0.993951 0.068852
vt 0.993951 0.070198
vt 0.993751 0.080929
vt 0.993751 0.082275
vt 0.992405 0.080929
vt 0.992405 0.082275
vt 0.993751 0.085114
vt 0.993751 0.086461
vt 0.992405 0.085114
vt 0.992405 0.086461
vt 0.231218 0.522154
vt 0.232569 0.522154
vt 0.231218 0.531552
vt 0.232569 0.531552
vt 0.905293 0.983774
vt 0.906640 0.983774
vt 0.905293 0.986467
vt 0.906640 0.986467
vt 0.311134 0.477965
vt 0.311134 0.486066
vt 0.307112 0.477965
vt 0.307112 0.483366
vt 0.303062 0.483366
vt 0.303062 0.486066
vt 0.748614 0.913266
vt 0.749964 0.913266
vt 0.748614 0.918638
vt 0.749964 0.918638
vt 0.976351 0.671074
vt 0.976351 0.675113
vt 0.975005 0.671074
vt 0.975005 0.675113
vt 0.175126 0.323436
vt 0.176475 0.323436
vt 0.175126 0.332848
vt 0.176475 0.332848
vt 0.551936 0.607588
vt 0.551936 0.614320
vt 0.550590 0.607588
vt 0.550590 0.614320
vt 0.906989 0.414014
vt 0.906989 0.426161
vt 0.898933 0.414014
vt 0.898933 0.415364
vt 0.897583 0.415364
vt 0.897583 0.426161
vt 0.767009 0.092790
vt 0.773755 0.092790
vt 0.767009 0.135797
vt 0.773755 0.135797
vt 0.046331 0.887163
vt 0.050950 0.884380
vt 0.049795 0.892914
vt 0.050950 0.892218
vt 0.054415 0.890130
vt 0.046331 0.895001
vt 0.048418 0.898466
vt 0.053038 0.895682
vt 0.457065 0.568134
vt 0.457065 0.569480
vt 0.455719 0.568134
vt 0.455719 0.569480
vt 0.455719 0.566787
vt 0.454372 0.566787
vt 0.455719 0.572174
vt 0.454372 0.572174
vt 0.537822 0.335239
vt 0.539168 0.335239
vt 0.537822 0.341972
vt 0.539168 0.341972
vt 0.434220 0.993896
vt 0.434220 0.995243
vt 0.432874 0.993896
vt 0.432874 0.995243
vt 0.597922 0.977064
vt 0.601962 0.977064
vt 0.600615 0.979757
vt 0.601962 0.979757
vt 0.597922 0.981103
vt 0.600615 0.981103
vt 0.966486 0.702421
vt 0.967836 0.702421
vt 0.966486 0.707793
vt 0.967836 0.707793
vt 0.914930 0.139498
vt 0.914930 0.150271
vt 0.913584 0.139498
vt 0.913584 0.150271
vt 0.301819 0.950109
vt 0.303168 0.950109
vt 0.301819 0.956828
vt 0.303168 0.956828
vt 0.530569 0.428520
vt 0.531916 0.428520
vt 0.530569 0.435253
vt 0.531916 0.435253
vt 0.963625 0.799944
vt 0.966323 0.799944
vt 0.963625 0.805320
vt 0.966323 0.805320
vt 0.028331 0.543766
vt 0.028331 0.545112
vt 0.026985 0.543766
vt 0.026985 0.545112
vt 0.548512 0.411014
vt 0.548512 0.417747
vt 0.545818 0.411014
vt 0.545818 0.417747
vt 0.348802 0.975902
vt 0.350149 0.975902
vt 0.348802 0.979942
vt 0.350149 0.979942
vt 0.993297 0.536928
vt 0.993297 0.538275
vt 0.991951 0.536928
vt 0.991951 0.538275
vt 0.152888 0.908628
vt 0.152888 0.896486
vt 0.159606 0.901883
vt 0.159606 0.896486
vt 0.164988 0.908628
vt 0.164988 0.901883
vt 0.588848 0.985585
vt 0.590194 0.985585
vt 0.588848 0.988278
vt 0.590194 0.988278
vt 0.733828 0.970526
vt 0.733828 0.974579
vt 0.729802 0.970526
vt 0.729802 0.974579
vt 0.994796 0.470268
vt 0.994796 0.471614
vt 0.993449 0.470268
vt 0.993449 0.471614
vt 0.110137 0.983787
vt 0.110137 0.986480
vt 0.108790 0.983787
vt 0.108790 0.986480
vt 0.913840 0.593626
vt 0.917889 0.593626
vt 0.913840 0.597646
vt 0.915190 0.597646
vt 0.916539 0.597646
vt 0.917889 0.597646
vt 0.916539 0.603044
vt 0.915190 0.604393
vt 0.917889 0.603044
vt 0.917889 0.604393
vt 0.963247 0.144730
vt 0.963247 0.150123
vt 0.957867 0.144730
vt 0.957867 0.150123
vt 0.994220 0.401775
vt 0.994220 0.403122
vt 0.992873 0.401775
vt 0.992873 0.403122
vt 0.553581 0.801225
vt 0.553581 0.805265
vt 0.552235 0.801225
vt 0.552235 0.805265
vt 0.981390 0.075092
vt 0.982741 0.075092
vt 0.981390 0.079117
vt 0.982741 0.079117
vt 0.917849 0.983774
vt 0.919196 0.983774
vt 0.917849 0.986467
vt 0.919196 0.986467
vt 0.913664 0.983774
vt 0.915011 0.983774
vt 0.913664 0.986467
vt 0.915011 0.986467
vt 0.345919 0.872102
vt 0.345919 0.873451
vt 0.343220 0.872102
vt 0.343220 0.873451
vt 0.277270 0.950902
vt 0.278619 0.950902
vt 0.277270 0.957621
vt 0.278619 0.957621
vt 0.340550 0.872102
vt 0.340550 0.873451
vt 0.333831 0.872102
vt 0.333831 0.873451
vt 0.909479 0.983774
vt 0.910825 0.983774
vt 0.909479 0.986467
vt 0.910825 0.986467
vt 0.331133 0.872102
vt 0.331133 0.873451
vt 0.328434 0.872102
vt 0.328434 0.873451
vt 0.514758 0.943336
vt 0.514758 0.950083
vt 0.508039 0.943336
vt 0.508039 0.950083
vt 0.430474 0.941505
vt 0.430474 0.944207
vt 0.429151 0.944207
vt 0.430474 0.945557
vt 0.430474 0.948258
vt 0.429151 0.945557
vt 0.426450 0.941505
vt 0.426450 0.948258
vt 0.753084 0.885883
vt 0.753084 0.899379
vt 0.750384 0.887232
vt 0.750384 0.898029
vt 0.914999 0.607232
vt 0.921741 0.607232
vt 0.914999 0.617991
vt 0.921741 0.617991
vt 0.743665 0.887232
vt 0.743665 0.898029
vt 0.740993 0.887232
vt 0.740993 0.898029
vt 0.738294 0.885883
vt 0.738294 0.887232
vt 0.738294 0.898029
vt 0.738294 0.899379
vt 0.409109 0.989712
vt 0.409109 0.991058
vt 0.407762 0.989712
vt 0.407762 0.991058
vt 0.952459 0.357351
vt 0.953808 0.357351
vt 0.952459 0.364070
vt 0.953808 0.364070
vt 0.610428 0.910061
vt 0.599633 0.910061
vt 0.610428 0.903342
vt 0.599633 0.903342
vt 0.078460 0.903179
vt 0.078460 0.913952
vt 0.075767 0.903179
vt 0.075767 0.913952
vt 0.239104 0.344246
vt 0.241799 0.344246
vt 0.239104 0.345594
vt 0.240451 0.345594
vt 0.235060 0.345594
vt 0.236408 0.345594
vt 0.236408 0.348261
vt 0.240451 0.348261
vt 0.237756 0.348261
vt 0.237756 0.352305
vt 0.239104 0.348261
vt 0.239104 0.352305
vt 0.235060 0.353652
vt 0.241799 0.353652
vt 0.311778 0.850171
vt 0.294238 0.850171
vt 0.311778 0.844795
vt 0.317175 0.844795
vt 0.317175 0.839420
vt 0.319873 0.839420
vt 0.319873 0.834044
vt 0.294238 0.834044
vt 0.994568 0.237522
vt 0.994568 0.238869
vt 0.993221 0.237522
vt 0.993221 0.238869
vt 0.146699 0.814976
vt 0.146699 0.827118
vt 0.115783 0.814976
vt 0.115783 0.827118
vt 0.538472 0.988607
vt 0.539822 0.988607
vt 0.538472 0.991295
vt 0.539822 0.991295
vt 0.619798 0.056577
vt 0.621147 0.056577
vt 0.619798 0.070018
vt 0.621147 0.070018
vt 0.744338 0.175451
vt 0.744338 0.230769
vt 0.738963 0.175451
vt 0.738963 0.230769
vt 0.743949 0.413122
vt 0.743949 0.469783
vt 0.727820 0.413122
vt 0.727820 0.469783
vt 0.824873 0.670619
vt 0.824873 0.704233
vt 0.808690 0.670619
vt 0.808690 0.704233
vt 0.993729 0.180106
vt 0.993729 0.181453
vt 0.992382 0.180106
vt 0.992382 0.181453
vt 0.184278 0.639394
vt 0.184278 0.640741
vt 0.182931 0.639394
vt 0.182931 0.640741
vt 0.995059 0.171736
vt 0.995059 0.173082
vt 0.993713 0.171736
vt 0.993713 0.173082
vt 0.639734 0.633655
vt 0.674700 0.633655
vt 0.639734 0.703769
vt 0.674700 0.703769
vt 0.280408 0.816271
vt 0.245436 0.816271
vt 0.280408 0.809531
vt 0.245436 0.809531
vt 0.539898 0.725456
vt 0.538558 0.725618
vt 0.537748 0.718949
vt 0.482832 0.725618
vt 0.512019 0.708539
vt 0.506661 0.709189
vt 0.499640 0.707338
vt 0.494283 0.707988
vt 0.523587 0.703070
vt 0.518230 0.703721
vt 0.536658 0.698779
vt 0.535319 0.698942
vt 0.535156 0.697602
vt 0.523101 0.699066
vt 0.517743 0.699717
vt 0.511046 0.700530
vt 0.505688 0.701181
vt 0.498991 0.701994
vt 0.493634 0.702645
vt 0.480239 0.704271
vt 0.278379 0.395938
vt 0.278379 0.414791
vt 0.277032 0.395938
vt 0.277032 0.414791
vt 0.250671 0.670406
vt 0.250671 0.671755
vt 0.249322 0.671755
vt 0.029823 0.494714
vt 0.029823 0.513615
vt 0.027137 0.494714
vt 0.027137 0.513615
vt 0.017434 0.516487
vt 0.017434 0.535389
vt 0.014748 0.516487
vt 0.014748 0.535389
vt 0.238571 0.670406
vt 0.249322 0.683898
vt 0.238571 0.683898
vt 0.063450 0.922807
vt 0.063450 0.929553
vt 0.052698 0.922807
vt 0.052698 0.929553
vt 0.203104 0.922981
vt 0.203104 0.929727
vt 0.192352 0.922981
vt 0.192352 0.929727
vt 0.058344 0.494708
vt 0.058344 0.508201
vt 0.047592 0.494708
vt 0.047592 0.508201
vt 0.018782 0.022733
vt 0.018782 0.041635
vt 0.016096 0.022733
vt 0.016096 0.041635
vt 0.376095 0.455019
vt 0.376095 0.473871
vt 0.373402 0.455019
vt 0.373402 0.473871
vt 0.439579 0.720682
vt 0.439579 0.739534
vt 0.436886 0.720682
vt 0.436886 0.739534
vt 0.394589 0.993898
vt 0.394589 0.995245
vt 0.393243 0.993898
vt 0.393243 0.995245
vt 0.901108 0.983774
vt 0.902455 0.983774
vt 0.901108 0.986467
vt 0.902455 0.986467
vt 0.491747 0.644015
vt 0.440107 0.621478
vt 0.451962 0.594316
vt 0.450722 0.593775
vt 0.451262 0.592539
vt 0.504679 0.614383
vt 0.440107 0.587671
vt 0.487741 0.606991
vt 0.488281 0.605755
vt 0.454117 0.589378
vt 0.452877 0.588837
vt 0.489358 0.603286
vt 0.453417 0.587601
vt 0.442262 0.582733
vt 0.949620 0.357351
vt 0.949620 0.364093
vt 0.944241 0.357351
vt 0.944241 0.364093
vt 0.948466 0.383045
vt 0.948466 0.389787
vt 0.943087 0.383045
vt 0.943087 0.389787
vt 0.896336 0.715600
vt 0.896336 0.730432
vt 0.890957 0.715600
vt 0.890957 0.730432
vt 0.490436 0.600817
vt 0.491513 0.598348
vt 0.492591 0.595879
vt 0.493668 0.593410
vt 0.460205 0.578806
vt 0.458966 0.578266
vt 0.494746 0.590941
vt 0.461283 0.576337
vt 0.495823 0.588472
vt 0.460044 0.575797
vt 0.496902 0.586000
vt 0.475132 0.575031
vt 0.473892 0.574490
vt 0.497980 0.583531
vt 0.475671 0.573795
vt 0.474432 0.573254
vt 0.499057 0.581062
vt 0.500135 0.578593
vt 0.192490 0.983772
vt 0.193837 0.983772
vt 0.192490 0.986465
vt 0.193837 0.986465
vt 0.501374 0.579133
vt 0.502452 0.576664
vt 0.466510 0.560979
vt 0.446776 0.993896
vt 0.446776 0.995243
vt 0.445430 0.993896
vt 0.445430 0.995243
vt 0.442591 0.993896
vt 0.442591 0.995243
vt 0.441244 0.993896
vt 0.441244 0.995243
vt 0.946841 0.608020
vt 0.948191 0.608020
vt 0.946841 0.609370
vt 0.946841 0.614739
vt 0.948191 0.614739
vt 0.801270 0.227745
vt 0.801270 0.266878
vt 0.794551 0.227745
vt 0.794551 0.266878
vt 0.393389 0.647497
vt 0.393389 0.681100
vt 0.359687 0.681100
vt 0.356991 0.681100
vt 0.359687 0.700044
vt 0.356991 0.700044
vt 0.354295 0.681100
vt 0.351600 0.681100
vt 0.354295 0.700044
vt 0.351600 0.700044
vt 0.348904 0.681100
vt 0.346208 0.681100
vt 0.348904 0.700044
vt 0.346208 0.700044
vt 0.343512 0.681100
vt 0.340816 0.681100
vt 0.343512 0.700044
vt 0.340816 0.700044
vt 0.338117 0.681100
vt 0.335421 0.659675
vt 0.338117 0.700044
vt 0.335421 0.661028
vt 0.335421 0.681100
vt 0.335421 0.700044
vt 0.334075 0.659675
vt 0.334075 0.661028
vt 0.332726 0.681100
vt 0.330030 0.681100
vt 0.332726 0.700044
vt 0.330030 0.700044
vt 0.325988 0.654262
vt 0.325988 0.681100
vt 0.324638 0.654262
vt 0.317897 0.647497
vt 0.324638 0.681100
vt 0.317897 0.681100
vt 0.950692 0.108726
vt 0.950692 0.115473
vt 0.943973 0.108726
vt 0.943973 0.115473
vt 0.597187 0.895106
vt 0.597187 0.900503
vt 0.582403 0.895106
vt 0.582403 0.900503
vt 0.611563 0.056577
vt 0.616959 0.056577
vt 0.611563 0.075394
vt 0.616959 0.075394
vt 0.883456 0.838945
vt 0.888851 0.838945
vt 0.883456 0.855076
vt 0.888851 0.855076
vt 0.964940 0.592066
vt 0.966288 0.592066
vt 0.964940 0.597445
vt 0.966288 0.597445
vt 0.963414 0.283380
vt 0.964762 0.283380
vt 0.963414 0.288760
vt 0.964762 0.288760
vt 0.964770 0.421779
vt 0.966119 0.421779
vt 0.964770 0.427159
vt 0.966119 0.427159
vt 0.964770 0.429998
vt 0.966119 0.429998
vt 0.964770 0.435377
vt 0.966119 0.435377
vt 0.929584 0.667179
vt 0.936330 0.667179
vt 0.929584 0.673896
vt 0.930933 0.673896
vt 0.934981 0.673896
vt 0.936330 0.673896
vt 0.929380 0.733388
vt 0.936126 0.733388
vt 0.929380 0.740105
vt 0.930729 0.740105
vt 0.934777 0.740105
vt 0.936126 0.740105
vt 0.723055 0.930436
vt 0.723055 0.937181
vt 0.716337 0.930436
vt 0.716337 0.931785
vt 0.716337 0.935832
vt 0.716337 0.937181
vt 0.930456 0.581496
vt 0.937201 0.581496
vt 0.930456 0.588214
vt 0.931805 0.588214
vt 0.935852 0.588214
vt 0.937201 0.588214
vt 0.930933 0.675245
vt 0.934981 0.675245
vt 0.930729 0.741454
vt 0.934777 0.741454
vt 0.714988 0.931785
vt 0.714988 0.935832
vt 0.931805 0.589563
vt 0.935852 0.589563
vt 0.181154 0.752252
vt 0.125871 0.752252
vt 0.174412 0.749556
vt 0.171715 0.749556
vt 0.169018 0.749556
vt 0.164973 0.749556
vt 0.162277 0.749556
vt 0.159580 0.749556
vt 0.156883 0.749556
vt 0.152838 0.749556
vt 0.150141 0.749556
vt 0.147445 0.749556
vt 0.144748 0.749556
vt 0.140703 0.749556
vt 0.138006 0.749556
vt 0.135309 0.749556
vt 0.132613 0.749556
vt 0.128567 0.749556
vt 0.181154 0.744190
vt 0.174412 0.744190
vt 0.171715 0.744190
vt 0.169018 0.744190
vt 0.164973 0.744190
vt 0.162277 0.744190
vt 0.159580 0.744190
vt 0.156883 0.744190
vt 0.152838 0.744190
vt 0.150141 0.744190
vt 0.147445 0.744190
vt 0.144748 0.744190
vt 0.140703 0.744190
vt 0.138006 0.744190
vt 0.135309 0.744190
vt 0.132613 0.744190
vt 0.128567 0.744190
vt 0.125871 0.744190
vt 0.963255 0.128266
vt 0.963255 0.133659
vt 0.957875 0.128266
vt 0.957875 0.133659
vt 0.964447 0.111802
vt 0.964447 0.117195
vt 0.959068 0.111802
vt 0.959068 0.117195
vt 0.963255 0.136498
vt 0.963255 0.141891
vt 0.957875 0.136498
vt 0.957875 0.141891
vt 0.938310 0.044607
vt 0.939659 0.044607
vt 0.938310 0.052673
vt 0.939659 0.052673
vt 0.438406 0.993896
vt 0.438406 0.995243
vt 0.437059 0.993896
vt 0.437059 0.995243
vt 0.457487 0.807460
vt 0.457487 0.814204
vt 0.450771 0.814204
vt 0.484174 0.224914
vt 0.484174 0.230309
vt 0.477458 0.224914
vt 0.477458 0.230309
vt 0.479762 0.642455
vt 0.479762 0.647850
vt 0.473046 0.642455
vt 0.473046 0.647850
vt 0.498380 0.729080
vt 0.498380 0.734475
vt 0.491665 0.729080
vt 0.491665 0.734475
vt 0.451458 0.413454
vt 0.451458 0.420199
vt 0.444742 0.413454
vt 0.428688 0.993896
vt 0.430035 0.993896
vt 0.428688 0.995243
vt 0.430035 0.995243
vt 0.872233 0.993693
vt 0.872233 0.995039
vt 0.870887 0.993693
vt 0.870887 0.995039
vt 0.450771 0.815553
vt 0.449422 0.807460
vt 0.449422 0.815553
vt 0.477458 0.231657
vt 0.476109 0.223565
vt 0.477458 0.223565
vt 0.476109 0.231657
vt 0.473046 0.649199
vt 0.471698 0.641106
vt 0.473046 0.641106
vt 0.471698 0.649199
vt 0.491665 0.735824
vt 0.490316 0.727731
vt 0.491665 0.727731
vt 0.490316 0.735824
vt 0.444742 0.412106
vt 0.443393 0.412106
vt 0.443393 0.420199
vt 0.745262 0.597377
vt 0.745262 0.654032
vt 0.729131 0.597377
vt 0.729131 0.654032
vt 0.734542 0.472622
vt 0.734542 0.479355
vt 0.733196 0.479355
vt 0.734542 0.482048
vt 0.734542 0.484741
vt 0.733196 0.482048
vt 0.733196 0.484741
vt 0.734542 0.488781
vt 0.734542 0.491474
vt 0.733196 0.488781
vt 0.733196 0.491474
vt 0.734542 0.494168
vt 0.734542 0.496861
vt 0.733196 0.494168
vt 0.733196 0.496861
vt 0.734542 0.500901
vt 0.734542 0.503594
vt 0.733196 0.500901
vt 0.733196 0.503594
vt 0.734542 0.506287
vt 0.734542 0.508980
vt 0.733196 0.506287
vt 0.733196 0.508980
vt 0.734542 0.513020
vt 0.734542 0.515713
vt 0.733196 0.513020
vt 0.733196 0.515713
vt 0.734542 0.518406
vt 0.734542 0.521099
vt 0.733196 0.518406
vt 0.733196 0.521099
vt 0.734542 0.525139
vt 0.734542 0.529179
vt 0.733196 0.525139
vt 0.731849 0.472622
vt 0.731849 0.529179
vt 0.106624 0.961614
vt 0.110669 0.961614
vt 0.106624 0.966993
vt 0.110669 0.966993
vt 0.165295 0.993653
vt 0.165295 0.994999
vt 0.163949 0.993653
vt 0.163949 0.994999
vt 0.615306 0.993465
vt 0.615306 0.994812
vt 0.613960 0.993465
vt 0.613960 0.994812
vt 0.964905 0.993252
vt 0.964905 0.994599
vt 0.963558 0.993252
vt 0.963558 0.994599
vt 0.726289 0.664326
vt 0.726289 0.722229
vt 0.723596 0.664326
vt 0.723596 0.722229
vt 0.572106 0.941633
vt 0.572106 0.948374
vt 0.570758 0.942981
vt 0.570758 0.947026
vt 0.722143 0.478237
vt 0.722143 0.537642
vt 0.719457 0.478237
vt 0.719457 0.537642
vt 0.565393 0.942981
vt 0.565393 0.947026
vt 0.876222 0.961986
vt 0.880267 0.961986
vt 0.876222 0.967366
vt 0.880267 0.967366
vt 0.564045 0.941633
vt 0.564045 0.948374
vt 0.392367 0.989713
vt 0.392367 0.991060
vt 0.391021 0.989713
vt 0.391021 0.991060
vt 0.009037 0.940899
vt 0.009037 0.947640
vt 0.007689 0.942248
vt 0.007689 0.946292
vt 0.002325 0.942248
vt 0.002325 0.946292
vt 0.000977 0.940899
vt 0.000977 0.947640
vt 0.959793 0.895649
vt 0.955767 0.890244
vt 0.959793 0.890244
vt 0.955767 0.895649
vt 0.912226 0.768689
vt 0.906859 0.765991
vt 0.917607 0.765991
vt 0.908208 0.768689
vt 0.912226 0.774084
vt 0.908208 0.774084
vt 0.917607 0.776781
vt 0.906859 0.776781
vt 0.893349 0.745385
vt 0.879904 0.742687
vt 0.896032 0.742687
vt 0.882602 0.745385
vt 0.893349 0.756174
vt 0.882602 0.756174
vt 0.896032 0.758872
vt 0.879904 0.758872
vt 0.762958 0.768768
vt 0.752164 0.787588
vt 0.752164 0.744580
vt 0.762958 0.784903
vt 0.779149 0.768768
vt 0.779149 0.784903
vt 0.789944 0.744580
vt 0.789944 0.787588
vt 0.808153 0.209231
vt 0.804127 0.171395
vt 0.808153 0.171395
vt 0.804127 0.209231
vt 0.806969 0.434369
vt 0.805623 0.396665
vt 0.806969 0.396665
vt 0.805623 0.434369
vt 0.204872 0.797194
vt 0.206220 0.795845
vt 0.206220 0.797194
vt 0.203523 0.802558
vt 0.204872 0.802558
vt 0.203523 0.797194
vt 0.198131 0.797194
vt 0.196782 0.802558
vt 0.198131 0.802558
vt 0.196782 0.797194
vt 0.191389 0.797194
vt 0.190041 0.802558
vt 0.191389 0.802558
vt 0.190041 0.797194
vt 0.185996 0.797194
vt 0.184648 0.802558
vt 0.185996 0.802558
vt 0.184648 0.797194
vt 0.179255 0.797194
vt 0.177907 0.802558
vt 0.179255 0.802558
vt 0.177907 0.797194
vt 0.172514 0.797194
vt 0.171166 0.802558
vt 0.172514 0.802558
vt 0.171166 0.797194
vt 0.169817 0.797194
vt 0.169817 0.795845
vt 0.768288 0.317332
vt 0.781779 0.286415
vt 0.781779 0.317332
vt 0.762892 0.329417
vt 0.768288 0.329417
vt 0.762892 0.286415
vt 0.275879 0.795762
vt 0.313649 0.787696
vt 0.313649 0.795762
vt 0.275879 0.787696
vt 0.088652 0.794474
vt 0.126436 0.787755
vt 0.126436 0.794474
vt 0.088652 0.787755
vt 0.775587 0.046944
vt 0.764793 0.089951
vt 0.764793 0.046944
vt 0.775587 0.059045
vt 0.783683 0.059045
vt 0.783683 0.089951
vt 0.714583 0.493415
vt 0.710557 0.481253
vt 0.714583 0.481253
vt 0.710557 0.493415
vt 0.734704 0.906040
vt 0.733357 0.893920
vt 0.734704 0.893920
vt 0.733357 0.906040
vt 0.971663 0.774796
vt 0.970312 0.780168
vt 0.970312 0.774796
vt 0.971663 0.780168
vt 0.229085 0.832459
vt 0.198169 0.810874
vt 0.229085 0.810874
vt 0.198169 0.832459
vt 0.806289 0.474912
vt 0.804943 0.437208
vt 0.806289 0.437208
vt 0.804943 0.474912
vt 0.815372 0.050876
vt 0.811346 0.038714
vt 0.815372 0.038714
vt 0.811346 0.050876
vt 0.556022 0.090658
vt 0.554676 0.077193
vt 0.556022 0.077193
vt 0.554676 0.090658
vt 0.905648 0.373633
vt 0.898933 0.372285
vt 0.905648 0.372285
vt 0.900282 0.373633
vt 0.900282 0.377679
vt 0.905648 0.380376
vt 0.905648 0.377679
vt 0.900282 0.380376
vt 0.900282 0.384422
vt 0.898933 0.384422
vt 0.083041 0.638189
vt 0.081693 0.634144
vt 0.083041 0.634144
vt 0.088407 0.639538
vt 0.088407 0.638189
vt 0.083041 0.639538
vt 0.083041 0.644932
vt 0.088407 0.647629
vt 0.088407 0.644932
vt 0.081693 0.647629
vt 0.162162 0.886265
vt 0.166209 0.890312
vt 0.155445 0.890312
vt 0.166209 0.886265
vt 0.949503 0.292381
vt 0.946803 0.293730
vt 0.946803 0.287011
vt 0.949503 0.293730
vt 0.950852 0.287011
vt 0.950852 0.291031
vt 0.950852 0.292381
vt 0.155445 0.874123
vt 0.162162 0.874123
vt 0.169047 0.895002
vt 0.169047 0.882878
vt 0.175783 0.882878
vt 0.945346 0.332087
vt 0.943995 0.332087
vt 0.943995 0.328065
vt 0.946696 0.333437
vt 0.945346 0.333437
vt 0.948046 0.328065
vt 0.946696 0.334787
vt 0.948046 0.334787
vt 0.175783 0.899044
vt 0.165034 0.895002
vt 0.165034 0.899044
vt 0.093120 0.877798
vt 0.087740 0.869708
vt 0.093120 0.869708
vt 0.087740 0.877798
vt 0.885802 0.961986
vt 0.883106 0.967366
vt 0.883106 0.961986
vt 0.885802 0.967366
vt 0.661939 0.993670
vt 0.660592 0.992323
vt 0.661939 0.992323
vt 0.660592 0.993670
vt 0.653568 0.993670
vt 0.652222 0.992323
vt 0.653568 0.992323
vt 0.652222 0.993670
vt 0.337474 0.602612
vt 0.342873 0.560941
vt 0.342873 0.630871
vt 0.337474 0.571710
vt 0.334775 0.571710
vt 0.334775 0.560941
vt 0.109477 0.545450
vt 0.102758 0.536004
vt 0.109477 0.536004
vt 0.102758 0.545450
vt 0.332076 0.608011
vt 0.332076 0.602612
vt 0.323978 0.614732
vt 0.323978 0.608011
vt 0.318579 0.624123
vt 0.318579 0.614732
vt 0.281238 0.624123
vt 0.270440 0.614732
vt 0.281238 0.614732
vt 0.267741 0.608011
vt 0.270440 0.608011
vt 0.262342 0.602612
vt 0.267741 0.602612
vt 0.262342 0.571710
vt 0.265041 0.560941
vt 0.265041 0.571710
vt 0.256943 0.630871
vt 0.256943 0.560941
vt 0.085967 0.059434
vt 0.079248 0.049988
vt 0.085967 0.049988
vt 0.079248 0.059434
vt 0.816335 0.993535
vt 0.814988 0.992189
vt 0.816335 0.992189
vt 0.814988 0.993535
vt 0.361107 0.990943
vt 0.359760 0.989596
vt 0.361107 0.989596
vt 0.359760 0.990943
vt 0.753658 0.477573
vt 0.748282 0.424953
vt 0.753658 0.424953
vt 0.748282 0.477573
vt 0.646192 0.913420
vt 0.640817 0.902626
vt 0.646192 0.902626
vt 0.640817 0.913420
vt 0.901392 0.856794
vt 0.896016 0.844651
vt 0.901392 0.844651
vt 0.896016 0.856794
vt 0.628014 0.619881
vt 0.622622 0.544550
vt 0.628014 0.544550
vt 0.622622 0.619881
vt 0.598185 0.628619
vt 0.592793 0.553287
vt 0.598185 0.553287
vt 0.592793 0.628619
vt 0.993050 0.945297
vt 0.991703 0.943950
vt 0.993050 0.943950
vt 0.991703 0.945297
vt 0.993050 0.932741
vt 0.991703 0.931395
vt 0.993050 0.931395
vt 0.991703 0.932741
vt 0.633678 0.623216
vt 0.637727 0.553287
vt 0.637727 0.628586
vt 0.633678 0.553287
vt 0.952213 0.773757
vt 0.948165 0.780476
vt 0.948165 0.773757
vt 0.952213 0.780476
vt 0.632328 0.628586
vt 0.628279 0.639327
vt 0.632328 0.644725
vt 0.628279 0.623216
vt 0.594140 0.635497
vt 0.592793 0.631457
vt 0.594140 0.631457
vt 0.592793 0.635497
vt 0.553149 0.639327
vt 0.549100 0.644725
vt 0.553149 0.623216
vt 0.549100 0.628586
vt 0.547751 0.623216
vt 0.543702 0.628586
vt 0.547751 0.553287
vt 0.543702 0.553287
vt 0.067756 0.951037
vt 0.063707 0.957756
vt 0.063707 0.951037
vt 0.067756 0.957756
vt 0.991556 0.924370
vt 0.990210 0.923024
vt 0.991556 0.923024
vt 0.990210 0.924370
vt 0.991556 0.920185
vt 0.990210 0.918839
vt 0.991556 0.918839
vt 0.990210 0.920185
vt 0.946308 0.202628
vt 0.939595 0.201280
vt 0.947656 0.201280
vt 0.940943 0.202628
vt 0.946308 0.206672
vt 0.940943 0.206672
vt 0.947656 0.208020
vt 0.939595 0.208020
vt 0.752879 0.943338
vt 0.746166 0.941990
vt 0.754227 0.941990
vt 0.747514 0.943338
vt 0.752879 0.947382
vt 0.747514 0.947382
vt 0.754227 0.948730
vt 0.746166 0.948730
vt 0.992688 0.894752
vt 0.991341 0.893405
vt 0.992688 0.893405
vt 0.991341 0.894752
vt 0.471925 0.962204
vt 0.467880 0.967583
vt 0.467880 0.962204
vt 0.471925 0.967583
vt 0.665530 0.997855
vt 0.664183 0.996509
vt 0.665530 0.996509
vt 0.664183 0.997855
vt 0.816292 0.961292
vt 0.812247 0.966672
vt 0.812247 0.961292
vt 0.816292 0.966672
vt 0.992688 0.890566
vt 0.991341 0.889220
vt 0.992688 0.889220
vt 0.991341 0.890566
vt 0.974662 0.586876
vt 0.973316 0.582837
vt 0.974662 0.582837
vt 0.973316 0.586876
vt 0.953497 0.980224
vt 0.952151 0.976184
vt 0.953497 0.976184
vt 0.952151 0.980224
vt 0.992589 0.782131
vt 0.991243 0.780784
vt 0.992589 0.780784
vt 0.991243 0.782131
vt 0.931543 0.918270
vt 0.930194 0.926335
vt 0.930194 0.918270
vt 0.931543 0.926335
vt 0.377420 0.937490
vt 0.369354 0.936141
vt 0.377420 0.936141
vt 0.369354 0.937490
vt 0.964915 0.405329
vt 0.963566 0.410709
vt 0.963566 0.405329
vt 0.964915 0.410709
vt 0.020280 0.961218
vt 0.018932 0.966598
vt 0.018932 0.961218
vt 0.020280 0.966598
vt 0.965060 0.388879
vt 0.963711 0.394258
vt 0.963711 0.388879
vt 0.965060 0.394258
vt 0.965077 0.369381
vt 0.963728 0.374760
vt 0.963728 0.369381
vt 0.965077 0.374760
vt 0.992589 0.777945
vt 0.991243 0.776599
vt 0.992589 0.776599
vt 0.991243 0.777945
vt 0.992589 0.773760
vt 0.991243 0.772413
vt 0.992589 0.772413
vt 0.991243 0.773760
vt 0.718279 0.941368
vt 0.711566 0.940020
vt 0.719627 0.940020
vt 0.712914 0.941368
vt 0.718279 0.945413
vt 0.712914 0.945413
vt 0.719627 0.946761
vt 0.711566 0.946761
vt 0.565869 0.346557
vt 0.564523 0.327705
vt 0.565869 0.327705
vt 0.564523 0.346557
vt 0.397226 0.730136
vt 0.395879 0.728790
vt 0.397226 0.728790
vt 0.401266 0.731483
vt 0.401266 0.730136
vt 0.397226 0.731483
vt 0.397226 0.735522
vt 0.401266 0.736869
vt 0.401266 0.735522
vt 0.397226 0.736869
vt 0.996530 0.865837
vt 0.995184 0.864490
vt 0.996530 0.864490
vt 0.995184 0.865837
vt 0.208781 0.968012
vt 0.204731 0.973384
vt 0.204731 0.968012
vt 0.208781 0.973384
vt 0.397226 0.739562
vt 0.401266 0.740909
vt 0.401266 0.739562
vt 0.397226 0.740909
vt 0.397226 0.744949
vt 0.880569 0.825347
vt 0.876543 0.809132
vt 0.880569 0.809132
vt 0.876543 0.825347
vt 0.401266 0.746295
vt 0.401266 0.744949
vt 0.397226 0.746295
vt 0.397226 0.747642
vt 0.395879 0.747642
vt 0.993097 0.697868
vt 0.991751 0.696521
vt 0.993097 0.696521
vt 0.991751 0.697868
vt 0.993097 0.668570
vt 0.991751 0.667224
vt 0.993097 0.667224
vt 0.991751 0.668570
vt 0.941157 0.325976
vt 0.939808 0.334042
vt 0.939808 0.325976
vt 0.941157 0.334042
vt 0.072654 0.840005
vt 0.044432 0.829211
vt 0.072654 0.829211
vt 0.044432 0.840005
vt 0.046944 0.759203
vt 0.090034 0.755164
vt 0.090034 0.759203
vt 0.046944 0.755164
vt 0.978916 0.726102
vt 0.977569 0.730141
vt 0.977569 0.726102
vt 0.978916 0.730141
vt 0.971763 0.148725
vt 0.970413 0.154098
vt 0.970413 0.148725
vt 0.971763 0.154098
vt 0.412052 0.969106
vt 0.410703 0.974475
vt 0.410703 0.969106
vt 0.412052 0.970455
vt 0.412052 0.971805
vt 0.412052 0.974475
vt 0.413401 0.970455
vt 0.413401 0.971805
vt 0.752465 0.692016
vt 0.751118 0.683936
vt 0.752465 0.683936
vt 0.751118 0.692016
vt 0.595656 0.204143
vt 0.594309 0.208183
vt 0.594309 0.204143
vt 0.595656 0.208183
vt 0.141549 0.737558
vt 0.140203 0.678308
vt 0.141549 0.678308
vt 0.140203 0.737558
vt 0.752322 0.484451
vt 0.748282 0.480411
vt 0.752322 0.480411
vt 0.750975 0.484451
vt 0.841682 0.912733
vt 0.840333 0.922143
vt 0.840333 0.911384
vt 0.841682 0.914081
vt 0.843030 0.912733
vt 0.843030 0.914081
vt 0.978907 0.723263
vt 0.977561 0.719223
vt 0.978907 0.719223
vt 0.977561 0.723263
vt 0.883020 0.981137
vt 0.880327 0.977097
vt 0.883020 0.977097
vt 0.880327 0.981137
vt 0.788330 0.891279
vt 0.773545 0.885883
vt 0.788330 0.885883
vt 0.773545 0.891279
vt 0.845727 0.911384
vt 0.845727 0.922143
vt 0.880617 0.835473
vt 0.875222 0.852951
vt 0.875222 0.835473
vt 0.880617 0.852951
vt 0.750975 0.527542
vt 0.752322 0.531582
vt 0.752322 0.527542
vt 0.748282 0.531582
vt 0.178529 0.737006
vt 0.175836 0.741046
vt 0.175836 0.737006
vt 0.178529 0.741046
vt 0.763132 0.952918
vt 0.760435 0.952918
vt 0.760435 0.951569
vt 0.764481 0.951569
vt 0.763132 0.958284
vt 0.764481 0.958284
vt 0.753069 0.983122
vt 0.751723 0.985815
vt 0.751723 0.983122
vt 0.753069 0.985815
vt 0.988814 0.515244
vt 0.987468 0.517937
vt 0.987468 0.515244
vt 0.988814 0.517937
vt 0.957957 0.846180
vt 0.956609 0.851546
vt 0.956609 0.844831
vt 0.957957 0.851546
vt 0.960655 0.844831
vt 0.960655 0.846180
vt 0.315494 0.990955
vt 0.314147 0.989609
vt 0.315494 0.989609
vt 0.314147 0.990955
vt 0.596480 0.647564
vt 0.595133 0.651604
vt 0.595133 0.647564
vt 0.596480 0.651604
vt 0.944998 0.764753
vt 0.942295 0.772805
vt 0.942295 0.764753
vt 0.944998 0.772805
vt 0.975604 0.874062
vt 0.974257 0.878102
vt 0.974257 0.874062
vt 0.975604 0.878102
vt 0.634828 0.383791
vt 0.629429 0.397230
vt 0.629429 0.383791
vt 0.634828 0.387839
vt 0.636177 0.387839
vt 0.636177 0.397230
vt 0.232569 0.497668
vt 0.231218 0.507072
vt 0.231218 0.497668
vt 0.232569 0.500371
vt 0.235273 0.500371
vt 0.235273 0.507072
vt 0.244481 0.998156
vt 0.243134 0.996809
vt 0.244481 0.996809
vt 0.243134 0.998156
vt 0.856730 0.505586
vt 0.855383 0.527087
vt 0.855383 0.505586
vt 0.856730 0.513614
vt 0.859425 0.513614
vt 0.859425 0.527087
vt 0.277472 0.560941
vt 0.272070 0.570339
vt 0.272070 0.560941
vt 0.277472 0.570339
vt 0.600640 0.693652
vt 0.595254 0.700385
vt 0.595254 0.693652
vt 0.600640 0.700385
vt 0.952421 0.826189
vt 0.948373 0.832908
vt 0.948373 0.826189
vt 0.952421 0.832908
vt 0.916277 0.163882
vt 0.913584 0.153109
vt 0.916277 0.153109
vt 0.913584 0.163882
vt 0.916706 0.418544
vt 0.914013 0.407771
vt 0.916706 0.407771
vt 0.914013 0.418544
vt 0.952213 0.783314
vt 0.948165 0.790033
vt 0.948165 0.783314
vt 0.952213 0.790033
vt 0.991827 0.446503
vt 0.990481 0.445156
vt 0.991827 0.445156
vt 0.990481 0.446503
vt 0.006512 0.988739
vt 0.005162 0.991425
vt 0.005162 0.988739
vt 0.006512 0.991425
vt 0.210592 0.988634
vt 0.209242 0.991320
vt 0.209242 0.988634
vt 0.210592 0.991320
vt 0.749512 0.988653
vt 0.748162 0.991340
vt 0.748162 0.988653
vt 0.749512 0.991340
vt 0.732757 0.988653
vt 0.731407 0.991340
vt 0.731407 0.988653
vt 0.732757 0.991340
vt 0.251793 0.987092
vt 0.250446 0.989785
vt 0.250446 0.987092
vt 0.251793 0.989785
vt 0.693736 0.742991
vt 0.692389 0.741645
vt 0.693736 0.741645
vt 0.692389 0.742991
vt 0.181701 0.988787
vt 0.180351 0.991473
vt 0.180351 0.988787
vt 0.181701 0.991473
vt 0.173324 0.988778
vt 0.171973 0.991464
vt 0.171973 0.988778
vt 0.173324 0.991464
vt 0.202215 0.988634
vt 0.200865 0.991320
vt 0.200865 0.988634
vt 0.202215 0.991320
vt 0.014890 0.988739
vt 0.013540 0.991425
vt 0.013540 0.988739
vt 0.014890 0.991425
vt 0.317907 0.984077
vt 0.316561 0.986770
vt 0.316561 0.984077
vt 0.317907 0.986770
vt 0.914235 0.255062
vt 0.911541 0.244289
vt 0.914235 0.244289
vt 0.911541 0.255062
vt 0.913009 0.482007
vt 0.906290 0.471212
vt 0.913009 0.471212
vt 0.906290 0.482007
vt 0.745775 0.919852
vt 0.743082 0.909079
vt 0.745775 0.909079
vt 0.743082 0.919852
vt 0.869087 0.722361
vt 0.867738 0.739849
vt 0.867738 0.722361
vt 0.869087 0.725060
vt 0.869087 0.727731
vt 0.869087 0.734451
vt 0.869087 0.737150
vt 0.869087 0.739849
vt 0.879883 0.725060
vt 0.879883 0.727731
vt 0.879883 0.734451
vt 0.879883 0.737150
vt 0.881233 0.722361
vt 0.879883 0.739849
vt 0.879883 0.722361
vt 0.881233 0.725060
vt 0.881233 0.739849
vt 0.581657 0.942981
vt 0.574944 0.941633
vt 0.583005 0.941633
vt 0.576293 0.942981
vt 0.581657 0.947026
vt 0.576293 0.947026
vt 0.583005 0.948374
vt 0.574944 0.948374
vt 0.131810 0.984096
vt 0.130464 0.986790
vt 0.130464 0.984096
vt 0.131810 0.986790
vt 0.948445 0.366931
vt 0.947095 0.373650
vt 0.947095 0.366931
vt 0.948445 0.373650
vt 0.857345 0.984100
vt 0.855999 0.986793
vt 0.855999 0.984100
vt 0.857345 0.986793
vt 0.949372 0.445845
vt 0.948022 0.452564
vt 0.948022 0.445845
vt 0.949372 0.452564
vt 0.983974 0.864866
vt 0.982628 0.867559
vt 0.982628 0.864866
vt 0.983974 0.867559
vt 0.592557 0.942981
vt 0.585844 0.941633
vt 0.593905 0.941633
vt 0.587192 0.942981
vt 0.592557 0.947026
vt 0.587192 0.947026
vt 0.593905 0.948374
vt 0.585844 0.948374
vt 0.753565 0.997720
vt 0.752219 0.996374
vt 0.753565 0.996374
vt 0.752219 0.997720
vt 0.778229 0.961634
vt 0.774184 0.967014
vt 0.774184 0.961634
vt 0.778229 0.967014
vt 0.988981 0.000977
vt 0.987634 0.003670
vt 0.987634 0.000977
vt 0.988981 0.003670
vt 0.675167 0.091428
vt 0.673820 0.090082
vt 0.675167 0.090082
vt 0.673820 0.091428
vt 0.184454 0.961257
vt 0.180409 0.966636
vt 0.180409 0.961257
vt 0.184454 0.966636
vt 0.672809 0.742991
vt 0.671463 0.741645
vt 0.672809 0.741645
vt 0.671463 0.742991
vt 0.086133 0.040536
vt 0.084787 0.039189
vt 0.086133 0.039189
vt 0.084787 0.040536
vt 0.598325 0.635497
vt 0.596979 0.631457
vt 0.598325 0.631457
vt 0.596979 0.635497
vt 0.535926 0.977215
vt 0.534575 0.981241
vt 0.534575 0.977215
vt 0.535926 0.981241
vt 0.978891 0.840526
vt 0.977544 0.836486
vt 0.978891 0.836486
vt 0.977544 0.840526
vt 0.631419 0.898982
vt 0.630072 0.897635
vt 0.631419 0.897635
vt 0.630072 0.898982
vt 0.996873 0.891213
vt 0.995527 0.889867
vt 0.996873 0.889867
vt 0.995527 0.891213
vt 0.284425 0.974660
vt 0.280399 0.970606
vt 0.284425 0.970606
vt 0.280399 0.974660
vt 0.964963 0.750155
vt 0.963615 0.755535
vt 0.963615 0.750155
vt 0.964963 0.755535
vt 0.528735 0.961177
vt 0.527387 0.966557
vt 0.527387 0.961177
vt 0.528735 0.966557
vt 0.630568 0.149839
vt 0.629222 0.148492
vt 0.630568 0.148492
vt 0.629222 0.149839
vt 0.965014 0.723001
vt 0.963666 0.728380
vt 0.963666 0.723001
vt 0.965014 0.728380
vt 0.965966 0.291598
vt 0.964617 0.296978
vt 0.964617 0.291598
vt 0.965966 0.296978
vt 0.796808 0.808201
vt 0.792782 0.773068
vt 0.796808 0.773068
vt 0.792782 0.808201
vt 0.916169 0.052601
vt 0.914823 0.041829
vt 0.916169 0.041829
vt 0.914823 0.052601
vt 0.122387 0.808243
vt 0.157520 0.804217
vt 0.157520 0.808243
vt 0.122387 0.804217
vt 0.253671 0.156182
vt 0.250985 0.148081
vt 0.253671 0.148081
vt 0.250985 0.156182
vt 0.259196 0.156182
vt 0.256509 0.148081
vt 0.259196 0.148081
vt 0.256509 0.156182
vt 0.489921 0.450533
vt 0.492607 0.451883
vt 0.489921 0.451883
vt 0.492607 0.450533
vt 0.508751 0.449183
vt 0.481849 0.450533
vt 0.508751 0.450533
vt 0.516823 0.449183
vt 0.519509 0.450533
vt 0.516823 0.450533
vt 0.481849 0.445133
vt 0.497993 0.445133
vt 0.499329 0.445133
vt 0.506051 0.445133
vt 0.499329 0.441083
vt 0.506051 0.441083
vt 0.497993 0.434333
vt 0.493957 0.416783
vt 0.493957 0.434333
vt 0.502029 0.416783
vt 0.506051 0.416783
vt 0.519509 0.416783
vt 0.502029 0.382133
vt 0.506051 0.382133
vt 0.493957 0.364583
vt 0.493957 0.382133
vt 0.519509 0.382133
vt 0.497993 0.364583
vt 0.499329 0.357833
vt 0.506051 0.357833
vt 0.497993 0.353783
vt 0.499329 0.353783
vt 0.506051 0.353783
vt 0.508751 0.349733
vt 0.481849 0.353783
vt 0.516823 0.349733
vt 0.481849 0.348383
vt 0.489921 0.348383
vt 0.492607 0.348383
vt 0.508751 0.348383
vt 0.516823 0.348383
vt 0.519509 0.348383
vt 0.489921 0.347033
vt 0.492607 0.347033
vt 0.996530 0.853281
vt 0.995184 0.851934
vt 0.996530 0.851934
vt 0.995184 0.853281
vt 0.624235 0.990626
vt 0.622888 0.989280
vt 0.624235 0.989280
vt 0.622888 0.990626
vt 0.305797 0.808027
vt 0.340900 0.802654
vt 0.340900 0.808027
vt 0.305797 0.802654
vt 0.689629 0.659016
vt 0.677538 0.641470
vt 0.689629 0.641470
vt 0.677538 0.659016
vt 0.956961 0.522112
vt 0.955612 0.523462
vt 0.955612 0.522112
vt 0.958310 0.523462
vt 0.956961 0.516744
vt 0.959659 0.516744
vt 0.959659 0.523462
vt 0.957427 0.471678
vt 0.956078 0.471678
vt 0.956078 0.464960
vt 0.958776 0.464960
vt 0.958776 0.470329
vt 0.960125 0.470329
vt 0.960125 0.471678
vt 0.997283 0.709222
vt 0.995936 0.707876
vt 0.997283 0.707876
vt 0.995936 0.709222
vt 0.879628 0.903365
vt 0.879628 0.910084
vt 0.086028 0.999008
vt 0.084681 0.997661
vt 0.086028 0.997661
vt 0.084681 0.999008
vt 0.141831 0.950885
vt 0.140482 0.957604
vt 0.140482 0.950885
vt 0.141831 0.957604
vt 0.007863 0.510753
vt 0.005166 0.516134
vt 0.005166 0.510753
vt 0.010561 0.500005
vt 0.007863 0.495973
vt 0.010561 0.505372
vt 0.011909 0.495973
vt 0.011909 0.500005
vt 0.011909 0.505372
vt 0.011909 0.516134
vt 0.854361 0.977235
vt 0.851658 0.981261
vt 0.851658 0.977235
vt 0.854361 0.981261
vt 0.006514 0.523005
vt 0.005166 0.523005
vt 0.005166 0.518973
vt 0.006514 0.528372
vt 0.005166 0.539133
vt 0.005166 0.528372
vt 0.009212 0.518973
vt 0.009212 0.533753
vt 0.011909 0.533753
vt 0.011909 0.539133
vt 0.948021 0.424051
vt 0.946671 0.430770
vt 0.946671 0.424051
vt 0.948021 0.430770
vt 0.957606 0.044573
vt 0.956257 0.045922
vt 0.956257 0.044573
vt 0.958955 0.045922
vt 0.957606 0.039204
vt 0.960304 0.039204
vt 0.960304 0.045922
vt 0.988153 0.653114
vt 0.985459 0.650420
vt 0.988153 0.650420
vt 0.985459 0.653114
vt 0.924664 0.510643
vt 0.916574 0.521402
vt 0.916574 0.510643
vt 0.924664 0.521402
vt 0.307356 0.958297
vt 0.306007 0.958297
vt 0.306007 0.951580
vt 0.308705 0.951580
vt 0.308705 0.956948
vt 0.310054 0.956948
vt 0.310054 0.958297
vt 0.272306 0.896654
vt 0.268288 0.895305
vt 0.283068 0.895305
vt 0.269637 0.896654
vt 0.272306 0.899351
vt 0.269637 0.899351
vt 0.283068 0.900700
vt 0.268288 0.900700
vt 0.949312 0.973359
vt 0.945286 0.969305
vt 0.949312 0.969305
vt 0.945286 0.973359
vt 0.983974 0.842739
vt 0.982628 0.845432
vt 0.982628 0.842739
vt 0.983974 0.845432
vt 0.424540 0.956693
vt 0.423191 0.958042
vt 0.423191 0.956693
vt 0.425889 0.958042
vt 0.424540 0.951324
vt 0.427239 0.951324
vt 0.427239 0.958042
vt 0.453973 0.959194
vt 0.452624 0.959194
vt 0.452624 0.952476
vt 0.455322 0.952476
vt 0.455322 0.957844
vt 0.456671 0.957844
vt 0.456671 0.959194
vt 0.904046 0.129855
vt 0.898652 0.129855
vt 0.898652 0.128507
vt 0.904046 0.135221
vt 0.898652 0.136569
vt 0.898652 0.135221
vt 0.904046 0.136569
vt 0.904046 0.140586
vt 0.898652 0.141934
vt 0.898652 0.140586
vt 0.906742 0.128507
vt 0.906742 0.141934
vt 0.117908 0.980948
vt 0.116561 0.976908
vt 0.117908 0.976908
vt 0.116561 0.980948
vt 0.980655 0.220002
vt 0.979308 0.215962
vt 0.980655 0.215962
vt 0.979308 0.220002
vt 0.069110 0.735883
vt 0.067763 0.722418
vt 0.069110 0.722418
vt 0.067763 0.735883
vt 0.628133 0.367512
vt 0.628133 0.380952
vt 0.602750 0.989486
vt 0.601404 0.990833
vt 0.601404 0.989486
vt 0.602750 0.990833
vt 0.105970 0.696798
vt 0.099254 0.695449
vt 0.105970 0.695449
vt 0.100603 0.696798
vt 0.258994 0.364641
vt 0.253628 0.363292
vt 0.260343 0.363292
vt 0.253628 0.364641
vt 0.666161 0.907231
vt 0.676971 0.903205
vt 0.676971 0.907231
vt 0.666161 0.903205
vt 0.962029 0.564399
vt 0.959336 0.559013
vt 0.962029 0.559013
vt 0.959336 0.564399
vt 0.258994 0.368687
vt 0.100603 0.702194
vt 0.258994 0.370035
vt 0.253628 0.368687
vt 0.253628 0.370035
vt 0.103273 0.703543
vt 0.103273 0.702194
vt 0.100603 0.703543
vt 0.969523 0.515600
vt 0.966823 0.520972
vt 0.966823 0.515600
vt 0.969523 0.520972
vt 0.968106 0.248152
vt 0.965405 0.253524
vt 0.965405 0.248152
vt 0.968106 0.253524
vt 0.105970 0.708939
vt 0.099254 0.708939
vt 0.011906 0.959908
vt 0.009213 0.954521
vt 0.011906 0.954521
vt 0.009213 0.959908
vt 0.260343 0.376779
vt 0.253628 0.376779
vt 0.899966 0.181592
vt 0.898618 0.193666
vt 0.898618 0.180244
vt 0.899966 0.186955
vt 0.899966 0.188303
vt 0.899966 0.192318
vt 0.707108 0.907231
vt 0.717918 0.903205
vt 0.717918 0.907231
vt 0.707108 0.903205
vt 0.905358 0.180244
vt 0.905358 0.181592
vt 0.905358 0.186955
vt 0.905358 0.188303
vt 0.905358 0.192318
vt 0.905358 0.193666
vt 0.601970 0.770769
vt 0.600623 0.769422
vt 0.601970 0.769422
vt 0.600623 0.770769
vt 0.954892 0.433812
vt 0.953542 0.440531
vt 0.953542 0.433812
vt 0.954892 0.440531
vt 0.839160 0.705925
vt 0.836461 0.711294
vt 0.836461 0.705925
vt 0.841859 0.695172
vt 0.839160 0.687104
vt 0.841859 0.700541
vt 0.843208 0.687104
vt 0.843208 0.695172
vt 0.843208 0.700541
vt 0.843208 0.711294
vt 0.837811 0.722201
vt 0.836461 0.722201
vt 0.836461 0.714133
vt 0.837811 0.727570
vt 0.836461 0.738323
vt 0.836461 0.727570
vt 0.840510 0.714133
vt 0.840510 0.732954
vt 0.843208 0.732954
vt 0.843208 0.738323
vt 0.956397 0.424254
vt 0.955047 0.430973
vt 0.955047 0.424254
vt 0.956397 0.430973
vt 0.955079 0.632503
vt 0.953730 0.633852
vt 0.953730 0.632503
vt 0.956429 0.633852
vt 0.955079 0.627134
vt 0.957778 0.627134
vt 0.957778 0.633852
vt 0.334454 0.553296
vt 0.325042 0.539810
vt 0.334454 0.539810
vt 0.325042 0.553296
vt 0.346705 0.553296
vt 0.337293 0.539811
vt 0.346705 0.539811
vt 0.337293 0.553296
vt 0.321128 0.958297
vt 0.319779 0.958297
vt 0.319779 0.951580
vt 0.322477 0.951580
vt 0.322477 0.956948
vt 0.323827 0.956948
vt 0.323827 0.958297
vt 0.437062 0.918182
vt 0.447851 0.908770
vt 0.447851 0.918182
vt 0.437062 0.908770
vt 0.822259 0.957104
vt 0.820909 0.958454
vt 0.820909 0.957104
vt 0.823608 0.958454
vt 0.822259 0.951736
vt 0.824957 0.951736
vt 0.824957 0.958454
vt 0.018757 0.958380
vt 0.017408 0.958380
vt 0.017408 0.951662
vt 0.020106 0.951662
vt 0.020106 0.957030
vt 0.021455 0.957030
vt 0.021455 0.958380
vt 0.611713 0.951070
vt 0.606315 0.957789
vt 0.606315 0.951070
vt 0.611713 0.957789
vt 0.040319 0.898954
vt 0.038972 0.897608
vt 0.040319 0.897608
vt 0.038972 0.898954
vt 0.878821 0.974258
vt 0.874795 0.970204
vt 0.878821 0.970204
vt 0.874795 0.974258
vt 0.398786 0.977317
vt 0.396083 0.981343
vt 0.396083 0.977317
vt 0.398786 0.981343
vt 0.081842 0.999008
vt 0.080496 0.997661
vt 0.081842 0.997661
vt 0.080496 0.999008
vt 0.952234 0.328065
vt 0.950884 0.334784
vt 0.950884 0.328065
vt 0.952234 0.334784
vt 0.858729 0.114568
vt 0.856030 0.119937
vt 0.856030 0.114568
vt 0.861427 0.103816
vt 0.858729 0.098433
vt 0.861427 0.109185
vt 0.862777 0.098433
vt 0.862777 0.103816
vt 0.862777 0.109185
vt 0.862777 0.119937
vt 0.983076 0.837207
vt 0.981730 0.839900
vt 0.981730 0.837207
vt 0.983076 0.839900
vt 0.065888 0.859310
vt 0.065888 0.857961
vt 0.071271 0.857961
vt 0.060519 0.859310
vt 0.049767 0.857961
vt 0.060519 0.857961
vt 0.071271 0.862009
vt 0.055136 0.862009
vt 0.055136 0.864707
vt 0.049767 0.864707
vt 0.949713 0.807074
vt 0.948363 0.813792
vt 0.948363 0.807074
vt 0.949713 0.813792
vt 0.585228 0.770769
vt 0.583882 0.769422
vt 0.585228 0.769422
vt 0.583882 0.770769
vt 0.860762 0.956611
vt 0.859413 0.957960
vt 0.859413 0.956611
vt 0.862111 0.957960
vt 0.860762 0.951243
vt 0.863460 0.951243
vt 0.863460 0.957960
vt 0.224767 0.264079
vt 0.223418 0.264079
vt 0.223418 0.257361
vt 0.226117 0.257361
vt 0.226117 0.262729
vt 0.227466 0.262729
vt 0.227466 0.264079
vt 0.788673 0.975319
vt 0.784647 0.971265
vt 0.788673 0.971265
vt 0.784647 0.975319
vt 0.984426 0.815079
vt 0.983079 0.817772
vt 0.983079 0.815079
vt 0.984426 0.817772
vt 0.588655 0.956581
vt 0.587306 0.957930
vt 0.587306 0.956581
vt 0.590004 0.957930
vt 0.588655 0.951212
vt 0.591354 0.951212
vt 0.591354 0.957930
vt 0.956157 0.871136
vt 0.954808 0.871136
vt 0.954808 0.864418
vt 0.957506 0.864418
vt 0.957506 0.869786
vt 0.958855 0.869786
vt 0.958855 0.871136
vt 0.578531 0.545656
vt 0.577184 0.544309
vt 0.578531 0.544309
vt 0.577184 0.545656
vt 0.574346 0.545656
vt 0.572999 0.544309
vt 0.574346 0.544309
vt 0.572999 0.545656
vt 0.947384 0.546649
vt 0.946035 0.553368
vt 0.946035 0.546649
vt 0.947384 0.553368
vt 0.805647 0.950966
vt 0.804298 0.957685
vt 0.804298 0.950966
vt 0.805647 0.957685
vt 0.655527 0.528239
vt 0.655527 0.530950
vt 0.647422 0.530950
vt 0.659566 0.520106
vt 0.659566 0.528239
vt 0.651461 0.517846
vt 0.662277 0.520106
vt 0.659566 0.517846
vt 0.659566 0.513780
vt 0.660921 0.513780
vt 0.651461 0.512424
vt 0.660921 0.512424
vt 0.662277 0.512424
vt 0.651461 0.509713
vt 0.663632 0.512424
vt 0.662277 0.509713
vt 0.651461 0.504291
vt 0.662277 0.504291
vt 0.663632 0.504291
vt 0.651461 0.501580
vt 0.664988 0.504291
vt 0.663632 0.501580
vt 0.651461 0.496158
vt 0.663632 0.496158
vt 0.651461 0.493447
vt 0.663632 0.493447
vt 0.651461 0.488024
vt 0.663632 0.488024
vt 0.651461 0.485313
vt 0.662277 0.485313
vt 0.663632 0.485313
vt 0.664988 0.485313
vt 0.651461 0.479891
vt 0.662277 0.479891
vt 0.651461 0.477180
vt 0.660921 0.477180
vt 0.662277 0.477180
vt 0.663632 0.477180
vt 0.660921 0.475825
vt 0.651461 0.471758
vt 0.659566 0.471758
vt 0.659566 0.475825
vt 0.659566 0.469047
vt 0.662277 0.469047
vt 0.655527 0.460914
vt 0.659566 0.460914
vt 0.647422 0.458203
vt 0.655527 0.458203
vt 0.337312 0.101954
vt 0.338665 0.103306
vt 0.337312 0.103306
vt 0.338665 0.100601
vt 0.331931 0.101954
vt 0.337312 0.088430
vt 0.340017 0.100601
vt 0.340017 0.088430
vt 0.160295 0.484592
vt 0.156248 0.484592
vt 0.156248 0.476527
vt 0.161644 0.476527
vt 0.160295 0.485941
vt 0.161644 0.485941
vt 0.923500 0.393944
vt 0.918106 0.404703
vt 0.918106 0.393944
vt 0.923500 0.404703
vt 0.414327 0.907362
vt 0.402236 0.901963
vt 0.414327 0.901963
vt 0.402236 0.907362
vt 0.072807 0.510942
vt 0.071460 0.502862
vt 0.072807 0.502862
vt 0.071460 0.510942
vt 0.434224 0.907061
vt 0.422132 0.901662
vt 0.434224 0.901662
vt 0.422132 0.907061
vt 0.921688 0.793218
vt 0.916295 0.803977
vt 0.916295 0.793218
vt 0.921688 0.803977
vt 0.152408 0.112826
vt 0.151059 0.114175
vt 0.151059 0.104761
vt 0.152408 0.114175
vt 0.156454 0.104761
vt 0.156454 0.112826
vt 0.337312 0.015853
vt 0.338665 0.003681
vt 0.340017 0.015853
vt 0.340017 0.003681
vt 0.331931 0.002329
vt 0.337312 0.002329
vt 0.337312 0.000977
vt 0.338665 0.000977
vt 0.287457 0.172252
vt 0.287457 0.169548
vt 0.290132 0.169548
vt 0.290132 0.177659
vt 0.286105 0.172252
vt 0.286105 0.177659
vt 0.561174 0.670602
vt 0.559827 0.669255
vt 0.561174 0.669255
vt 0.559827 0.670602
vt 0.556190 0.899828
vt 0.554843 0.898482
vt 0.556190 0.898482
vt 0.554843 0.899828
vt 0.069286 0.999008
vt 0.067940 0.997661
vt 0.069286 0.997661
vt 0.067940 0.999008
vt 0.984218 0.770211
vt 0.982872 0.767518
vt 0.984218 0.767518
vt 0.982872 0.770211
vt 0.552381 0.990962
vt 0.551034 0.989615
vt 0.552381 0.989615
vt 0.551034 0.990962
vt 0.783247 0.832253
vt 0.783247 0.834946
vt 0.781900 0.834946
vt 0.783247 0.829559
vt 0.784593 0.832253
vt 0.784593 0.829559
vt 0.781900 0.826866
vt 0.783247 0.826866
vt 0.997235 0.932420
vt 0.995888 0.931073
vt 0.997235 0.931073
vt 0.995888 0.932420
vt 0.988493 0.577076
vt 0.987146 0.574383
vt 0.988493 0.574383
vt 0.987146 0.577076
vt 0.544604 0.802571
vt 0.543258 0.801225
vt 0.544604 0.801225
vt 0.543258 0.802571
vt 0.995406 0.882843
vt 0.994059 0.881496
vt 0.995406 0.881496
vt 0.994059 0.882843
vt 0.532410 0.990958
vt 0.531063 0.989612
vt 0.532410 0.989612
vt 0.531063 0.990958
vt 0.305302 0.029559
vt 0.306624 0.034959
vt 0.302602 0.034959
vt 0.306624 0.029559
vt 0.302602 0.026858
vt 0.305302 0.026858
vt 0.931407 0.440270
vt 0.930058 0.448338
vt 0.930058 0.440270
vt 0.931407 0.445653
vt 0.932757 0.445653
vt 0.932757 0.448338
vt 0.714000 0.247819
vt 0.712648 0.186101
vt 0.714000 0.186101
vt 0.712648 0.247819
vt 0.819063 0.194053
vt 0.813701 0.194053
vt 0.819063 0.192705
vt 0.811005 0.194053
vt 0.813701 0.192705
vt 0.813701 0.187315
vt 0.819063 0.187315
vt 0.819063 0.185967
vt 0.813701 0.185967
vt 0.813701 0.180577
vt 0.819063 0.180577
vt 0.819063 0.179229
vt 0.813701 0.179229
vt 0.813701 0.175186
vt 0.819063 0.175186
vt 0.819063 0.173838
vt 0.813701 0.173838
vt 0.813701 0.168448
vt 0.819063 0.168448
vt 0.819063 0.167100
vt 0.813701 0.167100
vt 0.813701 0.161710
vt 0.811005 0.161710
vt 0.967267 0.192133
vt 0.967267 0.197505
vt 0.965917 0.192133
vt 0.965917 0.197505
vt 0.996530 0.857466
vt 0.995184 0.857466
vt 0.996530 0.856120
vt 0.995184 0.856120
vt 0.779062 0.832408
vt 0.748146 0.832408
vt 0.779062 0.810823
vt 0.748146 0.810823
vt 0.160895 0.963514
vt 0.160895 0.968886
vt 0.159544 0.963514
vt 0.159544 0.968886
vt 0.971013 0.495707
vt 0.971013 0.501079
vt 0.969662 0.495707
vt 0.969662 0.501079
vt 0.900959 0.533299
vt 0.898264 0.533299
vt 0.900959 0.529256
vt 0.906322 0.529256
vt 0.906322 0.526561
vt 0.900959 0.526561
vt 0.900959 0.521170
vt 0.898264 0.521170
vt 0.476576 0.889678
vt 0.476576 0.886982
vt 0.481968 0.889678
vt 0.481968 0.895041
vt 0.483316 0.895041
vt 0.483316 0.889678
vt 0.488707 0.889678
vt 0.490055 0.889678
vt 0.488707 0.895041
vt 0.490055 0.886982
vt 0.491403 0.895041
vt 0.491403 0.889678
vt 0.984218 0.761986
vt 0.984218 0.764679
vt 0.982872 0.761986
vt 0.982872 0.764679
vt 0.530623 0.628672
vt 0.529276 0.628672
vt 0.530623 0.627325
vt 0.529276 0.627325
vt 0.893160 0.999023
vt 0.891813 0.999023
vt 0.893160 0.997677
vt 0.891813 0.997677
vt 0.072876 0.825195
vt 0.071529 0.825195
vt 0.072876 0.823849
vt 0.071529 0.823849
vt 0.521135 0.058137
vt 0.519788 0.058137
vt 0.521135 0.056791
vt 0.519788 0.056791
vt 0.109477 0.533166
vt 0.102758 0.533166
vt 0.109477 0.523720
vt 0.102758 0.523720
vt 0.098315 0.385125
vt 0.091597 0.385125
vt 0.098315 0.375679
vt 0.091597 0.375679
vt 0.821878 0.332062
vt 0.817852 0.332062
vt 0.821878 0.302334
vt 0.817852 0.302334
vt 0.979979 0.265270
vt 0.978633 0.265270
vt 0.979979 0.261230
vt 0.978633 0.261230
vt 0.647776 0.179594
vt 0.635685 0.179594
vt 0.647776 0.162047
vt 0.639706 0.162047
vt 0.635685 0.162047
vt 0.626590 0.423107
vt 0.618520 0.423107
vt 0.626590 0.405561
vt 0.614499 0.423107
vt 0.614499 0.405561
vt 0.823100 0.504674
vt 0.819075 0.504674
vt 0.823100 0.474946
vt 0.819075 0.474946
vt 0.997235 0.949161
vt 0.995888 0.949161
vt 0.997235 0.947814
vt 0.995888 0.947814
vt 0.515556 0.121255
vt 0.514210 0.121255
vt 0.515556 0.119908
vt 0.514210 0.119908
vt 0.821896 0.259187
vt 0.817870 0.259187
vt 0.821896 0.229458
vt 0.817870 0.229458
vt 0.953770 0.845304
vt 0.953770 0.852023
vt 0.949722 0.845304
vt 0.949722 0.852023
vt 0.909445 0.324784
vt 0.909445 0.336875
vt 0.905396 0.324784
vt 0.905396 0.336875
vt 0.566934 0.907391
vt 0.554843 0.907391
vt 0.566934 0.903342
vt 0.554843 0.903342
vt 0.732046 0.950914
vt 0.732046 0.957633
vt 0.727997 0.950914
vt 0.727997 0.957633
vt 0.909581 0.112241
vt 0.910930 0.112241
vt 0.910930 0.116287
vt 0.951885 0.764199
vt 0.951885 0.770918
vt 0.947836 0.764199
vt 0.947836 0.770918
vt 0.917645 0.116287
vt 0.909581 0.123031
vt 0.917645 0.123031
vt 0.916261 0.186987
vt 0.908197 0.186987
vt 0.914912 0.180244
vt 0.908197 0.180244
vt 0.916261 0.176198
vt 0.914912 0.176198
vt 0.956259 0.445845
vt 0.956259 0.452564
vt 0.952210 0.445845
vt 0.952210 0.452564
vt 0.511371 0.121255
vt 0.510024 0.121255
vt 0.511371 0.119908
vt 0.510024 0.119908
vt 0.505173 0.554579
vt 0.503827 0.554579
vt 0.505173 0.553233
vt 0.503827 0.553233
vt 0.025642 0.961217
vt 0.025642 0.966597
vt 0.024294 0.961217
vt 0.024294 0.966597
vt 0.321685 0.961136
vt 0.321685 0.966515
vt 0.320337 0.961136
vt 0.320337 0.966515
vt 0.510171 0.962478
vt 0.510171 0.967858
vt 0.508823 0.962478
vt 0.508823 0.967858
vt 0.964886 0.567412
vt 0.964886 0.572791
vt 0.963538 0.567412
vt 0.963538 0.572791
vt 0.936060 0.383087
vt 0.936060 0.391153
vt 0.934711 0.383087
vt 0.934711 0.391153
vt 0.935945 0.808373
vt 0.935945 0.816438
vt 0.934596 0.808373
vt 0.934596 0.816438
vt 0.517905 0.002323
vt 0.516558 0.002323
vt 0.517905 0.000977
vt 0.516558 0.000977
vt 0.978968 0.387304
vt 0.977622 0.387304
vt 0.978968 0.383264
vt 0.977622 0.383264
vt 0.980025 0.428575
vt 0.978678 0.428575
vt 0.980025 0.424535
vt 0.978678 0.424535
vt 0.508732 0.058140
vt 0.507385 0.058140
vt 0.508732 0.056793
vt 0.507385 0.056793
vt 0.501662 0.608891
vt 0.500315 0.608891
vt 0.501662 0.607545
vt 0.500315 0.607545
vt 0.735775 0.962307
vt 0.735775 0.967687
vt 0.731730 0.962307
vt 0.731730 0.967687
vt 0.500988 0.553233
vt 0.500988 0.554579
vt 0.499642 0.553233
vt 0.499642 0.554579
vt 0.455049 0.962032
vt 0.455049 0.967412
vt 0.451004 0.962032
vt 0.451004 0.967412
vt 0.498338 0.948247
vt 0.490277 0.948247
vt 0.496990 0.946899
vt 0.491625 0.946899
vt 0.496990 0.942855
vt 0.491625 0.942855
vt 0.498338 0.941506
vt 0.490277 0.941506
vt 0.686928 0.945527
vt 0.678868 0.945527
vt 0.685580 0.944179
vt 0.680216 0.944179
vt 0.685580 0.940135
vt 0.680216 0.940135
vt 0.686928 0.938787
vt 0.678868 0.938787
vt 0.500701 0.545500
vt 0.499355 0.545500
vt 0.500701 0.544153
vt 0.499355 0.544153
vt 0.495066 0.989985
vt 0.495066 0.991332
vt 0.493719 0.989985
vt 0.493719 0.991332
vt 0.922010 0.968685
vt 0.922010 0.974057
vt 0.920660 0.968685
vt 0.920660 0.974057
vt 0.971860 0.807640
vt 0.971860 0.813012
vt 0.970510 0.807640
vt 0.970510 0.813012
vt 0.496803 0.554579
vt 0.495456 0.554579
vt 0.496803 0.553233
vt 0.495456 0.553233
vt 0.322387 0.507347
vt 0.322387 0.511387
vt 0.321040 0.507347
vt 0.321040 0.511387
vt 0.274625 0.609727
vt 0.273279 0.609727
vt 0.274625 0.605687
vt 0.278665 0.605687
vt 0.278665 0.604340
vt 0.274625 0.604340
vt 0.940518 0.646923
vt 0.940518 0.654988
vt 0.939169 0.646923
vt 0.939169 0.654988
vt 0.274625 0.601647
vt 0.278665 0.601647
vt 0.278665 0.600300
vt 0.274625 0.600300
vt 0.274625 0.596261
vt 0.273279 0.596261
vt 0.222199 0.213949
vt 0.222199 0.217989
vt 0.220852 0.213949
vt 0.220852 0.217989
vt 0.455147 0.991057
vt 0.453800 0.991057
vt 0.455147 0.989711
vt 0.453800 0.989711
vt 0.490880 0.991332
vt 0.489534 0.991332
vt 0.490880 0.989985
vt 0.489534 0.989985
vt 0.450962 0.991057
vt 0.449615 0.991057
vt 0.450962 0.989711
vt 0.449615 0.989711
vt 0.979570 0.475056
vt 0.978224 0.475056
vt 0.979570 0.471017
vt 0.978224 0.471017
vt 0.457337 0.981177
vt 0.454644 0.981177
vt 0.457337 0.977137
vt 0.454644 0.977137
vt 0.601422 0.036516
vt 0.601422 0.040555
vt 0.600075 0.036516
vt 0.600075 0.040555
vt 0.647731 0.983013
vt 0.647731 0.985706
vt 0.646385 0.983013
vt 0.646385 0.985706
vt 0.405166 0.977315
vt 0.405166 0.981341
vt 0.403815 0.977315
vt 0.403815 0.981341
vt 0.760553 0.969351
vt 0.760553 0.973390
vt 0.759207 0.969351
vt 0.759207 0.973390
vt 0.400315 0.830968
vt 0.400315 0.829617
vt 0.404367 0.830968
vt 0.404367 0.835020
vt 0.408418 0.835020
vt 0.425976 0.835020
vt 0.408418 0.837665
vt 0.425976 0.833669
vt 0.427327 0.837665
vt 0.427327 0.835020
vt 0.427327 0.833669
vt 0.427327 0.829617
vt 0.075493 0.838115
vt 0.075493 0.835470
vt 0.076844 0.835470
vt 0.075493 0.834119
vt 0.075493 0.830067
vt 0.076844 0.834119
vt 0.094401 0.838115
vt 0.094401 0.835470
vt 0.098453 0.835470
vt 0.098453 0.831418
vt 0.102505 0.831418
vt 0.102505 0.830067
vt 0.812305 0.339198
vt 0.812305 0.372798
vt 0.810956 0.339198
vt 0.810956 0.371453
vt 0.017257 0.917063
vt 0.013241 0.917063
vt 0.017257 0.915715
vt 0.014589 0.915715
vt 0.013241 0.915715
vt 0.959305 0.835278
vt 0.959305 0.841993
vt 0.957957 0.835278
vt 0.957957 0.840644
vt 0.809607 0.371453
vt 0.809607 0.372798
vt 0.662058 0.983953
vt 0.659372 0.983953
vt 0.662058 0.981252
vt 0.659372 0.981252
vt 0.678633 0.983953
vt 0.675947 0.983953
vt 0.678633 0.981252
vt 0.675947 0.981252
vt 0.684158 0.983953
vt 0.681472 0.983953
vt 0.684158 0.981252
vt 0.681472 0.981252
vt 0.640853 0.985706
vt 0.640853 0.983013
vt 0.643546 0.985706
vt 0.643546 0.983013
vt 0.638014 0.985706
vt 0.635321 0.985706
vt 0.638014 0.983013
vt 0.635321 0.983013
vt 0.955259 0.840644
vt 0.955259 0.841993
vt 0.013241 0.911671
vt 0.891628 0.133905
vt 0.891628 0.150033
vt 0.890279 0.133905
vt 0.890279 0.150033
vt 0.014589 0.906279
vt 0.013241 0.906279
vt 0.176360 0.724566
vt 0.175009 0.724566
vt 0.175009 0.697998
vt 0.172997 0.737006
vt 0.172997 0.741046
vt 0.170304 0.737006
vt 0.170304 0.741046
vt 0.175009 0.681787
vt 0.176360 0.654768
vt 0.175009 0.654768
vt 0.891628 0.095965
vt 0.891628 0.112094
vt 0.890279 0.095965
vt 0.890279 0.112094
vt 0.281826 0.917225
vt 0.280478 0.917225
vt 0.280478 0.911833
vt 0.788198 0.822682
vt 0.788198 0.824027
vt 0.786848 0.822682
vt 0.281826 0.907789
vt 0.280478 0.907789
vt 0.155602 0.956890
vt 0.155602 0.958239
vt 0.152905 0.956890
vt 0.786848 0.790427
vt 0.785499 0.790427
vt 0.785499 0.824027
vt 0.689683 0.983953
vt 0.686997 0.983953
vt 0.689683 0.981252
vt 0.686997 0.981252
vt 0.667583 0.983953
vt 0.664897 0.983953
vt 0.667583 0.981252
vt 0.664897 0.981252
vt 0.695208 0.983953
vt 0.692522 0.983953
vt 0.695208 0.981252
vt 0.692522 0.981252
vt 0.371441 0.986758
vt 0.368748 0.986758
vt 0.371441 0.984065
vt 0.368748 0.984065
vt 0.987035 0.889687
vt 0.984342 0.889687
vt 0.987035 0.886994
vt 0.984342 0.886994
vt 0.284494 0.906441
vt 0.284494 0.907789
vt 0.280478 0.906441
vt 0.152905 0.951524
vt 0.151556 0.951524
vt 0.151556 0.958239
vt 0.914801 0.445767
vt 0.912108 0.445767
vt 0.912108 0.444420
vt 0.260657 0.948674
vt 0.260657 0.955393
vt 0.259308 0.948674
vt 0.912108 0.443074
vt 0.257958 0.948674
vt 0.256609 0.948674
vt 0.256609 0.955393
vt 0.914801 0.434994
vt 0.912108 0.434994
vt 0.915224 0.391321
vt 0.912530 0.391321
vt 0.912530 0.383242
vt 0.952411 0.816631
vt 0.952411 0.823350
vt 0.951062 0.816631
vt 0.912530 0.381895
vt 0.949713 0.816631
vt 0.915224 0.380548
vt 0.912530 0.380548
vt 0.948363 0.816631
vt 0.948363 0.823350
vt 0.223554 0.996849
vt 0.222208 0.996849
vt 0.223554 0.995503
vt 0.222208 0.995503
vt 0.973708 0.515600
vt 0.973708 0.519640
vt 0.972362 0.515600
vt 0.972362 0.519640
vt 0.736718 0.877031
vt 0.719240 0.877031
vt 0.736718 0.871636
vt 0.719240 0.871636
vt 0.757034 0.883044
vt 0.739556 0.883044
vt 0.757034 0.877649
vt 0.739556 0.877649
vt 0.858597 0.455596
vt 0.858597 0.477113
vt 0.853203 0.455596
vt 0.853203 0.477113
vt 0.979383 0.498531
vt 0.979383 0.502570
vt 0.978037 0.498531
vt 0.978037 0.502570
vt 0.648697 0.145540
vt 0.648697 0.158980
vt 0.643298 0.145540
vt 0.643298 0.149589
vt 0.641949 0.149589
vt 0.641949 0.158980
vt 0.235273 0.509911
vt 0.235273 0.519316
vt 0.233921 0.509911
vt 0.233921 0.512614
vt 0.231218 0.512614
vt 0.231218 0.519316
vt 0.993286 0.507631
vt 0.993286 0.508978
vt 0.991939 0.507631
vt 0.991939 0.508978
vt 0.837353 0.000977
vt 0.837353 0.030554
vt 0.836003 0.009017
vt 0.836003 0.017115
vt 0.834654 0.000977
vt 0.834654 0.009017
vt 0.833304 0.017115
vt 0.833304 0.030554
vt 0.713367 0.537461
vt 0.712020 0.537461
vt 0.713367 0.529381
vt 0.712020 0.529381
vt 0.926359 0.760433
vt 0.925013 0.760433
vt 0.926359 0.752354
vt 0.925013 0.752354
vt 0.845077 0.087462
vt 0.843730 0.087462
vt 0.845077 0.079383
vt 0.843730 0.079383
vt 0.277420 0.500615
vt 0.277420 0.510013
vt 0.272018 0.500615
vt 0.272018 0.510013
vt 0.950234 0.501657
vt 0.950234 0.508390
vt 0.944847 0.501657
vt 0.944847 0.508390
vt 0.421664 0.990653
vt 0.420318 0.990653
vt 0.421664 0.989306
vt 0.420318 0.989306
vt 0.838227 0.107782
vt 0.838227 0.136004
vt 0.827433 0.107782
vt 0.827433 0.136004
vt 0.959343 0.367641
vt 0.957996 0.367641
vt 0.959343 0.366294
vt 0.957996 0.366294
vt 0.882023 0.193730
vt 0.877997 0.193730
vt 0.882023 0.177515
vt 0.877997 0.177515
vt 0.302084 0.579793
vt 0.300737 0.579793
vt 0.302084 0.560941
vt 0.300737 0.560941
vt 0.938634 0.988608
vt 0.938634 0.991295
vt 0.937284 0.988608
vt 0.937284 0.991295
vt 0.206403 0.988634
vt 0.206403 0.991320
vt 0.205053 0.988634
vt 0.205053 0.991320
vt 0.507287 0.988651
vt 0.507287 0.991337
vt 0.505937 0.988651
vt 0.505937 0.991337
vt 0.515665 0.988684
vt 0.515665 0.991370
vt 0.514315 0.988684
vt 0.514315 0.991370
vt 0.988405 0.413311
vt 0.988405 0.416004
vt 0.987058 0.413311
vt 0.987058 0.416004
vt 0.991186 0.559499
vt 0.991186 0.562192
vt 0.989840 0.559499
vt 0.989840 0.562192
vt 0.812150 0.988813
vt 0.812150 0.991500
vt 0.810799 0.988813
vt 0.810799 0.991500
vt 0.519854 0.988684
vt 0.519854 0.991370
vt 0.518503 0.988684
vt 0.518503 0.991370
vt 0.807961 0.988813
vt 0.807961 0.991499
vt 0.806611 0.988813
vt 0.806611 0.991499
vt 0.198026 0.988634
vt 0.198026 0.991320
vt 0.196676 0.988634
vt 0.196676 0.991320
vt 0.817824 0.986657
vt 0.817824 0.989350
vt 0.816478 0.986657
vt 0.816478 0.989350
vt 0.667166 0.986791
vt 0.667166 0.989485
vt 0.665819 0.986791
vt 0.665819 0.989485
vt 0.062277 0.919968
vt 0.060930 0.919968
vt 0.062277 0.909196
vt 0.060930 0.909196
vt 0.965876 0.661359
vt 0.965876 0.666738
vt 0.964528 0.661359
vt 0.964528 0.666738
vt 0.966216 0.550976
vt 0.966216 0.556355
vt 0.964868 0.550976
vt 0.964868 0.556355
vt 0.009203 0.962747
vt 0.009203 0.968126
vt 0.007855 0.962747
vt 0.007855 0.968126
vt 0.966034 0.583848
vt 0.966034 0.589227
vt 0.964685 0.583848
vt 0.964685 0.589227
vt 0.781213 0.985022
vt 0.781213 0.987715
vt 0.779866 0.985022
vt 0.779866 0.987715
vt 0.993729 0.185638
vt 0.992382 0.185638
vt 0.993729 0.184292
vt 0.992382 0.184292
vt 0.560752 0.993801
vt 0.560752 0.995147
vt 0.559405 0.993801
vt 0.559405 0.995147
vt 0.980726 0.888675
vt 0.979380 0.888675
vt 0.980726 0.884636
vt 0.979380 0.884636
vt 0.156315 0.978617
vt 0.156315 0.982643
vt 0.154963 0.978617
vt 0.154963 0.982643
vt 0.571665 0.981245
vt 0.570318 0.981245
vt 0.571665 0.977205
vt 0.570318 0.977205
vt 0.745786 0.786525
vt 0.744440 0.786525
vt 0.745786 0.785179
vt 0.744440 0.785179
vt 0.735615 0.750107
vt 0.734269 0.750107
vt 0.735615 0.748760
vt 0.734269 0.748760
vt 0.727245 0.748760
vt 0.727245 0.750107
vt 0.725898 0.748760
vt 0.725898 0.750107
vt 0.336242 0.962325
vt 0.336242 0.967704
vt 0.332197 0.962325
vt 0.332197 0.967704
vt 0.723059 0.750107
vt 0.721713 0.750107
vt 0.723059 0.748760
vt 0.721713 0.748760
vt 0.967884 0.523867
vt 0.967884 0.529247
vt 0.963839 0.523867
vt 0.963839 0.529247
vt 0.765126 0.948730
vt 0.757065 0.948730
vt 0.763778 0.947382
vt 0.758414 0.947382
vt 0.763778 0.943338
vt 0.758414 0.943338
vt 0.765126 0.941990
vt 0.757065 0.941990
vt 0.123469 0.425594
vt 0.122123 0.425594
vt 0.123469 0.424247
vt 0.122123 0.424247
vt 0.558272 0.948384
vt 0.550211 0.948384
vt 0.556924 0.947036
vt 0.551559 0.947036
vt 0.556924 0.942991
vt 0.551559 0.942991
vt 0.558272 0.941643
vt 0.550211 0.941643
vt 0.973447 0.927336
vt 0.969422 0.927336
vt 0.973447 0.923283
vt 0.969422 0.923283
vt 0.986286 0.644889
vt 0.986286 0.647582
vt 0.984939 0.644889
vt 0.984939 0.647582
vt 0.084186 0.949686
vt 0.084186 0.956405
vt 0.082836 0.949686
vt 0.082836 0.956405
vt 0.988268 0.060148
vt 0.988268 0.062841
vt 0.986922 0.060148
vt 0.986922 0.062841
vt 0.750384 0.896679
vt 0.743665 0.896679
vt 0.740993 0.896679
vt 0.738294 0.896679
vt 0.345919 0.884246
vt 0.328434 0.884246
vt 0.345919 0.882896
vt 0.343220 0.882896
vt 0.340550 0.882896
vt 0.333831 0.882896
vt 0.331133 0.882896
vt 0.328434 0.882896
vt 0.345919 0.870753
vt 0.343220 0.870753
vt 0.328434 0.870753
vt 0.914801 0.459378
vt 0.912108 0.459378
vt 0.914801 0.448606
vt 0.912108 0.448606
vt 0.727476 0.914000
vt 0.720757 0.914000
vt 0.727476 0.903205
vt 0.720757 0.903205
vt 0.733008 0.919651
vt 0.730315 0.919651
vt 0.733008 0.908879
vt 0.730315 0.908879
vt 0.512532 0.550394
vt 0.482900 0.550394
vt 0.509842 0.549042
vt 0.482900 0.549042
vt 0.904709 0.736125
vt 0.904709 0.748223
vt 0.903361 0.736125
vt 0.903361 0.748223
vt 0.512532 0.544986
vt 0.528700 0.544986
vt 0.528700 0.543634
vt 0.525996 0.543634
vt 0.523306 0.543634
vt 0.509842 0.543634
vt 0.525996 0.465668
vt 0.523306 0.465668
vt 0.528700 0.465668
vt 0.528700 0.464316
vt 0.509842 0.465668
vt 0.512532 0.464316
vt 0.509842 0.460260
vt 0.512532 0.458908
vt 0.482900 0.460260
vt 0.482900 0.458908
vt 0.905127 0.651791
vt 0.905127 0.663889
vt 0.903778 0.651791
vt 0.903778 0.663889
vt 0.993050 0.927209
vt 0.993050 0.928556
vt 0.991703 0.927209
vt 0.991703 0.928556
vt 0.520518 0.119908
vt 0.527255 0.119908
vt 0.520518 0.125320
vt 0.521865 0.125320
vt 0.527255 0.125320
vt 0.563801 0.109136
vt 0.561105 0.109136
vt 0.563801 0.031106
vt 0.561105 0.031106
vt 0.507041 0.125320
vt 0.507041 0.203332
vt 0.520518 0.203332
vt 0.521865 0.203332
vt 0.527255 0.203332
vt 0.520518 0.208743
vt 0.527255 0.208743
vt 0.862373 0.995163
vt 0.861027 0.995163
vt 0.862373 0.993817
vt 0.861027 0.993817
vt 0.010568 0.819663
vt 0.010568 0.818315
vt 0.011917 0.819663
vt 0.011917 0.826380
vt 0.041593 0.826380
vt 0.041593 0.818315
vt 0.818665 0.738097
vt 0.810599 0.738097
vt 0.818665 0.708421
vt 0.811948 0.708421
vt 0.811948 0.707072
vt 0.810599 0.707072
vt 0.106336 0.950886
vt 0.106336 0.957605
vt 0.104986 0.950886
vt 0.104986 0.957605
vt 0.115825 0.366462
vt 0.115825 0.367811
vt 0.114476 0.366462
vt 0.114476 0.361093
vt 0.113126 0.367811
vt 0.111777 0.361093
vt 0.111777 0.367811
vt 0.192175 0.951710
vt 0.192175 0.958427
vt 0.190826 0.958427
vt 0.189477 0.951710
vt 0.189477 0.957078
vt 0.717822 0.949600
vt 0.717822 0.956318
vt 0.716473 0.949600
vt 0.716473 0.956318
vt 0.188128 0.957078
vt 0.188128 0.958427
vt 0.169481 0.994302
vt 0.169481 0.995649
vt 0.168134 0.994302
vt 0.168134 0.995649
vt 0.425850 0.990653
vt 0.424503 0.990653
vt 0.425850 0.989306
vt 0.424503 0.989306
vt 0.758946 0.956938
vt 0.758946 0.958287
vt 0.757597 0.956938
vt 0.756247 0.958287
vt 0.757597 0.951569
vt 0.754898 0.951569
vt 0.754898 0.958287
vt 0.958209 0.933899
vt 0.958209 0.940617
vt 0.956860 0.940617
vt 0.955510 0.933899
vt 0.955510 0.939268
vt 0.954161 0.939268
vt 0.954161 0.940617
vt 0.283500 0.977499
vt 0.283500 0.981524
vt 0.280797 0.977499
vt 0.280797 0.981524
vt 0.905997 0.950902
vt 0.905997 0.957621
vt 0.900599 0.950902
vt 0.900599 0.957621
vt 0.494172 0.951086
vt 0.494172 0.957805
vt 0.492823 0.951086
vt 0.492823 0.957805
vt 0.542308 0.956591
vt 0.542308 0.957940
vt 0.540959 0.956591
vt 0.011909 0.487753
vt 0.011909 0.493134
vt 0.009212 0.487753
vt 0.539609 0.957940
vt 0.540959 0.951223
vt 0.538260 0.951223
vt 0.538260 0.957940
vt 0.009212 0.472974
vt 0.006514 0.477006
vt 0.006514 0.482373
vt 0.005166 0.472974
vt 0.005166 0.477006
vt 0.005166 0.482373
vt 0.005166 0.493134
vt 0.013257 0.023979
vt 0.013257 0.028011
vt 0.011909 0.028011
vt 0.013257 0.033378
vt 0.013257 0.044140
vt 0.011909 0.033378
vt 0.009211 0.023979
vt 0.009211 0.038759
vt 0.331726 0.951436
vt 0.331726 0.958154
vt 0.330377 0.958154
vt 0.329027 0.951436
vt 0.329027 0.956804
vt 0.006514 0.038759
vt 0.006514 0.044140
vt 0.955940 0.478516
vt 0.955940 0.485235
vt 0.954591 0.478516
vt 0.954591 0.485235
vt 0.327678 0.956804
vt 0.327678 0.958154
vt 0.885418 0.737269
vt 0.885418 0.738616
vt 0.884072 0.737269
vt 0.884072 0.738616
vt 0.915667 0.989306
vt 0.915667 0.990653
vt 0.914321 0.989306
vt 0.914321 0.990653
vt 0.840604 0.984077
vt 0.840604 0.986770
vt 0.839257 0.984077
vt 0.839257 0.986770
vt 0.749504 0.973404
vt 0.745478 0.973404
vt 0.749504 0.969351
vt 0.745478 0.969351
vt 0.148349 0.256947
vt 0.148349 0.266362
vt 0.147000 0.262315
vt 0.147000 0.265013
vt 0.144302 0.262315
vt 0.144302 0.265013
vt 0.238656 0.960979
vt 0.234631 0.960979
vt 0.238656 0.955574
vt 0.234631 0.955574
vt 0.142953 0.256947
vt 0.142953 0.266362
vt 0.570695 0.956581
vt 0.570695 0.957930
vt 0.569346 0.956581
vt 0.567997 0.957930
vt 0.569346 0.951212
vt 0.566648 0.951212
vt 0.566648 0.957930
vt 0.902557 0.324784
vt 0.902557 0.326132
vt 0.897166 0.326132
vt 0.902557 0.331496
vt 0.902557 0.332843
vt 0.897166 0.331496
vt 0.897166 0.332843
vt 0.902557 0.336859
vt 0.902557 0.338207
vt 0.897166 0.336859
vt 0.895818 0.324784
vt 0.895818 0.338207
vt 0.324524 0.177546
vt 0.317804 0.177546
vt 0.320503 0.173497
vt 0.317804 0.173497
vt 0.320503 0.172148
vt 0.324524 0.169449
vt 0.317804 0.172148
vt 0.317804 0.169449
vt 0.183361 0.365166
vt 0.183361 0.371883
vt 0.182012 0.371883
vt 0.180663 0.365166
vt 0.180663 0.370534
vt 0.179314 0.370534
vt 0.179314 0.371883
vt 0.648624 0.107628
vt 0.636533 0.107628
vt 0.648624 0.090082
vt 0.636533 0.090082
vt 0.701801 0.549633
vt 0.701801 0.563058
vt 0.700453 0.549633
vt 0.700453 0.554998
vt 0.700453 0.557694
vt 0.700453 0.563058
vt 0.388384 0.127501
vt 0.396445 0.127501
vt 0.388384 0.128849
vt 0.393749 0.128849
vt 0.351548 0.484661
vt 0.343486 0.484661
vt 0.348851 0.483313
vt 0.343486 0.483313
vt 0.396445 0.132894
vt 0.695060 0.554998
vt 0.695060 0.557694
vt 0.351548 0.479268
vt 0.348851 0.479268
vt 0.393749 0.134243
vt 0.401811 0.132894
vt 0.348851 0.477920
vt 0.343486 0.479268
vt 0.356913 0.479268
vt 0.343486 0.477920
vt 0.388384 0.134243
vt 0.388384 0.135591
vt 0.393749 0.135591
vt 0.396445 0.135591
vt 0.401811 0.135591
vt 0.356913 0.476571
vt 0.351548 0.476571
vt 0.393749 0.139636
vt 0.348851 0.472526
vt 0.388384 0.139636
vt 0.388384 0.140984
vt 0.396445 0.140984
vt 0.426679 0.406648
vt 0.429375 0.406648
vt 0.426679 0.412040
vt 0.429375 0.412040
vt 0.343486 0.472526
vt 0.351548 0.471178
vt 0.343486 0.471178
vt 0.422663 0.414736
vt 0.434739 0.412040
vt 0.421315 0.412040
vt 0.428027 0.414736
vt 0.429375 0.414736
vt 0.433391 0.414736
vt 0.421315 0.420128
vt 0.422663 0.420128
vt 0.428027 0.420128
vt 0.429375 0.420128
vt 0.433391 0.420128
vt 0.434739 0.420128
vt 0.469954 0.989555
vt 0.467261 0.989555
vt 0.469954 0.986862
vt 0.467261 0.986862
vt 0.926798 0.950902
vt 0.926798 0.957621
vt 0.925448 0.950902
vt 0.925448 0.957621
vt 0.960686 0.554825
vt 0.960686 0.556174
vt 0.959337 0.554825
vt 0.846938 0.019798
vt 0.846938 0.025167
vt 0.844239 0.019798
vt 0.957988 0.556174
vt 0.959337 0.549457
vt 0.956639 0.549457
vt 0.956639 0.556174
vt 0.844239 0.000977
vt 0.841541 0.009045
vt 0.841541 0.014414
vt 0.840191 0.000977
vt 0.840191 0.009045
vt 0.840191 0.014414
vt 0.840191 0.025167
vt 0.842972 0.529089
vt 0.842972 0.537157
vt 0.841623 0.537157
vt 0.842972 0.542527
vt 0.842972 0.553280
vt 0.841623 0.542527
vt 0.838924 0.529089
vt 0.838924 0.547910
vt 0.406580 0.951324
vt 0.406580 0.958042
vt 0.405231 0.958042
vt 0.403882 0.951324
vt 0.403882 0.956693
vt 0.836225 0.547910
vt 0.836225 0.553280
vt 0.953800 0.556207
vt 0.953800 0.562926
vt 0.952451 0.556207
vt 0.952451 0.562926
vt 0.402533 0.956693
vt 0.402533 0.958042
vt 0.480237 0.000977
vt 0.480237 0.002323
vt 0.478891 0.000977
vt 0.478891 0.002323
vt 0.396553 0.991060
vt 0.395206 0.991060
vt 0.396553 0.989713
vt 0.395206 0.989713
vt 0.959799 0.512556
vt 0.959799 0.513905
vt 0.958450 0.512556
vt 0.957101 0.513905
vt 0.958450 0.507188
vt 0.955751 0.507188
vt 0.955751 0.513905
vt 0.825927 0.171368
vt 0.821902 0.171368
vt 0.825927 0.141639
vt 0.821902 0.141639
vt 0.959866 0.029648
vt 0.959866 0.036366
vt 0.958517 0.036366
vt 0.957168 0.029648
vt 0.957168 0.035017
vt 0.955819 0.035017
vt 0.955819 0.036366
vt 0.496978 0.002323
vt 0.495632 0.002323
vt 0.496978 0.000977
vt 0.495632 0.000977
vt 0.986425 0.476521
vt 0.986425 0.479214
vt 0.985078 0.476521
vt 0.985078 0.479214
vt 0.410707 0.977315
vt 0.410707 0.981341
vt 0.408005 0.977315
vt 0.408005 0.981341
vt 0.756368 0.973404
vt 0.752342 0.973404
vt 0.756368 0.969351
vt 0.752342 0.969351
vt 0.952317 0.170157
vt 0.952317 0.176876
vt 0.946919 0.170157
vt 0.946919 0.176876
vt 0.949323 0.210859
vt 0.949323 0.217578
vt 0.947973 0.210859
vt 0.947973 0.217578
vt 0.507945 0.958290
vt 0.507945 0.959640
vt 0.506595 0.958290
vt 0.744385 0.862262
vt 0.744385 0.867631
vt 0.741687 0.862262
vt 0.505246 0.959640
vt 0.506595 0.952922
vt 0.503897 0.952922
vt 0.503897 0.959640
vt 0.741687 0.846127
vt 0.738988 0.851510
vt 0.738988 0.856879
vt 0.737639 0.846127
vt 0.737639 0.851510
vt 0.737639 0.856879
vt 0.737639 0.867631
vt 0.097312 0.917824
vt 0.097312 0.908412
vt 0.108101 0.917824
vt 0.108101 0.908412
vt 0.095614 0.857284
vt 0.090231 0.857284
vt 0.090231 0.855935
vt 0.084862 0.857284
vt 0.074110 0.857284
vt 0.084862 0.855935
vt 0.095614 0.853237
vt 0.079479 0.853237
vt 0.148718 0.951239
vt 0.148718 0.957957
vt 0.147368 0.957957
vt 0.146019 0.951239
vt 0.146019 0.956608
vt 0.079479 0.850538
vt 0.074110 0.850538
vt 0.953901 0.802429
vt 0.953901 0.809148
vt 0.952551 0.802429
vt 0.952551 0.809148
vt 0.144670 0.956608
vt 0.144670 0.957957
vt 0.470740 0.234494
vt 0.469394 0.234494
vt 0.470740 0.233147
vt 0.469394 0.233147
vt 0.988373 0.131375
vt 0.988373 0.134068
vt 0.987027 0.131375
vt 0.987027 0.134068
vt 0.024190 0.117869
vt 0.022843 0.117869
vt 0.024190 0.116522
vt 0.022843 0.116522
vt 0.285451 0.553317
vt 0.276039 0.553317
vt 0.285451 0.539831
vt 0.276039 0.539831
vt 0.251005 0.385003
vt 0.260420 0.385003
vt 0.260420 0.390399
vt 0.260420 0.394446
vt 0.264438 0.390399
vt 0.264438 0.394446
vt 0.251005 0.398492
vt 0.260420 0.398492
vt 0.752060 0.956938
vt 0.752060 0.958287
vt 0.750710 0.956938
vt 0.749361 0.958287
vt 0.750710 0.951569
vt 0.748012 0.951569
vt 0.748012 0.958287
vt 0.960699 0.575321
vt 0.960699 0.582038
vt 0.959350 0.582038
vt 0.958001 0.575321
vt 0.958001 0.580689
vt 0.956651 0.580689
vt 0.956651 0.582038
vt 0.207292 0.930404
vt 0.207292 0.938472
vt 0.205943 0.930404
vt 0.205943 0.935787
vt 0.204594 0.935787
vt 0.204594 0.938472
vt 0.295809 0.821766
vt 0.298509 0.821766
vt 0.298509 0.824466
vt 0.936121 0.699947
vt 0.936121 0.706664
vt 0.934772 0.706664
vt 0.930724 0.706664
vt 0.934772 0.708013
vt 0.930724 0.708013
vt 0.350929 0.100436
vt 0.342856 0.100436
vt 0.344206 0.086935
vt 0.342856 0.086935
vt 0.299831 0.824466
vt 0.295809 0.829866
vt 0.299831 0.829866
vt 0.929375 0.699947
vt 0.929375 0.706664
vt 0.516950 0.058137
vt 0.515603 0.058137
vt 0.516950 0.056791
vt 0.515603 0.056791
vt 0.346878 0.082884
vt 0.344206 0.082884
vt 0.935625 0.618062
vt 0.935625 0.624779
vt 0.934276 0.624779
vt 0.511820 0.234157
vt 0.510474 0.234157
vt 0.511820 0.232811
vt 0.510474 0.232811
vt 0.934276 0.626128
vt 0.930228 0.624779
vt 0.930228 0.626128
vt 0.928879 0.618062
vt 0.928879 0.624779
vt 0.028782 0.738931
vt 0.027435 0.738931
vt 0.028782 0.737584
vt 0.027435 0.737584
vt 0.936330 0.656274
vt 0.936330 0.662991
vt 0.934981 0.662991
vt 0.990471 0.643458
vt 0.989124 0.643458
vt 0.990471 0.640765
vt 0.989124 0.640765
vt 0.934981 0.664340
vt 0.930933 0.662991
vt 0.930933 0.664340
vt 0.929584 0.656274
vt 0.929584 0.662991
vt 0.518069 0.211582
vt 0.518069 0.212928
vt 0.516722 0.211582
vt 0.516722 0.212928
vt 0.935511 0.607157
vt 0.935511 0.613874
vt 0.934161 0.613874
vt 0.627551 0.202784
vt 0.628897 0.202784
vt 0.628897 0.205477
vt 0.628897 0.208170
vt 0.630244 0.205477
vt 0.630244 0.208170
vt 0.934161 0.615223
vt 0.930114 0.613874
vt 0.930114 0.615223
vt 0.928765 0.607157
vt 0.928765 0.613874
vt 0.627551 0.210863
vt 0.628897 0.210863
vt 0.035054 0.919891
vt 0.033707 0.919891
vt 0.035054 0.918544
vt 0.033707 0.918544
vt 0.936617 0.233906
vt 0.936617 0.240624
vt 0.935268 0.240624
vt 0.931220 0.240624
vt 0.935268 0.241973
vt 0.931220 0.241973
vt 0.929871 0.233906
vt 0.929871 0.240624
vt 0.984218 0.759147
vt 0.982872 0.759147
vt 0.984218 0.756454
vt 0.982872 0.756454
vt 0.530461 0.002323
vt 0.529114 0.002323
vt 0.530461 0.000977
vt 0.529114 0.000977
vt 0.935853 0.570591
vt 0.935853 0.577309
vt 0.934504 0.577309
vt 0.930456 0.577309
vt 0.934504 0.578658
vt 0.930456 0.578658
vt 0.519531 0.871827
vt 0.519531 0.873173
vt 0.518184 0.871827
vt 0.518184 0.873173
vt 0.929107 0.570591
vt 0.929107 0.577309
vt 0.213801 0.725942
vt 0.212450 0.725942
vt 0.213801 0.664224
vt 0.212450 0.664224
vt 0.346878 0.018528
vt 0.522374 0.724001
vt 0.522374 0.725348
vt 0.521028 0.724001
vt 0.521028 0.725348
vt 0.344206 0.018528
vt 0.344206 0.014478
vt 0.936170 0.531748
vt 0.936170 0.538465
vt 0.934821 0.538465
vt 0.930774 0.538465
vt 0.934821 0.539815
vt 0.930774 0.539815
vt 0.293846 0.352357
vt 0.289819 0.352357
vt 0.291170 0.346950
vt 0.289819 0.346950
vt 0.929425 0.531748
vt 0.929425 0.538465
vt 0.293846 0.344246
vt 0.291170 0.344246
vt 0.350929 0.000977
vt 0.342856 0.014478
vt 0.342856 0.000977
vt 0.581440 0.541470
vt 0.559879 0.541470
vt 0.559879 0.540118
vt 0.554482 0.541470
vt 0.543702 0.541470
vt 0.554482 0.540118
vt 0.915613 0.733337
vt 0.907548 0.733337
vt 0.915613 0.723895
vt 0.908897 0.723895
vt 0.908897 0.722546
vt 0.907548 0.722546
vt 0.581440 0.536059
vt 0.894707 0.576609
vt 0.892014 0.576609
vt 0.894707 0.561797
vt 0.892014 0.561797
vt 0.466555 0.231657
vt 0.465206 0.231657
vt 0.466555 0.230309
vt 0.473270 0.230309
vt 0.473270 0.224914
vt 0.466555 0.224914
vt 0.466555 0.223565
vt 0.465206 0.223565
vt 0.903186 0.013116
vt 0.901837 0.013116
vt 0.903186 0.011767
vt 0.909902 0.011767
vt 0.909902 0.002325
vt 0.903186 0.002325
vt 0.903186 0.000977
vt 0.901837 0.000977
vt 0.179607 0.941339
vt 0.179607 0.942688
vt 0.178258 0.941339
vt 0.178258 0.934624
vt 0.174212 0.934624
vt 0.174212 0.941339
vt 0.172863 0.941339
vt 0.172863 0.942688
vt 0.248238 0.941829
vt 0.248238 0.943177
vt 0.246889 0.941829
vt 0.738985 0.831403
vt 0.737639 0.831403
vt 0.738985 0.823324
vt 0.737639 0.823324
vt 0.246889 0.935113
vt 0.242843 0.935113
vt 0.242843 0.941829
vt 0.241495 0.941829
vt 0.241495 0.943177
vt 0.900139 0.369446
vt 0.898790 0.369446
vt 0.900139 0.368097
vt 0.906855 0.368097
vt 0.906855 0.358656
vt 0.900139 0.358656
vt 0.900139 0.357307
vt 0.898790 0.357307
vt 0.466546 0.286610
vt 0.465197 0.286610
vt 0.466546 0.285261
vt 0.694917 0.258489
vt 0.692214 0.258489
vt 0.694917 0.194078
vt 0.692214 0.194078
vt 0.473261 0.285261
vt 0.473261 0.279866
vt 0.466546 0.279866
vt 0.466546 0.278517
vt 0.465197 0.278517
vt 0.586823 0.536059
vt 0.586823 0.458047
vt 0.581440 0.458047
vt 0.129267 0.692892
vt 0.127918 0.692892
vt 0.129267 0.691543
vt 0.581440 0.452636
vt 0.559879 0.452636
vt 0.554482 0.452636
vt 0.543702 0.452636
vt 0.135983 0.691543
vt 0.135983 0.683450
vt 0.127918 0.683450
vt 0.544417 0.324176
vt 0.528250 0.324176
vt 0.544417 0.221882
vt 0.528250 0.221882
vt 0.695272 0.899378
vt 0.692579 0.899378
vt 0.695272 0.884566
vt 0.692579 0.884566
vt 0.964886 0.575630
vt 0.964886 0.581009
vt 0.963538 0.575630
vt 0.963538 0.581009
vt 0.468859 0.647497
vt 0.468859 0.656942
vt 0.466152 0.656942
vt 0.466152 0.660974
vt 0.458032 0.660974
vt 0.458032 0.663681
vt 0.449912 0.663681
vt 0.449912 0.665034
vt 0.441791 0.665034
vt 0.422844 0.665034
vt 0.441791 0.666359
vt 0.422844 0.666359
vt 0.414724 0.663681
vt 0.414724 0.665034
vt 0.407055 0.660974
vt 0.407055 0.663681
vt 0.398935 0.656942
vt 0.398935 0.660974
vt 0.396228 0.647497
vt 0.396228 0.656942
vt 0.210811 0.643197
vt 0.205418 0.643197
vt 0.210811 0.554432
vt 0.205418 0.554432
vt 0.099919 0.565515
vt 0.097220 0.565515
vt 0.099919 0.460706
vt 0.097220 0.460706
vt 0.195550 0.108760
vt 0.192858 0.108760
vt 0.195550 0.000977
vt 0.192858 0.000977
vt 0.136149 0.554432
vt 0.102758 0.637909
vt 0.102758 0.554432
vt 0.136149 0.555785
vt 0.136149 0.636556
vt 0.136149 0.637909
vt 0.193004 0.555785
vt 0.193004 0.557139
vt 0.193004 0.635202
vt 0.193004 0.636556
vt 0.194358 0.557139
vt 0.194358 0.635202
vt 0.689375 0.212974
vt 0.671817 0.288158
vt 0.671817 0.212974
vt 0.689375 0.288158
vt 0.565290 0.132223
vt 0.563939 0.210100
vt 0.563939 0.132223
vt 0.565290 0.210100
vt 0.644584 0.455489
vt 0.639181 0.530673
vt 0.639181 0.455489
vt 0.644584 0.530673
vt 0.633640 0.519902
vt 0.636342 0.467651
vt 0.636342 0.519902
vt 0.633640 0.467651
vt 0.630937 0.530713
vt 0.633640 0.530713
vt 0.633640 0.455489
vt 0.630937 0.455489
vt 0.001010 0.262597
vt 0.007201 0.295758
vt 0.001803 0.295886
vt 0.002360 0.262565
vt 0.006408 0.262468
vt 0.012013 0.262468
vt 0.016618 0.295886
vt 0.011220 0.295758
vt 0.016062 0.262565
vt 0.017411 0.262597
vt 0.001010 0.205883
vt 0.007758 0.262436
vt 0.006408 0.205754
vt 0.012013 0.205754
vt 0.010663 0.262436
vt 0.017411 0.205883
vt 0.275901 0.960460
vt 0.274554 0.965846
vt 0.274554 0.960460
vt 0.275901 0.965846
vt 0.909093 0.960460
vt 0.907746 0.965846
vt 0.907746 0.960460
vt 0.909093 0.965846
vt 0.078854 0.689513
vt 0.000977 0.634144
vt 0.078854 0.634144
vt 0.000977 0.689513
vt 0.433492 0.574752
vt 0.426740 0.644527
vt 0.426740 0.558547
vt 0.433492 0.626971
vt 0.436193 0.563949
vt 0.436193 0.574752
vt 0.436193 0.626971
vt 0.436193 0.639125
vt 0.461627 0.558547
vt 0.461627 0.563949
vt 0.461627 0.639125
vt 0.461627 0.644527
vt 0.225514 0.728781
vt 0.170304 0.734167
vt 0.170304 0.728781
vt 0.225514 0.734167
vt 0.239202 0.737006
vt 0.183992 0.742392
vt 0.183992 0.737006
vt 0.239202 0.742392
vt 0.354192 0.799816
vt 0.316488 0.787696
vt 0.354192 0.787696
vt 0.316488 0.799816
vt 0.486546 0.740737
vt 0.524250 0.747470
vt 0.486546 0.747470
vt 0.524250 0.740737
vt 0.486546 0.739391
vt 0.481159 0.740737
vt 0.535023 0.740737
vt 0.524250 0.739391
vt 0.481159 0.728618
vt 0.486546 0.728618
vt 0.524250 0.728618
vt 0.535023 0.728618
vt 0.707657 0.959157
vt 0.711696 0.964544
vt 0.707657 0.964544
vt 0.711696 0.959157
vt 0.958527 0.242269
vt 0.962567 0.247655
vt 0.958527 0.247655
vt 0.962567 0.242269
vt 0.960585 0.413554
vt 0.964625 0.418941
vt 0.960585 0.418941
vt 0.964625 0.413554
vt 0.959526 0.397104
vt 0.963566 0.402491
vt 0.959526 0.402491
vt 0.963566 0.397104
vt 0.960398 0.215287
vt 0.964437 0.220673
vt 0.960398 0.220673
vt 0.964437 0.215287
vt 0.324015 0.348365
vt 0.328055 0.353751
vt 0.324015 0.353751
vt 0.328055 0.348365
vt 0.108144 0.471624
vt 0.102758 0.479704
vt 0.102758 0.471624
vt 0.108144 0.479704
vt 0.305927 0.692097
vt 0.308620 0.697483
vt 0.305927 0.697483
vt 0.308620 0.692097
vt 0.615124 0.159115
vt 0.616470 0.160462
vt 0.615124 0.160462
vt 0.616470 0.159115
vt 0.614518 0.989280
vt 0.615864 0.990626
vt 0.614518 0.990626
vt 0.615864 0.989280
vt 0.898377 0.874613
vt 0.899723 0.886732
vt 0.898377 0.886732
vt 0.899723 0.874613
vt 0.899935 0.591763
vt 0.901281 0.603882
vt 0.899935 0.603882
vt 0.901281 0.591763
vt 0.607823 0.474481
vt 0.609169 0.481214
vt 0.607823 0.481214
vt 0.609169 0.474481
vt 0.602925 0.097875
vt 0.604272 0.104608
vt 0.602925 0.104608
vt 0.604272 0.097875
vt 0.598494 0.178025
vt 0.599841 0.184758
vt 0.598494 0.184758
vt 0.599841 0.178025
vt 0.598203 0.078894
vt 0.599550 0.085627
vt 0.598203 0.085627
vt 0.599550 0.078894
vt 0.893178 0.838971
vt 0.893178 0.852437
vt 0.891831 0.852437
vt 0.462847 0.543537
vt 0.449352 0.544886
vt 0.449352 0.543537
vt 0.891831 0.837624
vt 0.893178 0.837624
vt 0.464197 0.456266
vt 0.462847 0.456266
vt 0.464197 0.544886
vt 0.534983 0.332401
vt 0.528250 0.340480
vt 0.528250 0.327014
vt 0.534983 0.340480
vt 0.089087 0.900041
vt 0.082354 0.908120
vt 0.082354 0.900041
vt 0.089087 0.902734
vt 0.540369 0.327014
vt 0.540369 0.332401
vt 0.094473 0.902734
vt 0.094473 0.908120
vt 0.443393 0.390415
vt 0.446086 0.409267
vt 0.443393 0.409267
vt 0.444739 0.390415
vt 0.446086 0.390415
vt 0.416269 0.251518
vt 0.418962 0.270371
vt 0.416269 0.270371
vt 0.417615 0.251518
vt 0.418962 0.251518
vt 0.435558 0.237884
vt 0.438251 0.256736
vt 0.435558 0.256736
vt 0.436904 0.237884
vt 0.438251 0.237884
vt 0.304923 0.560941
vt 0.307616 0.579793
vt 0.304923 0.579793
vt 0.306269 0.560941
vt 0.307616 0.560941
vt 0.209816 0.870057
vt 0.212509 0.875444
vt 0.209816 0.875444
vt 0.212509 0.870057
vt 0.959085 0.298238
vt 0.961778 0.303625
vt 0.959085 0.303625
vt 0.961778 0.298238
vt 0.208686 0.646036
vt 0.211379 0.651422
vt 0.208686 0.651422
vt 0.211379 0.646036
vt 0.192858 0.123849
vt 0.195551 0.129236
vt 0.192858 0.129236
vt 0.195551 0.123849
vt 0.178782 0.527469
vt 0.181475 0.532855
vt 0.178782 0.532855
vt 0.181475 0.527469
vt 0.083005 0.960444
vt 0.085698 0.965830
vt 0.083005 0.965830
vt 0.085698 0.960444
vt 0.304047 0.142360
vt 0.306740 0.161212
vt 0.304047 0.161212
vt 0.305394 0.142360
vt 0.306740 0.142360
vt 0.581891 0.185070
vt 0.584584 0.203922
vt 0.581891 0.203922
vt 0.583238 0.185070
vt 0.584584 0.185070
vt 0.017136 0.897763
vt 0.000977 0.893723
vt 0.017136 0.893723
vt 0.000977 0.897763
vt 0.952980 0.029692
vt 0.946247 0.036424
vt 0.946247 0.029692
vt 0.952980 0.036424
vt 0.953418 0.039263
vt 0.946685 0.045996
vt 0.946685 0.039263
vt 0.953418 0.045996
vt 0.006513 0.468788
vt 0.005166 0.468788
vt 0.005166 0.460706
vt 0.006513 0.559934
vt 0.005166 0.568016
vt 0.005166 0.559934
vt 0.019982 0.463400
vt 0.006513 0.470135
vt 0.019982 0.470135
vt 0.019982 0.558587
vt 0.006513 0.558587
vt 0.019982 0.565322
vt 0.025370 0.463400
vt 0.025370 0.565322
vt 0.032105 0.463400
vt 0.025370 0.470135
vt 0.032105 0.470135
vt 0.032105 0.558587
vt 0.025370 0.558587
vt 0.032105 0.565322
vt 0.037493 0.463400
vt 0.037493 0.565322
vt 0.044228 0.463400
vt 0.037493 0.470135
vt 0.044228 0.470135
vt 0.044228 0.558587
vt 0.037493 0.558587
vt 0.044228 0.565322
vt 0.049616 0.463400
vt 0.049616 0.565322
vt 0.063086 0.470135
vt 0.049616 0.470135
vt 0.063086 0.558587
vt 0.049616 0.558587
vt 0.064433 0.460706
vt 0.064433 0.568016
vt 0.837495 0.908293
vt 0.834801 0.919066
vt 0.834801 0.908293
vt 0.837495 0.919066
vt 0.152271 0.279902
vt 0.149578 0.283941
vt 0.149578 0.277209
vt 0.152271 0.281248
vt 0.949379 0.051528
vt 0.946685 0.055568
vt 0.946685 0.048835
vt 0.949379 0.052875
vt 0.153618 0.279902
vt 0.153618 0.281248
vt 0.950725 0.051528
vt 0.950725 0.052875
vt 0.156311 0.277209
vt 0.156311 0.283941
vt 0.953418 0.048835
vt 0.953418 0.055568
vt 0.530569 0.385138
vt 0.533262 0.403990
vt 0.530569 0.403990
vt 0.531916 0.385138
vt 0.533262 0.385138
vt 0.504571 0.484790
vt 0.507264 0.503642
vt 0.504571 0.503642
vt 0.505918 0.484790
vt 0.507264 0.484790
vt 0.792782 0.729944
vt 0.798184 0.770229
vt 0.792782 0.770229
vt 0.798184 0.729944
vt 0.605607 0.036516
vt 0.604260 0.040555
vt 0.604260 0.036516
vt 0.605607 0.040555
vt 0.200966 0.835298
vt 0.199619 0.839337
vt 0.199619 0.835298
vt 0.200966 0.839337
vt 0.254334 0.974682
vt 0.255681 0.978722
vt 0.254334 0.978722
vt 0.255681 0.974682
vt 0.287263 0.976103
vt 0.288610 0.980142
vt 0.287263 0.980142
vt 0.288610 0.976103
vt 0.661885 0.974374
vt 0.663231 0.978414
vt 0.661885 0.978414
vt 0.663231 0.974374
vt 0.606527 0.066286
vt 0.607874 0.070326
vt 0.606527 0.070326
vt 0.607874 0.066286
vt 0.602681 0.812164
vt 0.601334 0.816203
vt 0.601334 0.812164
vt 0.602681 0.816203
vt 0.940098 0.974683
vt 0.938751 0.978723
vt 0.938751 0.974683
vt 0.940098 0.978723
vt 0.610505 0.851036
vt 0.609158 0.855076
vt 0.609158 0.851036
vt 0.610505 0.855076
vt 0.614690 0.851036
vt 0.613343 0.855076
vt 0.613343 0.851036
vt 0.614690 0.855076
vt 0.977286 0.270120
vt 0.978633 0.274160
vt 0.977286 0.274160
vt 0.978633 0.270120
vt 0.340432 0.975902
vt 0.341778 0.979942
vt 0.340432 0.979942
vt 0.341778 0.975902
vt 0.615124 0.213381
vt 0.616470 0.217420
vt 0.615124 0.217420
vt 0.616470 0.213381
vt 0.977357 0.318270
vt 0.978703 0.322309
vt 0.977357 0.322309
vt 0.978703 0.318270
vt 0.618875 0.851036
vt 0.617529 0.855076
vt 0.617529 0.851036
vt 0.618875 0.855076
vt 0.978525 0.304513
vt 0.977178 0.308552
vt 0.977178 0.304513
vt 0.978525 0.308552
vt 0.501897 0.522462
vt 0.504590 0.541314
vt 0.501897 0.541314
vt 0.503244 0.522462
vt 0.504590 0.522462
vt 0.501897 0.463099
vt 0.504590 0.481951
vt 0.501897 0.481951
vt 0.503244 0.463099
vt 0.504590 0.463099
vt 0.898377 0.889571
vt 0.899723 0.890918
vt 0.898377 0.890918
vt 0.899723 0.889571
vt 0.901765 0.989306
vt 0.903111 0.990653
vt 0.901765 0.990653
vt 0.903111 0.989306
vt 0.905950 0.989306
vt 0.907297 0.990653
vt 0.905950 0.990653
vt 0.907297 0.989306
vt 0.978525 0.297634
vt 0.977178 0.301674
vt 0.977178 0.297634
vt 0.978525 0.301674
vt 0.623061 0.851036
vt 0.621714 0.855076
vt 0.621714 0.851036
vt 0.623061 0.855076
vt 0.932188 0.266620
vt 0.933535 0.267967
vt 0.932188 0.267967
vt 0.933535 0.266620
vt 0.943783 0.195806
vt 0.945129 0.197153
vt 0.943783 0.197153
vt 0.945129 0.195806
vt 0.988732 0.738931
vt 0.990079 0.740277
vt 0.988732 0.740277
vt 0.990079 0.738931
vt 0.988842 0.914653
vt 0.990188 0.916000
vt 0.988842 0.916000
vt 0.990188 0.914653
vt 0.781027 0.990554
vt 0.782374 0.991900
vt 0.781027 0.991900
vt 0.782374 0.990554
vt 0.706180 0.990952
vt 0.707527 0.992298
vt 0.706180 0.992298
vt 0.707527 0.990952
vt 0.584517 0.991117
vt 0.585863 0.992464
vt 0.584517 0.992464
vt 0.585863 0.991117
vt 0.217620 0.991318
vt 0.218966 0.992664
vt 0.217620 0.992664
vt 0.218966 0.991318
vt 0.221805 0.991318
vt 0.223152 0.992664
vt 0.221805 0.992664
vt 0.223152 0.991318
vt 0.227337 0.991318
vt 0.225990 0.992664
vt 0.225990 0.991318
vt 0.227337 0.992664
vt 0.959373 0.991704
vt 0.960719 0.993051
vt 0.959373 0.993051
vt 0.960719 0.991704
vt 0.991819 0.000977
vt 0.993166 0.002323
vt 0.991819 0.002323
vt 0.993166 0.000977
vt 0.993166 0.005162
vt 0.991819 0.006508
vt 0.991819 0.005162
vt 0.993166 0.006508
vt 0.990961 0.039700
vt 0.992308 0.041046
vt 0.990961 0.041046
vt 0.992308 0.039700
vt 0.990961 0.043885
vt 0.992308 0.045232
vt 0.990961 0.045232
vt 0.992308 0.043885
vt 0.992454 0.056296
vt 0.991107 0.057642
vt 0.991107 0.056296
vt 0.992454 0.057642
vt 0.992454 0.060481
vt 0.991107 0.061827
vt 0.991107 0.060481
vt 0.992454 0.061827
vt 0.992454 0.064666
vt 0.991107 0.066013
vt 0.991107 0.064666
vt 0.992454 0.066013
vt 0.992405 0.076743
vt 0.991058 0.078090
vt 0.991058 0.076743
vt 0.992405 0.078090
vt 0.991212 0.107138
vt 0.992559 0.108485
vt 0.991212 0.108485
vt 0.992559 0.107138
vt 0.992559 0.124865
vt 0.991212 0.126211
vt 0.991212 0.124865
vt 0.992559 0.126211
vt 0.991212 0.129050
vt 0.992559 0.130397
vt 0.991212 0.130397
vt 0.992559 0.129050
vt 0.991346 0.142439
vt 0.992692 0.143785
vt 0.991346 0.143785
vt 0.992692 0.142439
vt 0.992692 0.146624
vt 0.991346 0.147970
vt 0.991346 0.146624
vt 0.992692 0.147970
vt 0.991346 0.154994
vt 0.992692 0.156341
vt 0.991346 0.156341
vt 0.992692 0.154994
vt 0.992382 0.189415
vt 0.991036 0.190762
vt 0.991036 0.189415
vt 0.992382 0.190762
vt 0.991864 0.220781
vt 0.993210 0.222128
vt 0.991864 0.222128
vt 0.993210 0.220781
vt 0.991874 0.247094
vt 0.993221 0.248441
vt 0.991874 0.248441
vt 0.993221 0.247094
vt 0.989917 0.307945
vt 0.991264 0.309291
vt 0.989917 0.309291
vt 0.991264 0.307945
vt 0.991264 0.320501
vt 0.989917 0.321847
vt 0.989917 0.320501
vt 0.991264 0.321847
vt 0.989989 0.333057
vt 0.991336 0.334403
vt 0.989989 0.334403
vt 0.991336 0.333057
vt 0.990197 0.367857
vt 0.991544 0.369203
vt 0.990197 0.369203
vt 0.991544 0.367857
vt 0.990035 0.397590
vt 0.991381 0.398937
vt 0.990035 0.398937
vt 0.991381 0.397590
vt 0.602817 0.222571
vt 0.604164 0.221224
vt 0.604164 0.222571
vt 0.602817 0.221224
vt 0.602817 0.128021
vt 0.604164 0.126674
vt 0.604164 0.128021
vt 0.602817 0.126674
vt 0.601471 0.223918
vt 0.602817 0.217185
vt 0.602817 0.223918
vt 0.601471 0.222571
vt 0.601471 0.221224
vt 0.601471 0.217185
vt 0.601471 0.132061
vt 0.602817 0.125328
vt 0.602817 0.132061
vt 0.601471 0.128021
vt 0.601471 0.126674
vt 0.601471 0.125328
vt 0.600124 0.222571
vt 0.600124 0.221224
vt 0.600124 0.128021
vt 0.600124 0.126674
vt 0.494772 0.115722
vt 0.486686 0.115722
vt 0.486686 0.114374
vt 0.494772 0.217696
vt 0.486686 0.219043
vt 0.486686 0.217696
vt 0.498815 0.115722
vt 0.494772 0.117070
vt 0.498815 0.117070
vt 0.498815 0.216348
vt 0.494772 0.216348
vt 0.498815 0.217696
vt 0.506901 0.115722
vt 0.506901 0.217696
vt 0.510944 0.115722
vt 0.506901 0.117070
vt 0.510944 0.117070
vt 0.510944 0.216348
vt 0.506901 0.216348
vt 0.510944 0.217696
vt 0.519030 0.115722
vt 0.519030 0.217696
vt 0.523073 0.115722
vt 0.519030 0.117070
vt 0.523073 0.117070
vt 0.523073 0.216348
vt 0.519030 0.216348
vt 0.523073 0.217696
vt 0.531159 0.115722
vt 0.531159 0.217696
vt 0.535202 0.115722
vt 0.531159 0.117070
vt 0.535202 0.117070
vt 0.535202 0.216348
vt 0.531159 0.216348
vt 0.535202 0.217696
vt 0.736328 0.983122
vt 0.734982 0.985815
vt 0.734982 0.983122
vt 0.736328 0.985815
vt 0.543288 0.115722
vt 0.543288 0.126503
vt 0.541941 0.130546
vt 0.541941 0.126503
vt 0.543288 0.130546
vt 0.543288 0.138632
vt 0.541941 0.142675
vt 0.541941 0.138632
vt 0.543288 0.142675
vt 0.543288 0.154804
vt 0.541941 0.158847
vt 0.541941 0.154804
vt 0.543288 0.158847
vt 0.543288 0.165586
vt 0.541941 0.169629
vt 0.541941 0.165586
vt 0.543288 0.169629
vt 0.543288 0.175918
vt 0.541941 0.179961
vt 0.541941 0.175918
vt 0.543288 0.179961
vt 0.543288 0.192090
vt 0.541941 0.196133
vt 0.541941 0.192090
vt 0.543288 0.196133
vt 0.543288 0.204219
vt 0.541941 0.208262
vt 0.541941 0.204219
vt 0.543288 0.208262
vt 0.543288 0.217696
vt 0.544636 0.114374
vt 0.544636 0.219043
vt 0.443393 0.368724
vt 0.446086 0.387576
vt 0.443393 0.387576
vt 0.444739 0.368724
vt 0.446086 0.368724
vt 0.128715 0.651695
vt 0.131408 0.670547
vt 0.128715 0.670547
vt 0.130062 0.651695
vt 0.131408 0.651695
vt 0.518380 0.848789
vt 0.522420 0.868988
vt 0.518380 0.868988
vt 0.522420 0.848789
vt 0.637333 0.878637
vt 0.629254 0.894796
vt 0.629254 0.878637
vt 0.637333 0.894796
vt 0.135237 0.886544
vt 0.133891 0.897317
vt 0.133891 0.886544
vt 0.135237 0.897317
vt 0.136584 0.885198
vt 0.135237 0.885198
vt 0.135237 0.898663
vt 0.147357 0.883851
vt 0.136584 0.883851
vt 0.147357 0.885198
vt 0.148703 0.885198
vt 0.148703 0.886544
vt 0.148703 0.897317
vt 0.148703 0.898663
vt 0.150050 0.886544
vt 0.150050 0.897317
vt 0.357999 0.842175
vt 0.356653 0.863721
vt 0.356653 0.842175
vt 0.357999 0.863721
vt 0.992750 0.577587
vt 0.991404 0.578933
vt 0.991404 0.577587
vt 0.992750 0.578933
vt 0.991404 0.581772
vt 0.992750 0.583119
vt 0.991404 0.583119
vt 0.992750 0.581772
vt 0.176777 0.851768
vt 0.175431 0.855808
vt 0.175431 0.851768
vt 0.176777 0.853115
vt 0.176777 0.854461
vt 0.176777 0.855808
vt 0.980033 0.756065
vt 0.978687 0.760105
vt 0.978687 0.756065
vt 0.980033 0.757411
vt 0.980033 0.758758
vt 0.980033 0.760105
vt 0.804127 0.129505
vt 0.808167 0.168556
vt 0.804127 0.168556
vt 0.808167 0.129505
vt 0.798417 0.494542
vt 0.802457 0.533593
vt 0.798417 0.533593
vt 0.802457 0.494542
vt 0.835657 0.195489
vt 0.838350 0.196835
vt 0.834310 0.196835
vt 0.837003 0.195489
vt 0.136541 0.835969
vt 0.135195 0.838662
vt 0.135195 0.834623
vt 0.136541 0.837316
vt 0.835657 0.194142
vt 0.837003 0.194142
vt 0.137888 0.835969
vt 0.137888 0.837316
vt 0.835657 0.184716
vt 0.837003 0.184716
vt 0.147314 0.835969
vt 0.147314 0.837316
vt 0.835657 0.183369
vt 0.837003 0.183369
vt 0.148661 0.835969
vt 0.148661 0.837316
vt 0.834310 0.169904
vt 0.835657 0.169904
vt 0.838350 0.169904
vt 0.162127 0.834623
vt 0.162127 0.837316
vt 0.162127 0.838662
vt 0.214070 0.906358
vt 0.212723 0.917130
vt 0.212723 0.906358
vt 0.214070 0.917130
vt 0.913586 0.285123
vt 0.914932 0.295896
vt 0.913586 0.295896
vt 0.914932 0.285123
vt 0.909693 0.366937
vt 0.911040 0.377710
vt 0.909693 0.377710
vt 0.911040 0.366937
vt 0.911984 0.041829
vt 0.910637 0.052601
vt 0.910637 0.041829
vt 0.911984 0.052601
vt 0.805851 0.670619
vt 0.801812 0.708324
vt 0.801812 0.670619
vt 0.805851 0.708324
vt 0.072928 0.906357
vt 0.060809 0.902317
vt 0.072928 0.902317
vt 0.060809 0.906357
vt 0.520090 0.895103
vt 0.516050 0.907223
vt 0.516050 0.895103
vt 0.520090 0.907223
vt 0.622802 0.777520
vt 0.617403 0.780220
vt 0.617403 0.776171
vt 0.622802 0.778870
vt 0.601998 0.774961
vt 0.596599 0.777660
vt 0.596599 0.773611
vt 0.601998 0.776310
vt 0.624151 0.776171
vt 0.624151 0.777520
vt 0.624151 0.778870
vt 0.603347 0.774961
vt 0.603347 0.776310
vt 0.603347 0.777660
vt 0.625501 0.768073
vt 0.624151 0.766723
vt 0.625501 0.769423
vt 0.604697 0.784408
vt 0.603347 0.787107
vt 0.604697 0.785758
vt 0.626851 0.768073
vt 0.626851 0.769423
vt 0.606046 0.784408
vt 0.606046 0.785758
vt 0.628200 0.770772
vt 0.628200 0.780220
vt 0.607396 0.773611
vt 0.607396 0.783058
vt 0.642821 0.768073
vt 0.642821 0.769423
vt 0.622017 0.784408
vt 0.622017 0.785758
vt 0.644171 0.768073
vt 0.644171 0.769423
vt 0.623367 0.784408
vt 0.623367 0.785758
vt 0.659017 0.766723
vt 0.659017 0.770772
vt 0.638213 0.783058
vt 0.638213 0.787107
vt 0.588376 0.693652
vt 0.592415 0.700385
vt 0.588376 0.700385
vt 0.592415 0.693652
vt 0.074684 0.745587
vt 0.078724 0.752320
vt 0.074684 0.752320
vt 0.078724 0.745587
vt 0.912161 0.605421
vt 0.910814 0.616194
vt 0.910814 0.605421
vt 0.912161 0.616194
vt 0.069301 0.909196
vt 0.070647 0.919968
vt 0.069301 0.919968
vt 0.070647 0.909196
vt 0.065116 0.909196
vt 0.066462 0.919968
vt 0.065116 0.919968
vt 0.066462 0.909196
vt 0.912161 0.619033
vt 0.910814 0.629806
vt 0.910814 0.619033
vt 0.912161 0.629806
vt 0.642800 0.210199
vt 0.642800 0.211545
vt 0.641453 0.211545
vt 0.809408 0.960524
vt 0.808061 0.965910
vt 0.808061 0.960524
vt 0.809408 0.965910
vt 0.963978 0.890424
vt 0.962631 0.895811
vt 0.962631 0.890424
vt 0.963978 0.895811
vt 0.647618 0.814542
vt 0.646272 0.818582
vt 0.646272 0.814542
vt 0.647618 0.818582
vt 0.606589 0.960627
vt 0.605242 0.966014
vt 0.605242 0.960627
vt 0.606589 0.966014
vt 0.059253 0.849729
vt 0.057906 0.855115
vt 0.057906 0.849729
vt 0.059253 0.855115
vt 0.757886 0.992189
vt 0.756540 0.993535
vt 0.756540 0.992189
vt 0.757886 0.993535
vt 0.641453 0.207505
vt 0.642800 0.207505
vt 0.265542 0.416430
vt 0.268398 0.419287
vt 0.267446 0.420239
vt 0.978907 0.712345
vt 0.977561 0.716384
vt 0.977561 0.712345
vt 0.978907 0.716384
vt 0.217986 0.679354
vt 0.216640 0.684740
vt 0.216640 0.683394
vt 0.216640 0.679354
vt 0.217986 0.684740
vt 0.263637 0.416430
vt 0.268398 0.413574
vt 0.267446 0.412622
vt 0.961957 0.314688
vt 0.960610 0.320075
vt 0.960610 0.314688
vt 0.961957 0.320075
vt 0.664778 0.992323
vt 0.666124 0.993670
vt 0.664778 0.993670
vt 0.666124 0.992323
vt 0.685704 0.992323
vt 0.687051 0.993670
vt 0.685704 0.993670
vt 0.687051 0.992323
vt 0.470342 0.659781
vt 0.468991 0.724192
vt 0.468991 0.659781
vt 0.470342 0.724192
vt 0.743983 0.384189
vt 0.748828 0.421562
vt 0.742368 0.383266
vt 0.749982 0.421101
vt 0.747905 0.382343
vt 0.849684 0.880271
vt 0.851952 0.880724
vt 0.851952 0.882085
vt 0.747444 0.371269
vt 0.745829 0.369885
vt 0.749289 0.383266
vt 0.847870 0.881404
vt 0.851952 0.867119
vt 0.850591 0.868026
vt 0.749751 0.369424
vt 0.749982 0.370808
vt 0.847870 0.867572
vt 0.848323 0.866212
vt 0.604772 0.360693
vt 0.603422 0.360693
vt 0.603422 0.356642
vt 0.604772 0.425059
vt 0.603422 0.429110
vt 0.603422 0.425059
vt 0.606122 0.356642
vt 0.606122 0.429110
vt 0.517597 0.944514
vt 0.518943 0.951247
vt 0.517597 0.951247
vt 0.518943 0.944514
vt 0.830095 0.886300
vt 0.831441 0.893033
vt 0.830095 0.893033
vt 0.831441 0.886300
vt 0.984150 0.987989
vt 0.985497 0.990683
vt 0.984150 0.990683
vt 0.985497 0.987989
vt 0.174403 0.983246
vt 0.175749 0.985939
vt 0.174403 0.985939
vt 0.175749 0.983246
vt 0.178588 0.983246
vt 0.179934 0.985939
vt 0.178588 0.985939
vt 0.179934 0.983246
vt 0.182773 0.983255
vt 0.184120 0.985948
vt 0.182773 0.985948
vt 0.184120 0.983255
vt 0.808107 0.983281
vt 0.809454 0.985975
vt 0.808107 0.985975
vt 0.809454 0.983281
vt 0.812292 0.983281
vt 0.813639 0.985975
vt 0.812292 0.985975
vt 0.813639 0.983281
vt 0.000977 0.983351
vt 0.002323 0.986044
vt 0.000977 0.986044
vt 0.002323 0.983351
vt 0.952654 0.983356
vt 0.954000 0.986049
vt 0.952654 0.986049
vt 0.954000 0.983356
vt 0.956839 0.983356
vt 0.958185 0.986049
vt 0.956839 0.986049
vt 0.958185 0.983356
vt 0.104605 0.983603
vt 0.105951 0.986296
vt 0.104605 0.986296
vt 0.105951 0.983603
vt 0.038644 0.988596
vt 0.039991 0.991289
vt 0.038644 0.991289
vt 0.039991 0.988596
vt 0.618739 0.983748
vt 0.620086 0.986441
vt 0.618739 0.986441
vt 0.620086 0.983748
vt 0.987156 0.898058
vt 0.988503 0.900751
vt 0.987156 0.900751
vt 0.988503 0.898058
vt 0.374279 0.988269
vt 0.375626 0.990962
vt 0.374279 0.990962
vt 0.375626 0.988269
vt 0.604984 0.458201
vt 0.603633 0.530692
vt 0.603633 0.458201
vt 0.604984 0.530692
vt 0.309043 0.896450
vt 0.309043 0.899143
vt 0.307697 0.899143
vt 0.894192 0.895131
vt 0.891498 0.896478
vt 0.891498 0.895131
vt 0.307697 0.895103
vt 0.322509 0.896450
vt 0.322509 0.895103
vt 0.718190 0.186101
vt 0.716838 0.247819
vt 0.716838 0.186101
vt 0.718190 0.247819
vt 0.895538 0.881666
vt 0.894192 0.881666
vt 0.895538 0.896478
vt 0.127625 0.983757
vt 0.124932 0.986451
vt 0.124932 0.983757
vt 0.127625 0.986451
vt 0.076939 0.983759
vt 0.074246 0.986452
vt 0.074246 0.983759
vt 0.076939 0.986452
vt 0.162991 0.975710
vt 0.165685 0.979750
vt 0.162991 0.979750
vt 0.165685 0.975710
vt 0.478658 0.977080
vt 0.481351 0.981119
vt 0.478658 0.981119
vt 0.481351 0.977080
vt 0.569413 0.984083
vt 0.572107 0.986777
vt 0.569413 0.986777
vt 0.572107 0.984083
vt 0.272797 0.984363
vt 0.275491 0.987056
vt 0.272797 0.987056
vt 0.275491 0.984363
vt 0.664349 0.827715
vt 0.667042 0.831755
vt 0.664349 0.831755
vt 0.667042 0.827715
vt 0.703592 0.975593
vt 0.706286 0.979633
vt 0.703592 0.979633
vt 0.706286 0.975593
vt 0.189652 0.983772
vt 0.186958 0.986465
vt 0.186958 0.983772
vt 0.189652 0.986465
vt 0.892737 0.983774
vt 0.890044 0.986467
vt 0.890044 0.983774
vt 0.892737 0.986467
vt 0.674441 0.974374
vt 0.677134 0.978414
vt 0.674441 0.978414
vt 0.677134 0.974374
vt 0.924848 0.974683
vt 0.927542 0.978723
vt 0.924848 0.978723
vt 0.927542 0.974683
vt 0.898269 0.983774
vt 0.895576 0.986467
vt 0.895576 0.983774
vt 0.898269 0.986467
vt 0.269959 0.983774
vt 0.267265 0.986467
vt 0.267265 0.983774
vt 0.269959 0.986467
vt 0.473126 0.974452
vt 0.475819 0.978492
vt 0.473126 0.978492
vt 0.475819 0.974452
vt 0.680054 0.303280
vt 0.682747 0.307319
vt 0.680054 0.307319
vt 0.682747 0.303280
vt 0.326703 0.993844
vt 0.328050 0.995191
vt 0.326703 0.995191
vt 0.328050 0.993844
vt 0.339259 0.993844
vt 0.340605 0.995191
vt 0.339259 0.995191
vt 0.340605 0.993844
vt 0.314147 0.993869
vt 0.315494 0.995215
vt 0.314147 0.995215
vt 0.315494 0.993869
vt 0.043100 0.000977
vt 0.041754 0.006363
vt 0.041754 0.000977
vt 0.043100 0.006363
vt 0.974524 0.629285
vt 0.973178 0.633325
vt 0.973178 0.629285
vt 0.974524 0.633325
vt 0.551936 0.591283
vt 0.550590 0.595323
vt 0.550590 0.591283
vt 0.550590 0.604749
vt 0.550590 0.600709
vt 0.551936 0.604749
vt 0.597149 0.812164
vt 0.595803 0.820243
vt 0.595803 0.812164
vt 0.597149 0.818897
vt 0.104104 0.467439
vt 0.105451 0.467439
vt 0.105451 0.468785
vt 0.598496 0.818897
vt 0.598496 0.820243
vt 0.102758 0.468785
vt 0.104104 0.460706
vt 0.102758 0.460706
vt 0.667529 0.349106
vt 0.666182 0.353146
vt 0.666182 0.349106
vt 0.667529 0.353146
vt 0.978776 0.543114
vt 0.977429 0.547154
vt 0.977429 0.543114
vt 0.978776 0.547154
vt 0.992009 0.009347
vt 0.993356 0.010694
vt 0.992009 0.010694
vt 0.993356 0.009347
vt 0.992009 0.013533
vt 0.993356 0.014879
vt 0.992009 0.014879
vt 0.993356 0.013533
vt 0.237455 0.810874
vt 0.236109 0.816261
vt 0.236109 0.810874
vt 0.237455 0.816261
vt 0.064665 0.746899
vt 0.063319 0.752286
vt 0.063319 0.746899
vt 0.064665 0.752286
vt 0.425955 0.983774
vt 0.424608 0.986467
vt 0.424608 0.983774
vt 0.425955 0.986467
vt 0.430140 0.983774
vt 0.428793 0.986467
vt 0.428793 0.983774
vt 0.430140 0.986467
vt 0.043111 0.023116
vt 0.041765 0.028503
vt 0.041765 0.023116
vt 0.043111 0.028503
vt 0.955778 0.961080
vt 0.954432 0.966467
vt 0.954432 0.961080
vt 0.955778 0.966467
vt 0.990610 0.472802
vt 0.989264 0.475495
vt 0.989264 0.472802
vt 0.990610 0.475495
vt 0.425485 0.960881
vt 0.424138 0.966267
vt 0.424138 0.960881
vt 0.425485 0.966267
vt 0.421300 0.960881
vt 0.419953 0.966267
vt 0.419953 0.960881
vt 0.421300 0.966267
vt 0.363433 0.960750
vt 0.362086 0.966136
vt 0.362086 0.960750
vt 0.363433 0.966136
vt 0.964490 0.033914
vt 0.963143 0.039301
vt 0.963143 0.033914
vt 0.964490 0.039301
vt 0.993738 0.101855
vt 0.995085 0.103202
vt 0.993738 0.103202
vt 0.995085 0.101855
vt 0.332284 0.832917
vt 0.330937 0.838303
vt 0.330937 0.832917
vt 0.332284 0.838303
vt 0.397528 0.799222
vt 0.396182 0.804609
vt 0.396182 0.799222
vt 0.397528 0.804609
vt 0.305394 0.169437
vt 0.304047 0.177517
vt 0.304047 0.164051
vt 0.305394 0.172130
vt 0.306740 0.164051
vt 0.306740 0.169437
vt 0.306740 0.172130
vt 0.306740 0.177517
vt 0.946921 0.572469
vt 0.944227 0.576509
vt 0.944227 0.569776
vt 0.946921 0.573816
vt 0.948267 0.572469
vt 0.948267 0.573816
vt 0.950960 0.569776
vt 0.950960 0.571122
vt 0.950960 0.576509
vt 0.678885 0.682235
vt 0.677538 0.686274
vt 0.677538 0.682235
vt 0.678885 0.686274
vt 0.662384 0.114461
vt 0.656998 0.114461
vt 0.656998 0.113115
vt 0.662384 0.119848
vt 0.655651 0.121194
vt 0.655651 0.119848
vt 0.663731 0.113115
vt 0.663731 0.121194
vt 0.978396 0.035383
vt 0.977049 0.039423
vt 0.977049 0.035383
vt 0.978396 0.039423
vt 0.685586 0.303280
vt 0.686932 0.307319
vt 0.685586 0.307319
vt 0.686932 0.303280
vt 0.979263 0.007855
vt 0.980610 0.011895
vt 0.979263 0.011895
vt 0.980610 0.007855
vt 0.978514 0.127044
vt 0.977168 0.131084
vt 0.977168 0.127044
vt 0.978514 0.131084
vt 0.503761 0.834584
vt 0.505107 0.835931
vt 0.503761 0.835931
vt 0.505107 0.834584
vt 0.502414 0.833237
vt 0.502414 0.834584
vt 0.506454 0.834584
vt 0.503761 0.833237
vt 0.505107 0.833237
vt 0.506454 0.833237
vt 0.503761 0.830544
vt 0.505107 0.830544
vt 0.760608 0.065796
vt 0.757915 0.090034
vt 0.757915 0.046944
vt 0.760608 0.071182
vt 0.761955 0.046944
vt 0.761955 0.065796
vt 0.761955 0.071182
vt 0.761955 0.090034
vt 0.974408 0.575958
vt 0.973061 0.579998
vt 0.973061 0.575958
vt 0.974408 0.579998
vt 0.973451 0.362629
vt 0.972104 0.366669
vt 0.972104 0.362629
vt 0.973451 0.366669
vt 0.072497 0.249176
vt 0.068458 0.249176
vt 0.068458 0.247830
vt 0.072497 0.254563
vt 0.068458 0.255909
vt 0.068458 0.254563
vt 0.073844 0.247830
vt 0.073844 0.255909
vt 0.147692 0.679776
vt 0.146345 0.734986
vt 0.146345 0.675737
vt 0.147692 0.730947
vt 0.149038 0.675737
vt 0.149038 0.679776
vt 0.149038 0.730947
vt 0.149038 0.734986
vt 0.069804 0.243644
vt 0.076537 0.244991
vt 0.068458 0.244991
vt 0.075190 0.243644
vt 0.069804 0.238258
vt 0.075190 0.238258
vt 0.068458 0.236912
vt 0.076537 0.236912
vt 0.373382 0.622291
vt 0.386848 0.627677
vt 0.367996 0.627677
vt 0.381462 0.622291
vt 0.373382 0.614211
vt 0.381462 0.614211
vt 0.367996 0.608825
vt 0.386848 0.608825
vt 0.992870 0.388783
vt 0.994217 0.390130
vt 0.992870 0.390130
vt 0.994217 0.388783
vt 0.034794 0.129554
vt 0.033448 0.133594
vt 0.033448 0.129554
vt 0.034794 0.133594
vt 0.720197 0.983787
vt 0.718851 0.986480
vt 0.718851 0.983787
vt 0.720197 0.986480
vt 0.292937 0.727345
vt 0.291591 0.731385
vt 0.291591 0.727345
vt 0.292937 0.731385
vt 0.993620 0.457712
vt 0.992273 0.459058
vt 0.992273 0.457712
vt 0.993620 0.459058
vt 0.112975 0.983787
vt 0.114322 0.986480
vt 0.112975 0.986480
vt 0.114322 0.983787
vt 0.789869 0.983839
vt 0.791216 0.986532
vt 0.789869 0.986532
vt 0.791216 0.983839
vt 0.288096 0.374248
vt 0.289443 0.378287
vt 0.288096 0.378287
vt 0.289443 0.374248
vt 0.189425 0.639394
vt 0.190771 0.643434
vt 0.189425 0.643434
vt 0.190771 0.639394
vt 0.794055 0.983839
vt 0.795401 0.986532
vt 0.794055 0.986532
vt 0.795401 0.983839
vt 0.163603 0.988121
vt 0.164949 0.990814
vt 0.163603 0.990814
vt 0.164949 0.988121
vt 0.694360 0.560701
vt 0.693013 0.566088
vt 0.693013 0.560701
vt 0.694360 0.566088
vt 0.799587 0.983839
vt 0.798240 0.986532
vt 0.798240 0.983839
vt 0.799587 0.986532
vt 0.993959 0.615255
vt 0.995305 0.616601
vt 0.993959 0.616601
vt 0.995305 0.615255
vt 0.993959 0.619440
vt 0.995305 0.620787
vt 0.993959 0.620787
vt 0.995305 0.619440
vt 0.667818 0.513761
vt 0.666471 0.519148
vt 0.666471 0.513761
vt 0.667818 0.519148
vt 0.379811 0.988269
vt 0.378465 0.990962
vt 0.378465 0.988269
vt 0.379811 0.990962
vt 0.636385 0.544550
vt 0.635038 0.549936
vt 0.635038 0.544550
vt 0.636385 0.549936
vt 0.566639 0.108983
vt 0.566639 0.031106
vt 0.567990 0.108983
vt 0.567990 0.031106
vt 0.000977 0.794954
vt 0.038681 0.794954
vt 0.000977 0.796300
vt 0.038681 0.796300
vt 0.327012 0.063211
vt 0.325665 0.063211
vt 0.327012 0.044358
vt 0.325665 0.044358
vt 0.452650 0.517259
vt 0.451304 0.517259
vt 0.452650 0.498406
vt 0.451304 0.498406
vt 0.850589 0.217431
vt 0.850589 0.195886
vt 0.851935 0.217431
vt 0.851935 0.195886
vt 0.994374 0.915678
vt 0.993027 0.915678
vt 0.994374 0.914332
vt 0.993027 0.914332
vt 0.994658 0.966224
vt 0.993311 0.966224
vt 0.994658 0.964877
vt 0.993311 0.964877
vt 0.299763 0.019829
vt 0.297070 0.019829
vt 0.299763 0.000977
vt 0.298417 0.000977
vt 0.297070 0.000977
vt 0.297899 0.579793
vt 0.295205 0.579793
vt 0.297899 0.560941
vt 0.296552 0.560941
vt 0.295205 0.560941
vt 0.900218 0.750937
vt 0.898871 0.750937
vt 0.900218 0.738818
vt 0.898871 0.738818
vt 0.900939 0.663910
vt 0.899593 0.663910
vt 0.900939 0.651791
vt 0.899593 0.651791
vt 0.526050 0.199964
vt 0.524704 0.199964
vt 0.526050 0.193231
vt 0.524704 0.193231
vt 0.518383 0.228615
vt 0.517037 0.228615
vt 0.518383 0.221882
vt 0.517037 0.221882
vt 0.513883 0.212903
vt 0.512537 0.212903
vt 0.513883 0.206170
vt 0.512537 0.206170
vt 0.508042 0.624716
vt 0.506696 0.624716
vt 0.508042 0.617983
vt 0.506696 0.617983
vt 0.895813 0.110778
vt 0.894467 0.110778
vt 0.894467 0.097312
vt 0.236727 0.641703
vt 0.236727 0.643052
vt 0.223231 0.641703
vt 0.895813 0.095965
vt 0.894467 0.095965
vt 0.223231 0.554432
vt 0.221882 0.554432
vt 0.221882 0.643052
vt 0.589214 0.019829
vt 0.586521 0.019829
vt 0.589214 0.000977
vt 0.587867 0.000977
vt 0.586521 0.000977
vt 0.579002 0.062613
vt 0.576309 0.062613
vt 0.579002 0.043761
vt 0.577655 0.043761
vt 0.576309 0.043761
vt 0.382304 0.541158
vt 0.379611 0.541158
vt 0.382304 0.522306
vt 0.380957 0.522306
vt 0.379611 0.522306
vt 0.393368 0.515281
vt 0.390674 0.515281
vt 0.393368 0.496429
vt 0.392021 0.496429
vt 0.390674 0.496429
vt 0.979263 0.005016
vt 0.979263 0.000977
vt 0.980610 0.005016
vt 0.980610 0.000977
vt 0.695222 0.978414
vt 0.695222 0.974374
vt 0.696568 0.978414
vt 0.696568 0.974374
vt 0.978339 0.105104
vt 0.976993 0.105104
vt 0.978339 0.101064
vt 0.976993 0.101064
vt 0.977402 0.815893
vt 0.976055 0.815893
vt 0.977402 0.811853
vt 0.976055 0.811853
vt 0.920355 0.980936
vt 0.919008 0.980936
vt 0.920355 0.976896
vt 0.919008 0.976896
vt 0.691118 0.307319
vt 0.689771 0.307319
vt 0.691118 0.303280
vt 0.689771 0.303280
vt 0.910638 0.980936
vt 0.910638 0.976896
vt 0.911984 0.980936
vt 0.911984 0.976896
vt 0.906452 0.980936
vt 0.906452 0.976896
vt 0.907799 0.980936
vt 0.907799 0.976896
vt 0.189450 0.980933
vt 0.189450 0.976893
vt 0.190796 0.980933
vt 0.190796 0.976893
vt 0.973101 0.281038
vt 0.973101 0.276999
vt 0.974447 0.281038
vt 0.974447 0.276999
vt 0.097581 0.980920
vt 0.096234 0.980920
vt 0.097581 0.976880
vt 0.096234 0.976880
vt 0.089210 0.980920
vt 0.087863 0.980920
vt 0.089210 0.976880
vt 0.087863 0.976880
vt 0.686654 0.773158
vt 0.685307 0.773158
vt 0.686654 0.769118
vt 0.685307 0.769118
vt 0.690839 0.773158
vt 0.689492 0.773158
vt 0.690839 0.769118
vt 0.689492 0.769118
vt 0.295634 0.980142
vt 0.295634 0.976103
vt 0.296981 0.980142
vt 0.296981 0.976103
vt 0.083678 0.980920
vt 0.083678 0.976880
vt 0.085025 0.980920
vt 0.085025 0.976880
vt 0.372730 0.496429
vt 0.380814 0.496429
vt 0.375425 0.497776
vt 0.380814 0.497776
vt 0.471978 0.496429
vt 0.480062 0.496429
vt 0.471978 0.497776
vt 0.477367 0.497776
vt 0.375425 0.504512
vt 0.477367 0.504512
vt 0.376772 0.504512
vt 0.375425 0.511248
vt 0.376772 0.511248
vt 0.476020 0.504512
vt 0.476020 0.511248
vt 0.477367 0.511248
vt 0.375425 0.516638
vt 0.477367 0.516638
vt 0.376772 0.516638
vt 0.375425 0.523374
vt 0.376772 0.523374
vt 0.476020 0.516638
vt 0.476020 0.523374
vt 0.477367 0.523374
vt 0.375425 0.528763
vt 0.477367 0.528763
vt 0.376772 0.528763
vt 0.375425 0.535499
vt 0.376772 0.535499
vt 0.476020 0.528763
vt 0.476020 0.535499
vt 0.477367 0.535499
vt 0.375425 0.540888
vt 0.477367 0.540888
vt 0.376772 0.540888
vt 0.375425 0.547624
vt 0.376772 0.547624
vt 0.476020 0.540888
vt 0.476020 0.547624
vt 0.477367 0.547624
vt 0.945658 0.995759
vt 0.945658 0.994412
vt 0.947004 0.995759
vt 0.947004 0.994412
vt 0.375425 0.554361
vt 0.384855 0.553013
vt 0.391592 0.553013
vt 0.384855 0.554361
vt 0.391592 0.554361
vt 0.396981 0.553013
vt 0.403717 0.553013
vt 0.396981 0.554361
vt 0.403717 0.554361
vt 0.413148 0.553013
vt 0.419884 0.553013
vt 0.413148 0.554361
vt 0.419884 0.554361
vt 0.423477 0.553013
vt 0.430213 0.553013
vt 0.423477 0.554361
vt 0.430213 0.554361
vt 0.434255 0.553013
vt 0.440991 0.553013
vt 0.434255 0.554361
vt 0.440991 0.554361
vt 0.450422 0.553013
vt 0.457158 0.553013
vt 0.450422 0.554361
vt 0.457158 0.554361
vt 0.462547 0.553013
vt 0.469284 0.553013
vt 0.462547 0.554361
vt 0.469284 0.554361
vt 0.477367 0.554361
vt 0.372730 0.555708
vt 0.480062 0.555708
vt 0.503246 0.604706
vt 0.500553 0.604706
vt 0.503246 0.585854
vt 0.501900 0.585854
vt 0.500553 0.585854
vt 0.382304 0.519467
vt 0.379611 0.519467
vt 0.382304 0.500615
vt 0.380957 0.500615
vt 0.379611 0.500615
vt 0.530094 0.213019
vt 0.530094 0.206286
vt 0.532787 0.210326
vt 0.532787 0.208980
vt 0.524942 0.554558
vt 0.524942 0.547825
vt 0.527635 0.551864
vt 0.527635 0.550518
vt 0.534134 0.210326
vt 0.534134 0.208980
vt 0.528982 0.551864
vt 0.528982 0.550518
vt 0.536827 0.213019
vt 0.536827 0.206286
vt 0.531675 0.554558
vt 0.531675 0.547825
vt 0.703792 0.996484
vt 0.702446 0.996484
vt 0.703792 0.995137
vt 0.702446 0.995137
vt 0.949702 0.761360
vt 0.942970 0.761360
vt 0.947009 0.758667
vt 0.945663 0.758667
vt 0.515371 0.554558
vt 0.515371 0.547825
vt 0.518064 0.551864
vt 0.518064 0.550518
vt 0.947009 0.757321
vt 0.945663 0.757321
vt 0.519410 0.551864
vt 0.519410 0.550518
vt 0.949702 0.754627
vt 0.942970 0.754627
vt 0.522103 0.554558
vt 0.522103 0.547825
vt 0.797645 0.581143
vt 0.792243 0.581143
vt 0.797645 0.540858
vt 0.792243 0.540858
vt 0.414071 0.607288
vt 0.411378 0.607288
vt 0.414071 0.588436
vt 0.412724 0.588436
vt 0.411378 0.588436
vt 0.457150 0.409267
vt 0.454456 0.409267
vt 0.457150 0.390415
vt 0.455803 0.390415
vt 0.454456 0.390415
vt 0.502545 0.693276
vt 0.502545 0.694623
vt 0.501199 0.693276
vt 0.501199 0.694623
vt 0.061614 0.438964
vt 0.061614 0.440311
vt 0.060267 0.438964
vt 0.060267 0.440311
vt 0.501199 0.698663
vt 0.499852 0.691930
vt 0.501199 0.691930
vt 0.499852 0.693276
vt 0.499852 0.694623
vt 0.499852 0.698663
vt 0.060267 0.441658
vt 0.058920 0.434925
vt 0.060267 0.434925
vt 0.058920 0.438964
vt 0.058920 0.440311
vt 0.058920 0.441658
vt 0.498506 0.693276
vt 0.498506 0.694623
vt 0.057574 0.438964
vt 0.057574 0.440311
vt 0.909762 0.837720
vt 0.909762 0.826947
vt 0.912456 0.837720
vt 0.912456 0.826947
vt 0.466682 0.825825
vt 0.466682 0.827172
vt 0.465336 0.825825
vt 0.465336 0.827172
vt 0.846386 0.820152
vt 0.846386 0.821499
vt 0.845040 0.820152
vt 0.845040 0.821499
vt 0.465336 0.831211
vt 0.463989 0.824478
vt 0.465336 0.824478
vt 0.463989 0.825825
vt 0.463989 0.827172
vt 0.463989 0.831211
vt 0.845040 0.822845
vt 0.843693 0.816113
vt 0.845040 0.816113
vt 0.843693 0.820152
vt 0.843693 0.821499
vt 0.843693 0.822845
vt 0.462642 0.825825
vt 0.462642 0.827172
vt 0.842346 0.820152
vt 0.842346 0.821499
vt 0.482900 0.559414
vt 0.482900 0.558066
vt 0.539515 0.558066
vt 0.482900 0.456069
vt 0.482900 0.454721
vt 0.539515 0.456069
vt 0.540863 0.559414
vt 0.540863 0.454721
vt 0.319274 0.892265
vt 0.319274 0.876106
vt 0.323314 0.892265
vt 0.323314 0.876106
vt 0.870420 0.044213
vt 0.866380 0.044213
vt 0.870420 0.024014
vt 0.866380 0.024014
vt 0.396228 0.669198
vt 0.466043 0.669198
vt 0.413344 0.717843
vt 0.448476 0.717843
vt 0.396228 0.725951
vt 0.413344 0.725951
vt 0.448476 0.725951
vt 0.466043 0.725951
vt 0.632841 0.701626
vt 0.615271 0.701626
vt 0.615271 0.690813
vt 0.585537 0.701626
vt 0.568417 0.701626
vt 0.585537 0.690813
vt 0.632841 0.681353
vt 0.568417 0.681353
vt 0.636895 0.681353
vt 0.608513 0.655673
vt 0.564363 0.681353
vt 0.592295 0.655673
vt 0.636895 0.647564
vt 0.635544 0.647564
vt 0.608513 0.647564
vt 0.592295 0.647564
vt 0.565714 0.647564
vt 0.564363 0.647564
vt 0.548220 0.383646
vt 0.546874 0.383646
vt 0.546874 0.382299
vt 0.537448 0.403990
vt 0.536101 0.403990
vt 0.537448 0.402644
vt 0.536101 0.382299
vt 0.546874 0.366140
vt 0.536101 0.366140
vt 0.548220 0.402644
vt 0.548220 0.386485
vt 0.537448 0.386485
vt 0.548220 0.364794
vt 0.546874 0.364794
vt 0.537448 0.385138
vt 0.536101 0.385138
vt 0.129274 0.789105
vt 0.166979 0.789105
vt 0.129274 0.795838
vt 0.166979 0.795838
vt 0.367996 0.605986
vt 0.367996 0.587134
vt 0.373382 0.603293
vt 0.373382 0.587134
vt 0.365177 0.468339
vt 0.365177 0.449487
vt 0.370563 0.468339
vt 0.370563 0.452180
vt 0.380115 0.605986
vt 0.380115 0.603293
vt 0.377296 0.452180
vt 0.377296 0.449487
vt 0.909762 0.824108
vt 0.909762 0.814682
vt 0.911109 0.824108
vt 0.909762 0.813336
vt 0.911109 0.822762
vt 0.911109 0.821415
vt 0.911109 0.813336
vt 0.909272 0.789046
vt 0.909272 0.779620
vt 0.910619 0.790393
vt 0.909272 0.790393
vt 0.910619 0.782313
vt 0.910619 0.780967
vt 0.910619 0.779620
vt 0.912284 0.336730
vt 0.912284 0.325957
vt 0.913630 0.336730
vt 0.913630 0.325957
vt 0.641496 0.762091
vt 0.641496 0.751318
vt 0.663041 0.762091
vt 0.432124 0.920673
vt 0.430778 0.920673
vt 0.432124 0.909900
vt 0.430778 0.909900
vt 0.676507 0.762091
vt 0.649457 0.797612
vt 0.684468 0.797612
vt 0.649457 0.802999
vt 0.684468 0.802999
vt 0.850248 0.920091
vt 0.850248 0.909318
vt 0.851594 0.920091
vt 0.851594 0.909318
vt 0.805703 0.623033
vt 0.794930 0.623033
vt 0.805703 0.583982
vt 0.794930 0.583982
vt 0.680547 0.762091
vt 0.680547 0.751318
vt 0.823818 0.569601
vt 0.823818 0.539976
vt 0.831897 0.569601
vt 0.831897 0.539976
vt 0.810752 0.785471
vt 0.810752 0.774698
vt 0.812098 0.784124
vt 0.812098 0.782778
vt 0.797901 0.839488
vt 0.797901 0.828715
vt 0.799247 0.831409
vt 0.799247 0.830062
vt 0.813445 0.784124
vt 0.813445 0.782778
vt 0.800594 0.831409
vt 0.800594 0.830062
vt 0.822871 0.784124
vt 0.822871 0.782778
vt 0.810020 0.831409
vt 0.810020 0.830062
vt 0.824217 0.784124
vt 0.824217 0.782778
vt 0.811367 0.831409
vt 0.811367 0.830062
vt 0.882839 0.017136
vt 0.882839 0.000977
vt 0.885532 0.014442
vt 0.885532 0.003670
vt 0.837683 0.785471
vt 0.837683 0.784124
vt 0.837683 0.780084
vt 0.837683 0.774698
vt 0.824832 0.839488
vt 0.824832 0.834102
vt 0.824832 0.830062
vt 0.824832 0.828715
vt 0.996139 0.475800
vt 0.994793 0.475800
vt 0.996139 0.474453
vt 0.994793 0.474453
vt 0.994793 0.479985
vt 0.994793 0.478638
vt 0.996139 0.479985
vt 0.996139 0.478638
vt 0.896305 0.014442
vt 0.896305 0.003670
vt 0.898998 0.017136
vt 0.898998 0.000977
vt 0.081838 0.805568
vt 0.116849 0.805568
vt 0.081838 0.808261
vt 0.116849 0.808261
vt 0.823818 0.537138
vt 0.823818 0.507513
vt 0.829204 0.537138
vt 0.829204 0.507513
vt 0.831897 0.537138
vt 0.831897 0.507513
vt 0.976869 0.753226
vt 0.976869 0.750533
vt 0.978216 0.753226
vt 0.976869 0.749186
vt 0.978216 0.749186
vt 0.649662 0.978827
vt 0.649662 0.976134
vt 0.651009 0.980174
vt 0.649662 0.980174
vt 0.651009 0.976134
vt 0.798973 0.720513
vt 0.794933 0.720513
vt 0.798973 0.681462
vt 0.794933 0.681462
vt 0.803931 0.353297
vt 0.799892 0.353297
vt 0.803931 0.314246
vt 0.799892 0.314246
vt 0.501599 0.798524
vt 0.536611 0.798524
vt 0.501599 0.802564
vt 0.536611 0.802564
vt 0.668667 0.378261
vt 0.668667 0.415853
vt 0.667308 0.380978
vt 0.667308 0.382337
vt 0.667308 0.387772
vt 0.667308 0.389131
vt 0.667308 0.394566
vt 0.667308 0.395924
vt 0.667308 0.400001
vt 0.667308 0.401359
vt 0.667308 0.406794
vt 0.667308 0.408153
vt 0.667308 0.413135
vt 0.667308 0.414494
vt 0.665949 0.380978
vt 0.665949 0.382337
vt 0.665949 0.387772
vt 0.665949 0.389131
vt 0.665949 0.394566
vt 0.665949 0.395924
vt 0.665949 0.400001
vt 0.665949 0.401359
vt 0.665949 0.406794
vt 0.665949 0.408153
vt 0.665949 0.413135
vt 0.665949 0.414494
vt 0.663232 0.378261
vt 0.663232 0.379619
vt 0.663232 0.380978
vt 0.663232 0.415853
vt 0.663232 0.366032
vt 0.661873 0.367391
vt 0.661873 0.368750
vt 0.661873 0.372826
vt 0.661873 0.375543
vt 0.661873 0.379619
vt 0.663232 0.428081
vt 0.661873 0.380978
vt 0.661873 0.418570
vt 0.661873 0.419929
vt 0.661873 0.425364
vt 0.661873 0.428081
vt 0.660514 0.367391
vt 0.660514 0.368750
vt 0.660514 0.372826
vt 0.660514 0.375543
vt 0.660514 0.418570
vt 0.660514 0.419929
vt 0.660514 0.425364
vt 0.659156 0.366032
vt 0.660514 0.428081
vt 0.659156 0.428081
vt 0.653721 0.364673
vt 0.659156 0.432157
vt 0.659156 0.361956
vt 0.653721 0.366032
vt 0.653721 0.428081
vt 0.653721 0.429440
vt 0.652362 0.361956
vt 0.652362 0.364673
vt 0.652362 0.366032
vt 0.652362 0.428081
vt 0.652362 0.429440
vt 0.652362 0.432157
vt 0.651003 0.355162
vt 0.652362 0.440310
vt 0.652362 0.353803
vt 0.651003 0.356521
vt 0.651003 0.437592
vt 0.651003 0.438951
vt 0.649644 0.355162
vt 0.649644 0.356521
vt 0.649644 0.437592
vt 0.649644 0.438951
vt 0.643304 0.382337
vt 0.643304 0.411776
vt 0.637869 0.364673
vt 0.637869 0.382337
vt 0.637869 0.411776
vt 0.637869 0.429440
vt 0.633792 0.355162
vt 0.633792 0.356521
vt 0.633792 0.437592
vt 0.633792 0.438951
vt 0.632434 0.355162
vt 0.632434 0.356521
vt 0.632434 0.437592
vt 0.632434 0.438951
vt 0.617487 0.353803
vt 0.617487 0.360597
vt 0.617487 0.364673
vt 0.617487 0.429440
vt 0.617487 0.433516
vt 0.617487 0.440310
vt 0.610694 0.353803
vt 0.617487 0.349727
vt 0.610694 0.360597
vt 0.617487 0.444386
vt 0.610694 0.433516
vt 0.610694 0.440310
vt 0.583519 0.349727
vt 0.583519 0.353803
vt 0.583519 0.440310
vt 0.583519 0.444386
vt 0.911472 0.549959
vt 0.911472 0.539186
vt 0.912819 0.549959
vt 0.912819 0.539186
vt 0.911040 0.364098
vt 0.909693 0.364098
vt 0.911040 0.353326
vt 0.909693 0.353326
vt 0.131429 0.920500
vt 0.130083 0.920500
vt 0.131429 0.909727
vt 0.130083 0.909727
vt 0.914247 0.038990
vt 0.914247 0.028217
vt 0.915594 0.038990
vt 0.915594 0.028217
vt 0.544178 0.550449
vt 0.544178 0.549101
vt 0.599447 0.549101
vt 0.544178 0.449797
vt 0.544178 0.448449
vt 0.599447 0.449797
vt 0.600795 0.550449
vt 0.600795 0.448449
vt 0.110939 0.920500
vt 0.110939 0.909727
vt 0.112286 0.915114
vt 0.112286 0.913767
vt 0.113633 0.915114
vt 0.113633 0.913767
vt 0.113633 0.912420
vt 0.113633 0.911074
vt 0.114979 0.917807
vt 0.114979 0.913767
vt 0.114979 0.912420
vt 0.114979 0.911074
vt 0.119019 0.917807
vt 0.119019 0.913767
vt 0.121712 0.920500
vt 0.121712 0.909727
vt 0.448465 0.465728
vt 0.448465 0.500371
vt 0.445766 0.436033
vt 0.448465 0.530066
vt 0.448465 0.436033
vt 0.445766 0.438733
vt 0.445766 0.456279
vt 0.445766 0.530066
vt 0.445766 0.433334
vt 0.443066 0.433334
vt 0.443066 0.436033
vt 0.445766 0.532765
vt 0.443066 0.530066
vt 0.443066 0.532765
vt 0.440367 0.436033
vt 0.440367 0.530066
vt 0.440367 0.433334
vt 0.436317 0.433334
vt 0.436317 0.436033
vt 0.440367 0.532765
vt 0.436317 0.479225
vt 0.436317 0.487324
vt 0.436317 0.530066
vt 0.436317 0.532765
vt 0.433618 0.436033
vt 0.433618 0.530066
vt 0.433618 0.433334
vt 0.430918 0.433334
vt 0.430918 0.436033
vt 0.433618 0.532765
vt 0.430918 0.530066
vt 0.430918 0.532765
vt 0.428219 0.436033
vt 0.428219 0.468427
vt 0.428219 0.479225
vt 0.428219 0.487324
vt 0.428219 0.497672
vt 0.428219 0.530066
vt 0.428219 0.433334
vt 0.426869 0.438733
vt 0.426869 0.456279
vt 0.424170 0.433334
vt 0.424170 0.436033
vt 0.424170 0.437383
vt 0.424170 0.450880
vt 0.424170 0.452230
vt 0.424170 0.465728
vt 0.428219 0.532765
vt 0.424170 0.530066
vt 0.424170 0.532765
vt 0.421470 0.436033
vt 0.421470 0.530066
vt 0.421470 0.433334
vt 0.418771 0.433334
vt 0.418771 0.436033
vt 0.421470 0.532765
vt 0.418771 0.530066
vt 0.418771 0.532765
vt 0.416071 0.436033
vt 0.416071 0.468427
vt 0.416071 0.497672
vt 0.416071 0.530066
vt 0.416071 0.433334
vt 0.412022 0.433334
vt 0.412022 0.436033
vt 0.416071 0.532765
vt 0.412022 0.530066
vt 0.412022 0.532765
vt 0.409323 0.436033
vt 0.409323 0.530066
vt 0.409323 0.433334
vt 0.406623 0.433334
vt 0.406623 0.436033
vt 0.406623 0.437383
vt 0.406623 0.450880
vt 0.406623 0.452230
vt 0.409323 0.532765
vt 0.406623 0.465728
vt 0.406623 0.530066
vt 0.406623 0.532765
vt 0.403924 0.436033
vt 0.403924 0.530066
vt 0.403924 0.433334
vt 0.399874 0.433334
vt 0.403924 0.532765
vt 0.399874 0.532765
vt 0.899573 0.060663
vt 0.899573 0.071436
vt 0.898227 0.060663
vt 0.898227 0.071436
vt 0.898227 0.059316
vt 0.896880 0.059316
vt 0.898227 0.072782
vt 0.896880 0.060663
vt 0.896880 0.071436
vt 0.896880 0.072782
vt 0.896880 0.057970
vt 0.886108 0.057970
vt 0.886108 0.059316
vt 0.886108 0.060663
vt 0.896880 0.074129
vt 0.886108 0.071436
vt 0.886108 0.072782
vt 0.886108 0.074129
vt 0.884761 0.059316
vt 0.884761 0.060663
vt 0.884761 0.071436
vt 0.884761 0.072782
vt 0.883414 0.060663
vt 0.883414 0.071436
vt 0.996523 0.650628
vt 0.995177 0.650628
vt 0.996523 0.649282
vt 0.995177 0.649282
vt 0.423901 0.582892
vt 0.423901 0.620312
vt 0.421196 0.585597
vt 0.421196 0.618058
vt 0.418491 0.582892
vt 0.418491 0.620312
vt 0.418491 0.570719
vt 0.415786 0.573425
vt 0.415786 0.585597
vt 0.418491 0.633838
vt 0.415786 0.618058
vt 0.415786 0.631132
vt 0.414433 0.570719
vt 0.414433 0.572072
vt 0.414433 0.573425
vt 0.414433 0.633838
vt 0.414433 0.568014
vt 0.407671 0.568014
vt 0.414433 0.635190
vt 0.407671 0.635190
vt 0.407671 0.558547
vt 0.403613 0.562604
vt 0.403613 0.572072
vt 0.407671 0.644658
vt 0.403613 0.631132
vt 0.403613 0.640600
vt 0.372730 0.558547
vt 0.372730 0.562604
vt 0.372730 0.640600
vt 0.372730 0.644658
vt 0.413502 0.461802
vt 0.409462 0.461802
vt 0.413502 0.455069
vt 0.409462 0.455069
vt 0.850087 0.694093
vt 0.846047 0.694093
vt 0.850087 0.687360
vt 0.846047 0.687360
vt 0.345085 0.804001
vt 0.343739 0.804001
vt 0.345085 0.802654
vt 0.343739 0.802654
vt 0.697996 0.307319
vt 0.693956 0.307319
vt 0.696649 0.305973
vt 0.695303 0.305973
vt 0.696649 0.304626
vt 0.695303 0.304626
vt 0.697996 0.303280
vt 0.693956 0.303280
vt 0.820009 0.423954
vt 0.820009 0.413181
vt 0.832128 0.423954
vt 0.820009 0.405102
vt 0.820009 0.394329
vt 0.832128 0.394329
vt 0.717595 0.062695
vt 0.717595 0.000977
vt 0.718947 0.062695
vt 0.718947 0.000977
vt 0.173666 0.995649
vt 0.172319 0.995649
vt 0.173666 0.994302
vt 0.172319 0.994302
vt 0.699393 0.983946
vt 0.698047 0.983946
vt 0.699393 0.981252
vt 0.698047 0.981252
vt 0.986927 0.076640
vt 0.985580 0.076640
vt 0.986927 0.073947
vt 0.985580 0.073947
vt 0.819823 0.983818
vt 0.818476 0.983818
vt 0.819823 0.981125
vt 0.818476 0.981125
vt 0.763125 0.983818
vt 0.761778 0.983818
vt 0.763125 0.981125
vt 0.761778 0.981125
vt 0.982961 0.543884
vt 0.981615 0.543884
vt 0.982961 0.541191
vt 0.981615 0.541191
vt 0.986714 0.095713
vt 0.985368 0.095713
vt 0.986714 0.093020
vt 0.985368 0.093020
vt 0.253363 0.984254
vt 0.252016 0.984254
vt 0.253363 0.981560
vt 0.252016 0.981560
vt 0.982961 0.549416
vt 0.981615 0.549416
vt 0.982961 0.546723
vt 0.981615 0.546723
vt 0.988565 0.582608
vt 0.987218 0.582608
vt 0.988565 0.579914
vt 0.987218 0.579914
vt 0.982961 0.554948
vt 0.981615 0.554948
vt 0.982961 0.552255
vt 0.981615 0.552255
vt 0.987218 0.588139
vt 0.985872 0.588139
vt 0.987218 0.585446
vt 0.985872 0.585446
vt 0.935604 0.984255
vt 0.934257 0.984255
vt 0.935604 0.981561
vt 0.934257 0.981561
vt 0.988565 0.593671
vt 0.987218 0.593671
vt 0.988565 0.590978
vt 0.987218 0.590978
vt 0.939789 0.984255
vt 0.938443 0.984255
vt 0.939789 0.981561
vt 0.938443 0.981561
vt 0.981469 0.566012
vt 0.980122 0.566012
vt 0.981469 0.563319
vt 0.980122 0.563319
vt 0.988565 0.599203
vt 0.987218 0.599203
vt 0.988565 0.596510
vt 0.987218 0.596510
vt 0.712127 0.682659
vt 0.680442 0.694033
vt 0.708227 0.679767
vt 0.679077 0.690231
vt 0.714857 0.581945
vt 0.683172 0.570570
vt 0.716222 0.578142
vt 0.687072 0.567678
vt 0.691848 0.634140
vt 0.703450 0.522052
vt 0.680442 0.638235
vt 0.687591 0.634238
vt 0.679987 0.636968
vt 0.714857 0.526147
vt 0.715312 0.524879
vt 0.707707 0.522149
vt 0.687136 0.632971
vt 0.708162 0.520882
vt 0.679532 0.635700
vt 0.693018 0.629428
vt 0.679077 0.634433
vt 0.715767 0.523612
vt 0.716222 0.522344
vt 0.702280 0.517340
vt 0.879202 0.806293
vt 0.865736 0.806293
vt 0.877856 0.804947
vt 0.867083 0.804947
vt 0.546963 0.877850
vt 0.546963 0.864384
vt 0.553696 0.876504
vt 0.553696 0.871117
vt 0.559083 0.876504
vt 0.559083 0.871117
vt 0.560429 0.872464
vt 0.560429 0.868424
vt 0.877856 0.791481
vt 0.867083 0.791481
vt 0.879202 0.788787
vt 0.865736 0.788787
vt 0.564469 0.877850
vt 0.564469 0.872464
vt 0.564469 0.868424
vt 0.564469 0.864384
vt 0.237576 0.395939
vt 0.237576 0.390553
vt 0.238923 0.395939
vt 0.238923 0.390553
vt 0.266647 0.794433
vt 0.266647 0.789047
vt 0.267993 0.794433
vt 0.267993 0.789047
vt 0.270832 0.794433
vt 0.270832 0.789047
vt 0.272179 0.794433
vt 0.272179 0.789047
vt 0.055870 0.965982
vt 0.055870 0.960596
vt 0.057216 0.965982
vt 0.057216 0.960596
vt 0.370457 0.966136
vt 0.370457 0.960750
vt 0.371803 0.966136
vt 0.371803 0.960750
vt 0.856788 0.966185
vt 0.856788 0.960799
vt 0.858134 0.966185
vt 0.858134 0.960799
vt 0.636533 0.118546
vt 0.636533 0.110467
vt 0.637880 0.117200
vt 0.637880 0.111813
vt 0.643266 0.117200
vt 0.643266 0.111813
vt 0.644613 0.118546
vt 0.644613 0.114507
vt 0.644613 0.113160
vt 0.644613 0.110467
vt 0.885024 0.986669
vt 0.885024 0.983976
vt 0.886370 0.986669
vt 0.886370 0.983976
vt 0.980361 0.742552
vt 0.980361 0.739859
vt 0.981708 0.742552
vt 0.981708 0.739859
vt 0.341168 0.407922
vt 0.323662 0.407922
vt 0.335782 0.402536
vt 0.330395 0.402536
vt 0.335782 0.397149
vt 0.330395 0.397149
vt 0.331742 0.395803
vt 0.327702 0.395803
vt 0.331742 0.391763
vt 0.327702 0.391763
vt 0.341168 0.389070
vt 0.323662 0.389070
vt 0.400519 0.966267
vt 0.400519 0.960881
vt 0.401865 0.966267
vt 0.401865 0.960881
vt 0.404704 0.966267
vt 0.404704 0.960881
vt 0.406051 0.966267
vt 0.406051 0.960881
vt 0.692383 0.978414
vt 0.688343 0.978414
vt 0.691036 0.977067
vt 0.689690 0.977067
vt 0.691036 0.975721
vt 0.689690 0.975721
vt 0.692383 0.974374
vt 0.688343 0.974374
vt 0.412155 0.446955
vt 0.409462 0.446955
vt 0.410808 0.444261
vt 0.409462 0.444261
vt 0.401952 0.603335
vt 0.399259 0.603335
vt 0.401952 0.600641
vt 0.400605 0.600641
vt 0.410808 0.442915
vt 0.400605 0.599295
vt 0.409462 0.442915
vt 0.412155 0.440222
vt 0.409462 0.440222
vt 0.401952 0.599295
vt 0.401952 0.596602
vt 0.399259 0.596602
vt 0.774628 0.996086
vt 0.773281 0.996086
vt 0.774628 0.994739
vt 0.773281 0.994739
vt 0.707978 0.996484
vt 0.706631 0.996484
vt 0.707978 0.995137
vt 0.706631 0.995137
vt 0.193689 0.920143
vt 0.193689 0.909370
vt 0.196382 0.917449
vt 0.196382 0.912063
vt 0.201768 0.917449
vt 0.201768 0.912063
vt 0.204461 0.920143
vt 0.204461 0.909370
vt 0.251495 0.978722
vt 0.247455 0.978722
vt 0.250149 0.977375
vt 0.248802 0.977375
vt 0.250149 0.976028
vt 0.248802 0.976028
vt 0.251495 0.974682
vt 0.247455 0.974682
vt 0.308578 0.613749
vt 0.308578 0.608363
vt 0.309925 0.612402
vt 0.308578 0.604323
vt 0.308578 0.617789
vt 0.309925 0.609709
vt 0.311271 0.617789
vt 0.311271 0.612402
vt 0.311271 0.609709
vt 0.311271 0.604323
vt 0.962836 0.879361
vt 0.957449 0.879361
vt 0.961489 0.878014
vt 0.958796 0.878014
vt 0.961489 0.875321
vt 0.958796 0.875321
vt 0.962836 0.873974
vt 0.957449 0.873974
vt 0.146600 0.996546
vt 0.145254 0.996546
vt 0.146600 0.995199
vt 0.145254 0.995199
vt 0.019064 0.742971
vt 0.019064 0.737584
vt 0.020411 0.742971
vt 0.020411 0.737584
vt 0.022989 0.059401
vt 0.022989 0.054015
vt 0.024335 0.059401
vt 0.024335 0.054015
vt 0.586546 0.113573
vt 0.586546 0.105493
vt 0.589239 0.109533
vt 0.589239 0.108186
vt 0.621484 0.929068
vt 0.621484 0.920989
vt 0.624178 0.926375
vt 0.624178 0.925029
vt 0.590586 0.109533
vt 0.590586 0.108186
vt 0.625524 0.926375
vt 0.625524 0.925029
vt 0.593279 0.113573
vt 0.593279 0.105493
vt 0.628217 0.929068
vt 0.628217 0.920989
vt 0.170692 0.964661
vt 0.165305 0.964661
vt 0.169345 0.963314
vt 0.166652 0.963314
vt 0.169345 0.960621
vt 0.166652 0.960621
vt 0.170692 0.959274
vt 0.165305 0.959274
vt 0.577493 0.996649
vt 0.576146 0.996649
vt 0.577493 0.995302
vt 0.576146 0.995302
vt 0.512036 0.769313
vt 0.501263 0.769313
vt 0.507996 0.762580
vt 0.503956 0.762580
vt 0.507996 0.758540
vt 0.503956 0.758540
vt 0.512036 0.755847
vt 0.501263 0.755847
vt 0.215184 0.996849
vt 0.213837 0.996849
vt 0.215184 0.995503
vt 0.213837 0.995503
vt 0.219369 0.996849
vt 0.218022 0.996849
vt 0.219369 0.995503
vt 0.218022 0.995503
vt 0.702232 0.985165
vt 0.702232 0.982472
vt 0.704925 0.985165
vt 0.704925 0.982472
vt 0.514486 0.922694
vt 0.522566 0.922694
vt 0.518526 0.925387
vt 0.519872 0.925387
vt 0.393723 0.930714
vt 0.401803 0.930714
vt 0.396416 0.933407
vt 0.397763 0.933407
vt 0.518526 0.926734
vt 0.519872 0.926734
vt 0.396416 0.934754
vt 0.397763 0.934754
vt 0.514486 0.929427
vt 0.522566 0.929427
vt 0.393723 0.937447
vt 0.401803 0.937447
vt 0.231925 0.996849
vt 0.230578 0.996849
vt 0.231925 0.995503
vt 0.230578 0.995503
vt 0.773129 0.935816
vt 0.773129 0.927736
vt 0.775822 0.933122
vt 0.775822 0.930429
vt 0.839660 0.394329
vt 0.839660 0.386250
vt 0.842353 0.391636
vt 0.842353 0.388943
vt 0.993868 0.997111
vt 0.992521 0.997111
vt 0.993868 0.995764
vt 0.992521 0.995764
vt 0.777168 0.933122
vt 0.777168 0.930429
vt 0.843699 0.391636
vt 0.843699 0.388943
vt 0.955375 0.997236
vt 0.954028 0.997236
vt 0.955375 0.995889
vt 0.954028 0.995889
vt 0.779862 0.935816
vt 0.779862 0.927736
vt 0.846393 0.394329
vt 0.846393 0.386250
vt 0.327624 0.986993
vt 0.324931 0.986993
vt 0.327624 0.984300
vt 0.324931 0.984300
vt 0.697717 0.773158
vt 0.693678 0.773158
vt 0.696371 0.771811
vt 0.695024 0.771811
vt 0.696371 0.770465
vt 0.695024 0.770465
vt 0.697717 0.769118
vt 0.693678 0.769118
vt 0.568708 0.346557
vt 0.568708 0.327705
vt 0.570054 0.341171
vt 0.570054 0.333092
vt 0.571401 0.342518
vt 0.571401 0.341171
vt 0.571401 0.333092
vt 0.571401 0.331745
vt 0.982975 0.158917
vt 0.982975 0.156224
vt 0.984322 0.158917
vt 0.984322 0.156224
vt 0.572748 0.342518
vt 0.572748 0.331745
vt 0.986959 0.658645
vt 0.986959 0.655952
vt 0.988306 0.658645
vt 0.988306 0.655952
vt 0.572748 0.341171
vt 0.574094 0.341171
vt 0.572748 0.333092
vt 0.574094 0.333092
vt 0.575441 0.346557
vt 0.575441 0.327705
vt 0.982975 0.169981
vt 0.982975 0.167287
vt 0.984322 0.169981
vt 0.984322 0.167287
vt 0.961938 0.780666
vt 0.961938 0.775279
vt 0.963285 0.780666
vt 0.963285 0.775279
vt 0.987566 0.669709
vt 0.987566 0.667016
vt 0.988912 0.669709
vt 0.988912 0.667016
vt 0.962042 0.166573
vt 0.962042 0.161187
vt 0.963388 0.166573
vt 0.963388 0.161187
vt 0.960585 0.427166
vt 0.960585 0.421779
vt 0.961931 0.427166
vt 0.961931 0.421779
vt 0.311459 0.697483
vt 0.311459 0.692097
vt 0.312805 0.697483
vt 0.312805 0.692097
vt 0.987566 0.675241
vt 0.987566 0.672548
vt 0.988912 0.675241
vt 0.988912 0.672548
vt 0.929937 0.063647
vt 0.929937 0.055568
vt 0.931284 0.063647
vt 0.931284 0.055568
vt 0.996639 0.053602
vt 0.995292 0.053602
vt 0.996639 0.052256
vt 0.995292 0.052256
vt 0.996639 0.057788
vt 0.995292 0.057788
vt 0.996639 0.056441
vt 0.995292 0.056441
vt 0.929937 0.052729
vt 0.929937 0.044650
vt 0.931284 0.052729
vt 0.931284 0.044650
vt 0.267530 0.965003
vt 0.262144 0.965003
vt 0.267530 0.959617
vt 0.262144 0.959617
vt 0.995243 0.074383
vt 0.995243 0.073037
vt 0.996590 0.074383
vt 0.996590 0.073037
vt 0.982818 0.259912
vt 0.982818 0.257219
vt 0.984165 0.259912
vt 0.984165 0.257219
vt 0.983118 0.346311
vt 0.983118 0.343618
vt 0.984464 0.346311
vt 0.984464 0.343618
vt 0.981807 0.382813
vt 0.981807 0.380120
vt 0.983154 0.382813
vt 0.983154 0.380120
vt 0.932340 0.030893
vt 0.932340 0.022813
vt 0.933686 0.030893
vt 0.933686 0.024160
vt 0.809808 0.431428
vt 0.809808 0.430081
vt 0.811154 0.430081
vt 0.935033 0.024160
vt 0.935033 0.022813
vt 0.811154 0.423348
vt 0.812501 0.431428
vt 0.812501 0.423348
vt 0.000977 0.630017
vt 0.000977 0.616552
vt 0.002323 0.630017
vt 0.002323 0.616552
vt 0.509458 0.980280
vt 0.509458 0.976240
vt 0.510805 0.980280
vt 0.510805 0.976240
vt 0.514990 0.980280
vt 0.513644 0.980280
vt 0.514990 0.976240
vt 0.513644 0.976240
vt 0.519176 0.980280
vt 0.517829 0.980280
vt 0.519176 0.976240
vt 0.517829 0.976240
vt 0.973908 0.011909
vt 0.973908 0.007869
vt 0.975255 0.011909
vt 0.975255 0.007869
vt 0.740852 0.980283
vt 0.740852 0.976243
vt 0.742198 0.980283
vt 0.742198 0.976243
vt 0.960616 0.632521
vt 0.960616 0.627134
vt 0.961963 0.632521
vt 0.961963 0.627134
vt 0.749222 0.980283
vt 0.749222 0.976243
vt 0.750569 0.980283
vt 0.750569 0.976243
vt 0.935304 0.783726
vt 0.933957 0.783726
vt 0.933957 0.778339
vt 0.928571 0.785072
vt 0.927224 0.785072
vt 0.928571 0.778339
vt 0.935304 0.776993
vt 0.927224 0.776993
vt 0.996744 0.125226
vt 0.995398 0.125226
vt 0.996744 0.123879
vt 0.995398 0.123879
vt 0.996744 0.129411
vt 0.995398 0.129411
vt 0.996744 0.128065
vt 0.995398 0.128065
vt 0.995531 0.147138
vt 0.995531 0.145791
vt 0.996878 0.147138
vt 0.996878 0.145791
vt 0.951278 0.543810
vt 0.944545 0.543810
vt 0.948585 0.541117
vt 0.947239 0.541117
vt 0.948585 0.539771
vt 0.947239 0.539771
vt 0.951278 0.537077
vt 0.949932 0.537077
vt 0.944545 0.537077
vt 0.368637 0.815539
vt 0.367290 0.815539
vt 0.368637 0.814192
vt 0.367290 0.814192
vt 0.369983 0.814192
vt 0.369983 0.812846
vt 0.365944 0.814192
vt 0.368637 0.812846
vt 0.367290 0.812846
vt 0.365944 0.812846
vt 0.368637 0.810152
vt 0.367290 0.810152
vt 0.711421 0.044067
vt 0.711421 0.000977
vt 0.714114 0.044067
vt 0.714114 0.000977
vt 0.927284 0.686190
vt 0.927284 0.684843
vt 0.931324 0.684843
vt 0.927284 0.679457
vt 0.927284 0.678110
vt 0.931324 0.679457
vt 0.932670 0.686190
vt 0.932670 0.678110
vt 0.164772 0.738702
vt 0.164772 0.679453
vt 0.166119 0.711771
vt 0.166119 0.706384
vt 0.167465 0.738702
vt 0.167465 0.711771
vt 0.167465 0.706384
vt 0.167465 0.679453
vt 0.321795 0.488684
vt 0.321795 0.469831
vt 0.323141 0.487337
vt 0.323141 0.485990
vt 0.323141 0.481951
vt 0.323141 0.480604
vt 0.323141 0.477911
vt 0.323141 0.476564
vt 0.323141 0.472525
vt 0.323141 0.471178
vt 0.324488 0.487337
vt 0.324488 0.485990
vt 0.324488 0.481951
vt 0.324488 0.480604
vt 0.324488 0.477911
vt 0.324488 0.476564
vt 0.324488 0.472525
vt 0.324488 0.471178
vt 0.327181 0.487337
vt 0.327181 0.485990
vt 0.327181 0.472525
vt 0.327181 0.471178
vt 0.328528 0.487337
vt 0.328528 0.485990
vt 0.328528 0.472525
vt 0.328528 0.471178
vt 0.329874 0.480604
vt 0.329874 0.477911
vt 0.331221 0.480604
vt 0.331221 0.477911
vt 0.332568 0.487337
vt 0.332568 0.485990
vt 0.332568 0.480604
vt 0.332568 0.477911
vt 0.332568 0.472525
vt 0.332568 0.471178
vt 0.333914 0.487337
vt 0.333914 0.485990
vt 0.333914 0.472525
vt 0.333914 0.471178
vt 0.335261 0.480604
vt 0.335261 0.477911
vt 0.340647 0.488684
vt 0.340647 0.469831
vt 0.170217 0.985282
vt 0.170217 0.982589
vt 0.171564 0.985282
vt 0.171564 0.982589
vt 0.576360 0.084304
vt 0.576360 0.065452
vt 0.577707 0.084304
vt 0.577707 0.082958
vt 0.577707 0.081611
vt 0.577707 0.068145
vt 0.577707 0.066799
vt 0.577707 0.065452
vt 0.589826 0.082958
vt 0.589826 0.081611
vt 0.589826 0.068145
vt 0.589826 0.066799
vt 0.379301 0.985430
vt 0.379301 0.982737
vt 0.380647 0.985430
vt 0.380647 0.984084
vt 0.381994 0.984084
vt 0.381994 0.982737
vt 0.359364 0.530384
vt 0.359364 0.523651
vt 0.360710 0.530384
vt 0.360710 0.523651
vt 0.977429 0.554032
vt 0.977429 0.549992
vt 0.978776 0.554032
vt 0.978776 0.549992
vt 0.696221 0.878518
vt 0.696221 0.874478
vt 0.697568 0.878518
vt 0.697568 0.874478
vt 0.449936 0.635974
vt 0.449936 0.630588
vt 0.451282 0.635974
vt 0.451282 0.630588
vt 0.520905 0.632712
vt 0.520905 0.627325
vt 0.522252 0.632712
vt 0.522252 0.627325
s 0
usemtl M_Ship
f 2270/1/1 1918/2/1 982/3/1
f 1003/4/1 1918/2/1 2270/1/1
f 1935/5/1 2270/1/1 982/3/1
f 1004/6/1 1918/2/1 1003/4/1
f 983/7/1 1935/5/1 982/3/1
f 983/7/1 1004/6/1 1935/5/1
f 1410/8/1 1918/2/1 1004/6/1
f 1410/8/1 1004/6/1 983/7/1
f 2266/9/1 1903/10/1 1106/11/1
f 2/12/1 1903/10/1 2266/9/1
f 3/13/1 1805/14/1 1/15/1
f 1806/16/1 1805/14/1 3/13/1
f 1924/17/1 2266/9/1 1106/11/1
f 1926/18/1 1903/10/1 2/12/1
f 4/19/1 445/20/1 988/21/1
f 5/22/1 445/20/1 4/19/1
f 1107/23/1 1926/18/1 1924/17/1
f 1107/23/1 1924/17/1 1106/11/1
f 1551/24/1 1903/10/1 1926/18/1
f 1551/24/1 1926/18/1 1107/23/1
f 2324/25/1 1987/26/1 998/27/1
f 1395/28/1 1987/26/1 2324/25/1
f 7/29/1 6/30/1 1527/31/1
f 8/32/1 6/30/1 7/29/1
f 2315/33/1 1536/34/1 1124/35/1
f 10/36/1 1536/34/1 2315/33/1
f 991/37/1 1983/38/1 990/39/1
f 12/40/1 1983/38/1 991/37/1
f 1397/41/1 9/42/1 1396/43/1
f 1405/44/1 9/42/1 1397/41/1
f 2328/45/1 2012/46/1 11/47/1
f 2330/48/1 2012/46/1 2328/45/1
f 16/49/1 1608/50/1 13/51/1
f 17/52/1 1608/50/1 16/49/1
f 1226/53/1 14/54/1 1892/55/1
f 1666/56/1 14/54/1 1226/53/1
f 18/57/1 1894/58/1 15/59/1
f 1689/60/1 1894/58/1 18/57/1
f 2306/61/1 1915/62/1 1913/63/1
f 2308/64/1 1915/62/1 2306/61/1
f 2704/65/1 1537/66/1 2299/67/1
f 2716/68/1 1537/66/1 2704/65/1
f 23/69/1 1590/70/1 1139/71/1
f 1167/72/1 1609/73/1 19/74/1
f 1610/75/1 1609/73/1 1167/72/1
f 25/76/1 2278/77/1 20/78/1
f 1956/79/1 2278/77/1 25/76/1
f 1960/80/1 21/81/1 2279/82/1
f 1961/83/1 21/81/1 1960/80/1
f 26/84/1 1768/85/1 22/86/1
f 2313/87/1 2704/88/1 1117/89/1
f 27/90/1 2704/88/1 2313/87/1
f 2319/91/1 1544/92/1 2716/93/1
f 1545/94/1 1544/92/1 2319/91/1
f 28/95/1 24/96/1 23/69/1
f 28/95/1 23/69/1 1139/71/1
f 1595/97/1 24/96/1 28/95/1
f 29/98/1 1952/99/1 1610/75/1
f 29/98/1 1167/72/1 1947/100/1
f 29/98/1 1610/75/1 1167/72/1
f 1624/101/1 1952/99/1 29/98/1
f 1202/102/1 1958/103/1 1956/79/1
f 1202/102/1 25/76/1 1953/104/1
f 1202/102/1 1956/79/1 25/76/1
f 30/105/1 1958/103/1 1202/102/1
f 1248/106/1 1701/107/1 1961/83/1
f 1248/106/1 1961/83/1 1960/80/1
f 1248/106/1 1960/80/1 1247/108/1
f 31/109/1 1701/107/1 1248/106/1
f 32/110/1 26/84/1 1277/111/1
f 2007/112/1 1768/85/1 26/84/1
f 2007/112/1 26/84/1 32/110/1
f 34/113/1 2329/114/1 33/115/1
f 2441/116/1 2329/114/1 34/113/1
f 43/117/1 1591/118/1 35/119/1
f 1160/120/1 2109/121/1 2107/122/1
f 1600/123/1 2109/121/1 1160/120/1
f 1177/124/1 36/125/1 1176/126/1
f 1611/127/1 36/125/1 1177/124/1
f 2136/128/1 38/129/1 37/130/1
f 1632/131/1 38/129/1 2136/128/1
f 44/132/1 39/133/1 2113/134/1
f 1667/135/1 39/133/1 44/132/1
f 1244/136/1 41/137/1 40/138/1
f 1680/139/1 41/137/1 1244/136/1
f 45/140/1 1690/141/1 1267/142/1
f 2141/143/1 1690/141/1 45/140/1
f 1272/144/1 2121/145/1 2120/146/1
f 2143/147/1 2121/145/1 1272/144/1
f 2146/148/1 42/149/1 1299/150/1
f 2527/151/1 2143/147/1 1272/144/1
f 2527/151/1 2146/148/1 2143/147/1
f 2527/151/1 43/117/1 35/119/1
f 2527/151/1 1600/123/1 1160/120/1
f 2527/151/1 1272/144/1 2141/143/1
f 2527/151/1 1611/127/1 1177/124/1
f 2527/151/1 45/140/1 1680/139/1
f 2527/151/1 1632/131/1 2136/128/1
f 2527/151/1 1244/136/1 1667/135/1
f 2527/151/1 1667/135/1 44/132/1
f 2527/151/1 44/132/1 1632/131/1
f 2527/151/1 1680/139/1 1244/136/1
f 2527/151/1 2136/128/1 1611/127/1
f 2527/151/1 2141/143/1 45/140/1
f 2527/151/1 1177/124/1 1600/123/1
f 2527/151/1 1160/120/1 43/117/1
f 2534/152/1 42/149/1 2146/148/1
f 2534/152/1 2146/148/1 2527/151/1
f 1933/153/1 47/154/1 46/155/1
f 51/156/1 47/154/1 1933/153/1
f 2721/157/1 48/158/1 1005/159/1
f 1412/160/1 48/158/1 2721/157/1
f 52/161/1 49/162/1 1592/163/1
f 1596/164/1 49/162/1 52/161/1
f 53/165/1 49/162/1 1596/164/1
f 1949/166/1 49/162/1 53/165/1
f 1950/167/1 2276/168/1 2274/169/1
f 54/170/1 2276/168/1 1950/167/1
f 55/171/1 2276/168/1 54/170/1
f 1955/172/1 2276/168/1 55/171/1
f 1957/173/1 2280/174/1 50/175/1
f 1678/176/1 2280/174/1 1957/173/1
f 1249/177/1 2280/174/1 1678/176/1
f 1254/178/1 2280/174/1 1249/177/1
f 56/179/1 1280/180/1 2282/181/1
f 57/182/1 1280/180/1 56/179/1
f 58/183/1 1280/180/1 57/182/1
f 59/184/1 1280/180/1 58/183/1
f 1597/185/1 53/165/1 1596/164/1
f 60/186/1 53/165/1 1597/185/1
f 1993/187/1 55/171/1 54/170/1
f 61/188/1 55/171/1 1993/187/1
f 62/189/1 1249/177/1 1678/176/1
f 1996/190/1 1249/177/1 62/189/1
f 1702/191/1 58/183/1 57/182/1
f 1278/192/1 58/183/1 1702/191/1
f 63/193/1 2440/194/1 2439/195/1
f 1161/196/1 2440/194/1 63/193/1
f 1601/197/1 2440/194/1 1161/196/1
f 64/198/1 2440/194/1 1601/197/1
f 65/199/1 2440/194/1 64/198/1
f 1187/200/1 2440/194/1 65/199/1
f 66/201/1 2440/194/1 1187/200/1
f 67/202/1 2440/194/1 66/201/1
f 2462/203/1 2440/194/1 67/202/1
f 1245/204/1 2440/194/1 2462/203/1
f 2465/205/1 2440/194/1 1245/204/1
f 2468/206/1 2440/194/1 2465/205/1
f 1691/207/1 2440/194/1 2468/206/1
f 1273/208/1 2440/194/1 1691/207/1
f 68/209/1 2440/194/1 1273/208/1
f 69/210/1 2440/194/1 68/209/1
f 70/211/1 63/193/1 2439/195/1
f 71/212/1 63/193/1 70/211/1
f 72/213/1 1601/197/1 1161/196/1
f 1602/214/1 1601/197/1 72/213/1
f 73/215/1 65/199/1 64/198/1
f 1612/216/1 65/199/1 73/215/1
f 1188/217/1 66/201/1 1187/200/1
f 1633/218/1 66/201/1 1188/217/1
f 74/219/1 2462/203/1 67/202/1
f 75/220/1 2462/203/1 74/219/1
f 2116/221/1 2465/205/1 1245/204/1
f 1681/222/1 2465/205/1 2116/221/1
f 76/223/1 1691/207/1 2468/206/1
f 2119/224/1 1691/207/1 76/223/1
f 1274/225/1 68/209/1 1273/208/1
f 2122/226/1 68/209/1 1274/225/1
f 2124/227/1 2440/194/1 69/210/1
f 2126/228/1 2440/194/1 2124/227/1
f 81/229/1 1855/230/1 80/231/1
f 1613/232/1 1855/230/1 81/229/1
f 1227/233/1 78/234/1 77/235/1
f 82/236/1 78/234/1 1227/233/1
f 1255/237/1 79/238/1 1850/239/1
f 1692/240/1 79/238/1 1255/237/1
f 1923/241/1 2267/242/1 2265/243/1
f 1529/244/1 2267/242/1 1923/241/1
f 1548/245/1 1553/246/1 455/247/1
f 1931/248/1 1553/246/1 1548/245/1
f 1445/249/1 1444/250/1 1827/251/1
f 1446/252/1 1445/249/1 1827/251/1
f 1446/252/1 1511/253/1 1445/249/1
f 1512/254/1 1511/253/1 1446/252/1
f 83/255/1 1446/252/1 1827/251/1
f 1447/256/1 83/255/1 1827/251/1
f 1447/256/1 84/257/1 83/255/1
f 85/258/1 84/257/1 1447/256/1
f 86/259/1 1447/256/1 1827/251/1
f 2258/260/1 86/259/1 1827/251/1
f 2258/260/1 1897/261/1 86/259/1
f 2262/262/1 1897/261/1 2258/260/1
f 87/263/1 2258/260/1 1827/251/1
f 1448/264/1 87/263/1 1827/251/1
f 1448/264/1 1513/265/1 87/263/1
f 88/266/1 1513/265/1 1448/264/1
f 89/267/1 1448/264/1 1827/251/1
f 1984/268/1 89/267/1 1827/251/1
f 1984/268/1 1514/269/1 89/267/1
f 1400/270/1 1514/269/1 1984/268/1
f 90/271/1 1514/269/1 1400/270/1
f 91/272/1 1514/269/1 90/271/1
f 92/273/1 1984/268/1 1827/251/1
f 1401/274/1 90/271/1 1400/270/1
f 93/275/1 90/271/1 1401/274/1
f 93/275/1 1401/274/1 92/273/1
f 1449/276/1 93/275/1 92/273/1
f 1449/276/1 2014/277/1 93/275/1
f 94/278/1 2014/277/1 1449/276/1
f 95/279/1 92/273/1 1827/251/1
f 95/279/1 1449/276/1 92/273/1
f 96/280/1 1449/276/1 95/279/1
f 2037/281/1 95/279/1 1827/251/1
f 972/282/1 2037/281/1 1827/251/1
f 972/282/1 2047/283/1 2037/281/1
f 1450/284/1 2047/283/1 972/282/1
f 2496/285/1 1383/286/1 97/287/1
f 2498/288/1 1383/286/1 2496/285/1
f 1862/289/1 1832/290/1 98/291/1
f 1586/292/1 1585/293/1 1862/289/1
f 2235/294/1 1862/289/1 98/291/1
f 2235/294/1 1586/292/1 1862/289/1
f 2235/294/1 1866/295/1 1586/292/1
f 101/296/1 1866/295/1 2235/294/1
f 1883/297/1 1866/295/1 101/296/1
f 102/298/1 1866/295/1 1883/297/1
f 103/299/1 1866/295/1 102/298/1
f 1515/300/1 102/298/1 1883/297/1
f 2248/301/1 1866/295/1 103/299/1
f 1168/302/1 1866/295/1 2248/301/1
f 1614/303/1 1870/304/1 99/305/1
f 1228/306/1 1870/304/1 1614/303/1
f 104/307/1 1872/308/1 100/309/1
f 1256/310/1 1872/308/1 104/307/1
f 2253/311/1 1876/312/1 1874/313/1
f 2255/314/1 1876/312/1 2253/311/1
f 1887/315/1 102/298/1 1515/300/1
f 2256/316/1 102/298/1 1887/315/1
f 1898/317/1 102/298/1 2256/316/1
f 1516/318/1 102/298/1 1898/317/1
f 1905/319/1 102/298/1 1516/318/1
f 1576/320/1 102/298/1 1905/319/1
f 1517/321/1 1905/319/1 1516/318/1
f 1136/322/1 1905/319/1 1517/321/1
f 2294/323/1 1136/322/1 1517/321/1
f 2294/323/1 1140/324/1 1136/322/1
f 105/325/1 1140/324/1 2294/323/1
f 1127/326/1 1140/324/1 105/325/1
f 1540/327/1 1140/324/1 1127/326/1
f 106/328/1 1127/326/1 105/325/1
f 2316/329/1 1127/326/1 106/328/1
f 1541/330/1 1140/324/1 1540/327/1
f 1518/331/1 2316/329/1 106/328/1
f 1518/331/1 1541/330/1 2316/329/1
f 108/332/1 1541/330/1 1518/331/1
f 1451/333/1 2346/334/1 107/335/1
f 1474/336/1 2346/334/1 1451/333/1
f 2359/337/1 108/332/1 2347/338/1
f 109/339/1 1140/324/1 1541/330/1
f 109/339/1 108/332/1 2359/337/1
f 109/339/1 1541/330/1 108/332/1
f 981/340/1 1387/341/1 2369/342/1
f 2041/343/1 1387/341/1 981/340/1
f 1010/344/1 110/345/1 1009/346/1
f 2044/347/1 110/345/1 1010/344/1
f 1059/348/1 111/349/1 1058/350/1
f 1452/351/1 111/349/1 1059/348/1
f 2391/352/1 111/349/1 1452/351/1
f 1081/353/1 112/354/1 1080/355/1
f 1141/356/1 112/354/1 1081/353/1
f 2535/357/1 114/358/1 113/359/1
f 2543/360/1 114/358/1 2535/357/1
f 1587/361/1 115/362/1 1835/363/1
f 1229/364/1 116/365/1 1587/361/1
f 1849/366/1 116/365/1 1229/364/1
f 1851/367/1 116/365/1 1849/366/1
f 117/368/1 116/365/1 1851/367/1
f 1169/369/1 1229/364/1 1587/361/1
f 1856/370/1 1229/364/1 1169/369/1
f 118/371/1 1587/361/1 1835/363/1
f 118/371/1 1169/369/1 1587/361/1
f 119/372/1 1169/369/1 118/371/1
f 1864/373/1 1169/369/1 119/372/1
f 1867/374/1 1169/369/1 1864/373/1
f 1868/375/1 1229/364/1 1856/370/1
f 120/376/1 1229/364/1 1868/375/1
f 121/377/1 1851/367/1 1849/366/1
f 122/378/1 1851/367/1 121/377/1
f 123/379/1 116/365/1 117/368/1
f 1875/380/1 116/365/1 123/379/1
f 1453/381/1 2237/382/1 124/383/1
f 125/384/1 2237/382/1 1453/381/1
f 1153/385/1 127/386/1 126/387/1
f 1885/388/1 2246/389/1 2244/390/1
f 1086/391/1 2246/389/1 1885/388/1
f 132/392/1 131/393/1 1454/394/1
f 1087/395/1 131/393/1 132/392/1
f 133/396/1 1153/385/1 126/387/1
f 133/396/1 128/397/1 1153/385/1
f 134/398/1 128/397/1 133/396/1
f 1615/399/1 129/400/1 2249/401/1
f 135/402/1 129/400/1 1615/399/1
f 1670/403/1 1257/404/1 1669/405/1
f 1258/406/1 1257/404/1 1670/403/1
f 136/407/1 2254/408/1 130/409/1
f 1769/410/1 2254/408/1 136/407/1
f 137/411/1 2263/412/1 2259/413/1
f 1920/414/1 2263/412/1 137/411/1
f 1939/415/1 2295/416/1 1455/417/1
f 1088/418/1 2295/416/1 1939/415/1
f 2013/419/1 1089/420/1 138/421/1
f 2015/422/1 1089/420/1 2013/419/1
f 2031/423/1 2027/424/1 2025/425/1
f 1481/426/1 2027/424/1 2031/423/1
f 2557/427/1 139/428/1 2531/429/1
f 1715/430/1 139/428/1 2557/427/1
f 141/431/1 2458/432/1 1158/433/1
f 1645/434/1 2458/432/1 141/431/1
f 1242/435/1 140/436/1 2538/437/1
f 1693/438/1 140/436/1 1242/435/1
f 1771/439/1 1807/440/1 1770/441/1
f 143/442/1 1807/440/1 1771/439/1
f 2420/443/1 1840/444/1 142/445/1
f 2430/446/1 1840/444/1 2420/443/1
f 950/447/1 2724/448/1 949/449/1
f 144/450/1 2724/448/1 950/447/1
f 147/451/1 146/452/1 145/453/1
f 148/454/1 146/452/1 147/451/1
f 958/455/1 1363/456/1 2422/457/1
f 2062/458/1 1363/456/1 958/455/1
f 970/459/1 1375/460/1 2427/461/1
f 2067/462/1 1375/460/1 970/459/1
f 2566/463/1 1716/464/1 2558/465/1
f 149/466/1 1716/464/1 2566/463/1
f 1829/467/1 1577/468/1 1456/469/1
f 1833/470/1 1577/468/1 1829/467/1
f 151/471/1 150/472/1 2606/473/1
f 2631/474/1 150/472/1 151/471/1
f 152/475/1 1817/476/1 1578/477/1
f 153/478/1 1817/476/1 152/475/1
f 154/479/1 1821/480/1 1579/481/1
f 1837/482/1 1821/480/1 154/479/1
f 157/483/1 156/484/1 155/485/1
f 158/486/1 156/484/1 157/483/1
f 2600/487/1 159/488/1 1164/489/1
f 160/490/1 159/488/1 2600/487/1
f 1259/491/1 2180/492/1 503/493/1
f 1686/494/1 2180/492/1 1259/491/1
f 161/495/1 973/496/1 1818/497/1
f 1826/498/1 161/495/1 968/499/1
f 964/500/1 1826/498/1 1824/501/1
f 974/502/1 973/496/1 161/495/1
f 974/502/1 1826/498/1 964/500/1
f 974/502/1 161/495/1 1826/498/1
f 904/503/1 1881/504/1 1877/505/1
f 162/506/1 1881/504/1 904/503/1
f 1171/507/1 163/508/1 1170/509/1
f 2630/510/1 163/508/1 1171/507/1
f 504/511/1 2619/512/1 164/513/1
f 165/514/1 2619/512/1 504/511/1
f 2000/515/1 1775/516/1 1718/517/1
f 166/518/1 1775/516/1 2000/515/1
f 169/519/1 167/520/1 1719/521/1
f 170/522/1 167/520/1 169/519/1
f 1301/523/1 2125/524/1 168/525/1
f 171/526/1 167/520/1 170/522/1
f 2567/527/1 2532/528/1 1301/523/1
f 172/529/1 171/526/1 1720/530/1
f 2572/531/1 2567/527/1 1301/523/1
f 2572/531/1 172/529/1 2567/527/1
f 2572/531/1 1301/523/1 168/525/1
f 173/532/1 171/526/1 172/529/1
f 173/532/1 172/529/1 2572/531/1
f 173/532/1 167/520/1 171/526/1
f 1965/533/1 2291/534/1 174/535/1
f 1776/536/1 2291/534/1 1965/533/1
f 176/537/1 175/538/1 2352/539/1
f 951/540/1 175/538/1 176/537/1
f 177/541/1 1721/542/1 2574/543/1
f 178/544/1 1721/542/1 177/541/1
f 179/545/1 2564/546/1 2562/547/1
f 1627/548/1 2564/546/1 179/545/1
f 932/549/1 2058/550/1 931/551/1
f 2493/552/1 2058/550/1 932/549/1
f 1319/553/1 180/554/1 2573/555/1
f 1722/556/1 182/557/1 181/558/1
f 1282/559/1 1319/553/1 2573/555/1
f 1282/559/1 1722/556/1 1319/553/1
f 183/560/1 182/557/1 1722/556/1
f 183/560/1 1722/556/1 1282/559/1
f 184/561/1 2582/562/1 2580/563/1
f 1626/564/1 2582/562/1 184/561/1
f 942/565/1 1860/566/1 941/567/1
f 1882/568/1 1860/566/1 942/565/1
f 2017/569/1 975/570/1 185/571/1
f 2338/572/1 975/570/1 2017/569/1
f 2057/573/1 186/574/1 2419/575/1
f 187/576/1 186/574/1 2057/573/1
f 1723/577/1 188/578/1 2099/579/1
f 189/580/1 188/578/1 1723/577/1
f 2405/581/1 933/582/1 912/583/1
f 2417/584/1 933/582/1 2405/581/1
f 190/585/1 934/586/1 2102/587/1
f 2491/588/1 934/586/1 190/585/1
f 1239/589/1 2473/590/1 1238/591/1
f 2544/592/1 2473/590/1 1239/589/1
f 2093/593/1 2412/594/1 922/595/1
f 191/596/1 2093/593/1 922/595/1
f 191/596/1 2096/597/1 2093/593/1
f 2105/598/1 2096/597/1 191/596/1
f 2588/599/1 2540/600/1 192/601/1
f 1688/602/1 2540/600/1 2588/599/1
f 2607/603/1 2596/604/1 1320/605/1
f 193/606/1 2596/604/1 2607/603/1
f 194/607/1 2205/608/1 1032/609/1
f 195/610/1 2205/608/1 194/607/1
f 1250/611/1 1687/612/1 196/613/1
f 2611/614/1 1687/612/1 1250/611/1
f 197/615/1 965/616/1 962/617/1
f 966/618/1 965/616/1 197/615/1
f 198/619/1 2545/620/1 1270/621/1
f 1709/622/1 2545/620/1 198/619/1
f 199/623/1 2598/624/1 2592/625/1
f 1808/626/1 2598/624/1 199/623/1
f 1041/627/1 2199/628/1 200/629/1
f 1436/630/1 2199/628/1 1041/627/1
f 1859/631/1 201/632/1 905/633/1
f 952/634/1 201/632/1 1859/631/1
f 202/635/1 1859/631/1 905/633/1
f 1879/636/1 1859/631/1 202/635/1
f 1729/637/1 1973/638/1 1728/639/1
f 203/640/1 1973/638/1 1729/637/1
f 2090/641/1 204/642/1 2408/643/1
f 1353/644/1 204/642/1 2090/641/1
f 205/645/1 1703/646/1 2571/647/1
f 206/648/1 1703/646/1 205/645/1
f 208/649/1 1777/650/1 207/651/1
f 1778/652/1 1777/650/1 208/649/1
f 210/653/1 209/654/1 1321/655/1
f 2625/656/1 209/654/1 210/653/1
f 1042/657/1 1437/658/1 1029/659/1
f 2200/660/1 1437/658/1 1042/657/1
f 2678/661/1 1042/657/1 1029/659/1
f 2680/662/1 1042/657/1 2678/661/1
f 907/663/1 211/664/1 906/665/1
f 212/666/1 211/664/1 907/663/1
f 1846/667/1 211/664/1 212/666/1
f 1847/668/1 211/664/1 1846/667/1
f 214/669/1 213/670/1 1845/671/1
f 2705/672/1 213/670/1 214/669/1
f 908/673/1 215/674/1 2705/675/1
f 2053/676/1 215/674/1 908/673/1
f 936/677/1 215/674/1 2053/676/1
f 2395/678/1 908/673/1 216/679/1
f 2395/678/1 2053/676/1 908/673/1
f 2406/680/1 2053/676/1 2395/678/1
f 892/681/1 2103/682/1 217/683/1
f 913/684/1 2103/682/1 892/681/1
f 1714/685/1 2287/686/1 2285/687/1
f 2304/688/1 2287/686/1 1714/685/1
f 2363/689/1 218/690/1 2334/691/1
f 1135/692/1 218/690/1 2363/689/1
f 2383/693/1 218/690/1 1135/692/1
f 2384/694/1 218/690/1 2383/693/1
f 2088/695/1 2409/696/1 219/697/1
f 925/698/1 2409/696/1 2088/695/1
f 896/699/1 2088/695/1 895/700/1
f 896/699/1 925/698/1 2088/695/1
f 220/701/1 925/698/1 896/699/1
f 2165/702/1 221/703/1 1284/704/1
f 222/705/1 221/703/1 2165/702/1
f 2620/706/1 2616/707/1 223/708/1
f 224/709/1 2616/707/1 2620/706/1
f 225/710/1 1341/711/1 2303/712/1
f 2001/713/1 1341/711/1 225/710/1
f 2076/714/1 226/715/1 2397/716/1
f 227/717/1 226/715/1 2076/714/1
f 1374/718/1 2337/719/1 228/720/1
f 2368/721/1 2337/719/1 1374/718/1
f 229/722/1 1374/718/1 228/720/1
f 2388/723/1 1374/718/1 229/722/1
f 2503/724/1 230/725/1 1203/726/1
f 231/727/1 230/725/1 2503/724/1
f 2590/728/1 232/729/1 2154/730/1
f 1635/731/1 232/729/1 2590/728/1
f 1322/732/1 2626/733/1 233/734/1
f 1731/735/1 2626/733/1 1322/732/1
f 1193/736/1 2178/737/1 234/738/1
f 1636/739/1 2178/737/1 1193/736/1
f 236/740/1 235/741/1 1194/742/1
f 2648/743/1 235/741/1 236/740/1
f 899/744/1 2403/745/1 2398/746/1
f 2085/747/1 2403/745/1 899/744/1
f 2168/748/1 1303/749/1 2546/750/1
f 1304/751/1 1303/749/1 2168/748/1
f 2177/752/1 237/753/1 2591/754/1
f 239/755/1 237/753/1 2177/752/1
f 1287/756/1 1809/757/1 238/758/1
f 240/759/1 1809/757/1 1287/756/1
f 2181/760/1 241/761/1 1195/762/1
f 1637/763/1 241/761/1 2181/760/1
f 243/764/1 242/765/1 2209/766/1
f 2697/767/1 242/765/1 243/764/1
f 1016/768/1 1419/769/1 244/770/1
f 1420/771/1 1419/769/1 1016/768/1
f 1737/772/1 247/773/1 246/774/1
f 2009/775/1 247/773/1 1737/772/1
f 248/776/1 1900/777/1 245/778/1
f 249/779/1 1900/777/1 248/776/1
f 1017/780/1 2342/781/1 250/782/1
f 1017/780/1 251/783/1 2342/781/1
f 1509/784/1 251/783/1 1017/780/1
f 2649/785/1 252/786/1 2156/787/1
f 1646/788/1 252/786/1 2649/785/1
f 253/789/1 2686/790/1 2683/791/1
f 2214/792/1 2686/790/1 253/789/1
f 254/793/1 1433/794/1 2689/795/1
f 1434/796/1 1433/794/1 254/793/1
f 255/797/1 1483/798/1 1066/799/1
f 2220/800/1 1483/798/1 255/797/1
f 1421/801/1 1434/796/1 254/793/1
f 1421/801/1 256/802/1 2220/800/1
f 1421/801/1 2220/800/1 255/797/1
f 1421/801/1 255/797/1 1434/796/1
f 1421/801/1 254/793/1 2214/803/1
f 257/804/1 256/802/1 1421/801/1
f 1738/805/1 259/806/1 258/807/1
f 260/808/1 259/806/1 1738/805/1
f 2152/809/1 1647/810/1 1204/811/1
f 2155/812/1 2152/809/1 261/813/1
f 2158/814/1 1647/810/1 2152/809/1
f 2158/814/1 2152/809/1 2155/812/1
f 1196/815/1 263/816/1 262/817/1
f 264/818/1 263/816/1 1196/815/1
f 265/819/1 263/816/1 264/818/1
f 1650/820/1 263/816/1 265/819/1
f 266/821/1 1910/822/1 887/823/1
f 267/824/1 1910/822/1 266/821/1
f 2576/825/1 2381/826/1 1030/827/1
f 1507/828/1 2381/826/1 2576/825/1
f 1324/829/1 1739/830/1 1323/831/1
f 268/832/1 1739/830/1 1324/829/1
f 269/833/1 2456/834/1 1179/835/1
f 1180/836/1 269/833/1 1179/835/1
f 2554/837/1 269/833/1 1180/836/1
f 272/838/1 2632/839/1 270/840/1
f 2706/841/1 2632/839/1 272/838/1
f 2640/842/1 1780/843/1 271/844/1
f 273/845/1 1780/843/1 2640/842/1
f 2644/846/1 2640/847/1 2706/848/1
f 274/849/1 2640/847/1 2644/846/1
f 2653/850/1 2186/851/1 275/852/1
f 2656/853/1 2186/851/1 2653/850/1
f 276/854/1 2186/851/1 2656/853/1
f 1435/855/1 276/854/1 2656/853/1
f 1435/855/1 277/856/1 276/854/1
f 1494/857/1 277/856/1 1435/855/1
f 2191/858/1 2653/850/1 275/852/1
f 278/859/1 1435/855/1 2656/853/1
f 1013/860/1 2191/858/1 275/852/1
f 1013/860/1 278/859/1 2191/858/1
f 2672/861/1 1435/855/1 278/859/1
f 2672/861/1 278/859/1 1013/860/1
f 1438/862/1 280/863/1 279/864/1
f 1495/865/1 280/863/1 1438/862/1
f 2210/866/1 1496/867/1 1033/868/1
f 281/869/1 1496/867/1 2210/866/1
f 283/870/1 282/871/1 885/872/1
f 2312/873/1 282/871/1 283/870/1
f 2078/874/1 284/875/1 2399/876/1
f 2086/877/1 284/875/1 2078/874/1
f 1197/878/1 2553/879/1 1185/880/1
f 286/881/1 1197/878/1 1185/880/1
f 2641/882/1 286/881/1 1185/880/1
f 287/883/1 286/881/1 2641/882/1
f 288/884/1 285/885/1 1043/886/1
f 573/887/1 285/885/1 288/884/1
f 2190/888/1 285/885/1 573/887/1
f 291/889/1 289/890/1 2732/891/1
f 2192/892/1 289/890/1 291/889/1
f 2673/893/1 290/894/1 2664/895/1
f 2675/896/1 292/897/1 1025/898/1
f 293/899/1 292/897/1 2675/896/1
f 2196/900/1 290/894/1 2673/893/1
f 294/901/1 290/894/1 2196/900/1
f 1439/902/1 290/894/1 294/901/1
f 2202/903/1 290/894/1 1439/902/1
f 297/904/1 296/905/1 295/906/1
f 2206/907/1 297/904/1 1045/908/1
f 1485/909/1 296/905/1 297/904/1
f 1485/909/1 297/904/1 2206/907/1
f 299/910/1 2687/911/1 298/912/1
f 2215/913/1 2687/911/1 299/910/1
f 1210/914/1 301/915/1 1209/916/1
f 2718/917/1 301/915/1 1210/914/1
f 2175/918/1 1305/919/1 300/920/1
f 1306/921/1 1305/919/1 2175/918/1
f 302/922/1 1186/923/1 1181/924/1
f 2635/925/1 1186/923/1 302/922/1
f 1629/926/1 1210/927/1 2172/928/1
f 2707/929/1 1210/927/1 1629/926/1
f 2638/930/1 1665/931/1 2718/932/1
f 2639/933/1 1665/931/1 2638/930/1
f 1325/934/1 2645/935/1 303/936/1
f 1742/937/1 2645/935/1 1325/934/1
f 304/938/1 2638/939/1 2707/940/1
f 1652/941/1 2638/939/1 304/938/1
f 2665/942/1 2658/943/1 305/944/1
f 306/945/1 2658/943/1 2665/942/1
f 2674/946/1 1026/947/1 1019/948/1
f 1027/949/1 1026/947/1 2674/946/1
f 1429/950/1 1046/951/1 2194/952/1
f 1047/953/1 1046/951/1 1429/950/1
f 1057/954/1 1458/955/1 1056/956/1
f 307/957/1 1458/955/1 1057/954/1
f 308/958/1 1497/959/1 1067/960/1
f 2701/961/1 1497/959/1 308/958/1
f 309/962/1 1497/959/1 2701/961/1
f 2703/963/1 1497/959/1 309/962/1
f 1638/964/1 1653/965/1 2147/966/1
f 310/967/1 1653/965/1 1638/964/1
f 2151/968/1 1653/965/1 310/967/1
f 2670/969/1 312/970/1 311/971/1
f 1031/972/1 312/970/1 2670/969/1
f 1432/973/1 1049/974/1 2733/975/1
f 2189/976/1 1049/974/1 1432/973/1
f 314/977/1 2654/978/1 313/979/1
f 315/980/1 2654/978/1 314/977/1
f 1034/981/1 1050/982/1 2661/983/1
f 316/984/1 1050/982/1 1034/981/1
f 1021/985/1 317/986/1 2685/987/1
f 2216/988/1 317/986/1 1021/985/1
f 1743/989/1 1976/990/1 318/991/1
f 1782/992/1 1976/990/1 1743/989/1
f 319/993/1 2404/994/1 2401/995/1
f 1345/996/1 2404/994/1 319/993/1
f 320/997/1 1077/998/1 1069/999/1
f 2702/1000/1 1077/998/1 320/997/1
f 1745/1001/1 1783/1002/1 1744/1003/1
f 1977/1004/1 1783/1002/1 1745/1001/1
f 1216/1005/1 2150/1006/1 1215/1007/1
f 321/1008/1 2150/1006/1 1216/1005/1
f 322/1009/1 2660/1010/1 1217/1011/1
f 323/1012/1 2660/1010/1 322/1009/1
f 325/1013/1 2587/1014/1 2585/1015/1
f 1659/1016/1 2587/1014/1 325/1013/1
f 1290/1017/1 1310/1018/1 324/1019/1
f 1311/1020/1 1310/1018/1 1290/1017/1
f 326/1021/1 325/1013/1 2585/1015/1
f 2712/1022/1 326/1021/1 2585/1015/1
f 2712/1022/1 1660/1023/1 326/1021/1
f 2184/1024/1 1660/1023/1 2712/1022/1
f 2212/1025/1 327/1026/1 1023/1027/1
f 2715/1028/1 327/1026/1 2212/1025/1
f 1039/1029/1 328/1030/1 2690/1031/1
f 331/1032/1 328/1030/1 1039/1029/1
f 332/1033/1 330/1034/1 329/1035/1
f 333/1036/1 330/1034/1 332/1033/1
f 1425/1037/1 331/1032/1 1039/1029/1
f 1425/1037/1 334/1038/1 333/1036/1
f 1425/1037/1 333/1036/1 332/1033/1
f 1425/1037/1 332/1033/1 331/1032/1
f 1425/1037/1 1039/1029/1 2715/1039/1
f 1508/1040/1 334/1038/1 1425/1037/1
f 2080/1041/1 336/1042/1 335/1043/1
f 1347/1044/1 336/1042/1 2080/1041/1
f 338/1045/1 337/1046/1 2227/1047/1
f 339/1048/1 337/1046/1 338/1045/1
f 1329/1049/1 2627/1050/1 340/1051/1
f 1750/1052/1 2627/1050/1 1329/1049/1
f 1751/1053/1 1787/1054/1 341/1055/1
f 1788/1056/1 1787/1054/1 1751/1053/1
f 1752/1057/1 342/1058/1 2288/1059/1
f 1789/1060/1 342/1058/1 1752/1057/1
f 2024/1061/1 2241/1062/1 1351/1063/1
f 917/1064/1 2241/1062/1 2024/1061/1
f 1369/1065/1 1372/1066/1 2387/1067/1
f 1373/1068/1 1372/1066/1 1369/1065/1
f 343/1069/1 1312/1070/1 1293/1071/1
f 2171/1072/1 1312/1070/1 343/1069/1
f 1072/1073/1 644/1074/1 2226/1075/1
f 1078/1076/1 644/1074/1 1072/1073/1
f 2082/1077/1 1348/1078/1 902/1079/1
f 1349/1080/1 1348/1078/1 2082/1077/1
f 2490/1081/1 344/1082/1 1349/1083/1
f 345/1084/1 344/1082/1 2490/1081/1
f 1157/1085/1 1156/1086/1 346/1087/1
f 1146/1088/1 1157/1085/1 346/1087/1
f 347/1089/1 1157/1085/1 1146/1088/1
f 349/1090/1 2164/1091/1 348/1092/1
f 2167/1093/1 2164/1091/1 349/1090/1
f 351/1094/1 350/1095/1 1492/1096/1
f 352/1097/1 350/1095/1 351/1094/1
f 1110/1098/1 353/1099/1 1109/1100/1
f 354/1101/1 353/1099/1 1110/1098/1
f 1111/1102/1 2050/1103/1 355/1104/1
f 1557/1105/1 2050/1103/1 1111/1102/1
f 1112/1106/1 1558/1107/1 2071/1108/1
f 1559/1109/1 1558/1107/1 1112/1106/1
f 2624/1110/1 1753/1111/1 2614/1112/1
f 2629/1113/1 1753/1111/1 2624/1110/1
f 2362/1114/1 2022/1115/1 2019/1116/1
f 358/1117/1 357/1118/1 356/1119/1
f 359/1120/1 2362/1114/1 2019/1116/1
f 359/1120/1 358/1117/1 2362/1114/1
f 1560/1121/1 357/1118/1 358/1117/1
f 1560/1121/1 358/1117/1 359/1120/1
f 2435/1122/1 359/1120/1 2019/1116/1
f 360/1123/1 357/1118/1 1560/1121/1
f 2072/1124/1 2435/1122/1 2019/1116/1
f 2072/1124/1 360/1123/1 2435/1122/1
f 361/1125/1 357/1118/1 360/1123/1
f 361/1125/1 360/1123/1 2072/1124/1
f 2091/1126/1 2414/1127/1 928/1128/1
f 1356/1129/1 2414/1127/1 2091/1126/1
f 2480/1130/1 2072/1124/1 2019/1116/1
f 2482/1131/1 2072/1124/1 2480/1130/1
f 362/1132/1 357/1118/1 361/1125/1
f 1564/1133/1 357/1118/1 362/1132/1
f 1098/1134/1 2020/1135/1 1097/1136/1
f 2361/1137/1 2020/1135/1 1098/1134/1
f 2364/1138/1 1571/1139/1 363/1140/1
f 1572/1141/1 1571/1139/1 2364/1138/1
f 1099/1142/1 365/1143/1 364/1144/1
f 1103/1145/1 365/1143/1 1099/1142/1
f 367/1146/1 366/1147/1 2051/1148/1
f 1573/1149/1 366/1147/1 367/1146/1
f 2478/1150/1 368/1151/1 1100/1152/1
f 371/1153/1 368/1151/1 2478/1150/1
f 2486/1154/1 370/1155/1 369/1156/1
f 1574/1157/1 370/1155/1 2486/1154/1
f 2162/1158/1 2551/1159/1 2548/1160/1
f 372/1161/1 2551/1159/1 2162/1158/1
f 375/1162/1 374/1163/1 373/1164/1
f 376/1165/1 374/1163/1 375/1162/1
f 378/1166/1 377/1167/1 2501/1168/1
f 379/1169/1 377/1167/1 378/1166/1
f 2092/1170/1 2415/1171/1 2411/1172/1
f 1358/1173/1 2415/1171/1 2092/1170/1
f 1120/1174/1 380/1175/1 1119/1176/1
f 1535/1177/1 380/1175/1 1120/1174/1
f 1333/1178/1 2597/1179/1 2595/1180/1
f 1756/1181/1 2597/1179/1 1333/1178/1
f 1757/1182/1 1979/1183/1 381/1184/1
f 1792/1185/1 1979/1183/1 1757/1182/1
f 382/1186/1 2065/1187/1 937/1188/1
f 1360/1189/1 382/1186/1 1359/1190/1
f 1368/1191/1 2065/1187/1 382/1186/1
f 1368/1191/1 382/1186/1 1360/1189/1
f 1759/1192/1 1793/1193/1 2289/1194/1
f 1794/1195/1 1793/1193/1 1759/1192/1
f 384/1196/1 383/1197/1 948/1198/1
f 2059/1199/1 383/1197/1 384/1196/1
f 386/1200/1 2446/1201/1 385/1202/1
f 1542/1203/1 2446/1201/1 386/1200/1
f 2127/1204/1 2506/1205/1 1760/1206/1
f 2130/1207/1 2506/1205/1 2127/1204/1
f 387/1208/1 2339/1209/1 2336/1210/1
f 388/1211/1 2339/1209/1 387/1208/1
f 2483/1212/1 390/1213/1 389/1214/1
f 1134/1215/1 390/1213/1 2483/1212/1
f 2344/1216/1 1147/1217/1 2333/1218/1
f 1478/1219/1 1147/1217/1 2344/1216/1
f 1083/1220/1 1147/1217/1 1478/1219/1
f 1105/1221/1 1147/1217/1 1083/1220/1
f 1570/1222/1 1147/1217/1 1105/1221/1
f 1062/1223/1 1478/1219/1 2344/1216/1
f 391/1224/1 1478/1219/1 1062/1223/1
f 392/1225/1 1105/1221/1 1083/1220/1
f 704/1226/1 1105/1221/1 392/1225/1
f 2365/1227/1 1147/1217/1 1570/1222/1
f 2367/1228/1 1147/1217/1 2365/1227/1
f 2355/1229/1 393/1230/1 2340/1231/1
f 1385/1232/1 2355/1229/1 2340/1231/1
f 2375/1233/1 2355/1229/1 1385/1232/1
f 1380/1234/1 1385/1232/1 2340/1231/1
f 394/1235/1 1385/1232/1 1380/1234/1
f 2495/1236/1 1381/1237/1 395/1238/1
f 396/1239/1 1381/1237/1 2495/1236/1
f 960/1240/1 1365/1241/1 959/1242/1
f 2063/1243/1 1365/1241/1 960/1240/1
f 2066/1244/1 398/1245/1 397/1246/1
f 399/1247/1 398/1245/1 2066/1244/1
f 2006/1248/1 1799/1249/1 1766/1250/1
f 1800/1251/1 1799/1249/1 2006/1248/1
f 402/1252/1 2033/1253/1 2376/1254/1
f 1479/1255/1 2033/1253/1 402/1252/1
f 403/1256/1 401/1257/1 400/1258/1
f 404/1259/1 401/1257/1 403/1256/1
f 1969/1260/1 1801/1261/1 405/1262/1
f 1981/1263/1 1801/1261/1 1969/1260/1
f 1074/1264/1 2028/1265/1 406/1266/1
f 2380/1267/1 2028/1265/1 1074/1264/1
f 1064/1268/1 1063/1269/1 407/1270/1
f 408/1271/1 1064/1268/1 407/1270/1
f 409/1272/1 1064/1268/1 408/1271/1
f 977/1273/1 1386/1274/1 1382/1275/1
f 2499/1276/1 1386/1274/1 977/1273/1
f 412/1277/1 410/1278/1 2371/1279/1
f 2042/1280/1 410/1278/1 412/1277/1
f 413/1281/1 411/1282/1 1011/1283/1
f 2046/1284/1 411/1282/1 413/1281/1
f 2268/1285/1 415/1286/1 414/1287/1
f 416/1288/1 415/1286/1 2268/1285/1
f 1925/1289/1 2268/1285/1 414/1287/1
f 417/1290/1 415/1286/1 416/1288/1
f 2298/1291/1 1925/1289/1 414/1287/1
f 2298/1291/1 417/1290/1 1925/1289/1
f 1554/1292/1 415/1286/1 417/1290/1
f 1554/1292/1 417/1290/1 2298/1291/1
f 1588/1293/1 2450/1294/1 418/1295/1
f 2509/1296/1 2450/1294/1 1588/1293/1
f 2511/1297/1 419/1298/1 2452/1299/1
f 2513/1300/1 419/1298/1 2511/1297/1
f 1184/1301/1 1619/1302/1 2455/1303/1
f 1620/1304/1 1619/1302/1 1184/1301/1
f 1190/1305/1 1640/1306/1 1189/1307/1
f 424/1308/1 1640/1306/1 1190/1305/1
f 2518/1309/1 420/1310/1 1240/1311/1
f 425/1312/1 420/1310/1 2518/1309/1
f 426/1313/1 422/1314/1 421/1315/1
f 2521/1316/1 422/1314/1 426/1313/1
f 427/1317/1 2471/1318/1 2469/1319/1
f 2523/1320/1 2471/1318/1 427/1317/1
f 428/1321/1 423/1322/1 1275/1323/1
f 2526/1324/1 423/1322/1 428/1321/1
f 1390/1325/1 1919/1326/1 984/1327/1
f 1006/1328/1 1919/1326/1 1390/1325/1
f 1121/1329/1 1549/1330/1 2727/1331/1
f 429/1332/1 1549/1330/1 1121/1329/1
f 1391/1333/1 1390/1325/1 984/1327/1
f 1007/1334/1 1919/1326/1 1006/1328/1
f 2305/1335/1 1391/1333/1 984/1327/1
f 2305/1335/1 1007/1334/1 1391/1333/1
f 1413/1336/1 1919/1326/1 1007/1334/1
f 1413/1336/1 1007/1334/1 2305/1335/1
f 1589/1337/1 2132/1338/1 2508/1339/1
f 1589/1337/1 1315/1340/1 2144/1341/1
f 1589/1337/1 2144/1341/1 1276/1342/1
f 1589/1337/1 1276/1342/1 2524/1343/1
f 1589/1337/1 2524/1343/1 430/1344/1
f 1589/1337/1 430/1344/1 2140/1345/1
f 1589/1337/1 2140/1345/1 2520/1346/1
f 1589/1337/1 2520/1346/1 2138/1347/1
f 1589/1337/1 2138/1347/1 2137/1348/1
f 1589/1337/1 2137/1348/1 1641/1349/1
f 1589/1337/1 1641/1349/1 1191/1350/1
f 1589/1337/1 1191/1350/1 2516/1351/1
f 1589/1337/1 2516/1351/1 2515/1352/1
f 1589/1337/1 2515/1352/1 1603/1353/1
f 1589/1337/1 1603/1353/1 1162/1354/1
f 1589/1337/1 1162/1354/1 2132/1338/1
f 2530/1355/1 1315/1340/1 1589/1337/1
f 432/1356/1 2728/1357/1 431/1358/1
f 433/1359/1 2728/1357/1 432/1356/1
f 1129/1360/1 2302/1361/1 2300/1362/1
f 2723/1363/1 2302/1361/1 1129/1360/1
f 1122/1364/1 1129/1365/1 1943/1366/1
f 2317/1367/1 1129/1365/1 1122/1364/1
f 435/1368/1 434/1369/1 2723/1370/1
f 1550/1371/1 434/1369/1 435/1368/1
f 437/1372/1 436/1373/1 1982/1374/1
f 1000/1375/1 436/1373/1 437/1372/1
f 438/1376/1 1407/1377/1 1988/1378/1
f 439/1379/1 1407/1377/1 438/1376/1
f 1115/1380/1 866/1381/1 440/1382/1
f 442/1383/1 866/1381/1 1115/1380/1
f 443/1384/1 441/1385/1 867/1386/1
f 1932/1387/1 441/1385/1 443/1384/1
f 2307/1388/1 1917/1389/1 1914/1390/1
f 2309/1391/1 1917/1389/1 2307/1388/1
f 1934/1392/1 996/1393/1 986/1394/1
f 997/1395/1 996/1393/1 1934/1392/1
f 1008/1396/1 2272/1397/1 2729/1398/1
f 1415/1399/1 2272/1397/1 1008/1396/1
f 444/1400/2 988/1401/2 446/1402/2
f 446/1402/2 988/1401/2 989/1403/2
f 445/1404/2 1411/1405/2 447/1406/2
f 447/1406/2 1411/1405/2 448/1407/2
f 450/1408/2 1527/1409/2 1922/1410/2
f 1922/1410/2 1527/1409/2 1528/1411/2
f 6/1412/2 1552/1413/2 1132/1414/2
f 1132/1414/2 1552/1413/2 1930/1415/2
f 1912/1416/2 449/1417/2 451/1418/2
f 451/1418/2 449/1417/2 452/1419/2
f 992/1420/2 999/1421/2 993/1422/2
f 993/1422/2 999/1421/2 2325/1423/2
f 1398/1424/2 1989/1425/2 1399/1426/2
f 1399/1426/2 1989/1425/2 2327/1427/2
f 47/1428/2 1005/1429/2 994/1430/2
f 994/1430/2 1005/1429/2 1406/1431/2
f 1125/1432/2 2301/1433/2 2711/1434/2
f 2711/1434/2 2301/1433/2 1538/1435/2
f 1942/1436/2 2711/1437/2 1118/1438/2
f 1118/1438/2 2711/1437/2 1126/1439/2
f 1538/1440/2 1546/1441/2 1539/1442/2
f 1539/1442/2 1546/1441/2 1547/1443/2
f 453/1444/2 454/1445/2 1389/1446/2
f 1389/1446/2 454/1445/2 456/1447/2
f 2267/1448/2 455/1449/2 2719/1450/2
f 2719/1450/2 455/1449/2 1927/1451/2
f 453/1444/2 1389/1446/2 457/1452/2
f 456/1447/2 454/1445/2 1937/1453/2
f 453/1444/2 457/1452/2 458/1454/2
f 457/1452/2 1937/1453/2 458/1454/2
f 1937/1453/2 454/1445/2 2310/1455/2
f 458/1454/2 1937/1453/2 2310/1455/2
f 459/1456/2 2131/1457/2 466/1458/2
f 2525/1459/2 1300/1460/2 466/1458/2
f 2142/1461/2 2525/1459/2 466/1458/2
f 2522/1462/2 2142/1461/2 466/1458/2
f 465/1463/2 2522/1462/2 466/1458/2
f 464/1464/2 465/1463/2 466/1458/2
f 463/1465/2 464/1464/2 466/1458/2
f 462/1466/2 463/1465/2 466/1458/2
f 2517/1467/2 462/1466/2 466/1458/2
f 461/1468/2 2517/1467/2 466/1458/2
f 460/1469/2 461/1468/2 466/1458/2
f 2135/1470/2 460/1469/2 466/1458/2
f 2514/1471/2 2135/1470/2 466/1458/2
f 2133/1472/2 2514/1471/2 466/1458/2
f 2510/1473/2 2133/1472/2 466/1458/2
f 2131/1457/2 2510/1473/2 466/1458/2
f 466/1458/2 1300/1460/2 467/1474/2
f 1901/1475/2 1904/1476/2 1530/1477/2
f 1530/1477/2 1904/1476/2 2269/1478/2
f 1901/1475/2 1530/1477/2 1531/1479/2
f 2269/1478/2 1904/1476/2 1928/1480/2
f 1901/1475/2 1531/1479/2 1108/1481/2
f 1531/1479/2 1928/1480/2 1108/1481/2
f 1928/1480/2 1904/1476/2 468/1482/2
f 1108/1481/2 1928/1480/2 468/1482/2
f 2448/1483/2 469/1484/2 475/1485/2
f 475/1485/2 469/1484/2 476/1486/2
f 470/1487/2 471/1488/2 477/1489/2
f 477/1489/2 471/1488/2 2512/1490/2
f 1178/1491/2 472/1492/2 478/1493/2
f 478/1493/2 472/1492/2 479/1494/2
f 473/1495/2 1634/1496/2 480/1497/2
f 480/1497/2 1634/1496/2 481/1498/2
f 2459/1499/2 1668/1500/2 1236/1501/2
f 1236/1501/2 1668/1500/2 482/1502/2
f 2463/1503/2 2466/1504/2 2519/1505/2
f 2519/1505/2 2466/1504/2 483/1506/2
f 1268/1507/2 474/1508/2 484/1509/2
f 484/1509/2 474/1508/2 485/1510/2
f 2472/1511/2 2476/1512/2 486/1513/2
f 486/1513/2 2476/1512/2 1713/1514/2
f 1875/1515/2 487/1516/2 2254/1517/2
f 2254/1517/2 487/1516/2 488/1518/2
f 2370/1519/2 489/1520/2 2039/1521/2
f 2039/1521/2 489/1520/2 1388/1522/2
f 2372/1523/2 1416/1524/2 2043/1525/2
f 2043/1525/2 1416/1524/2 2045/1526/2
f 490/1527/2 1482/1528/2 1065/1529/2
f 1065/1529/2 1482/1528/2 2379/1530/2
f 491/1531/2 2048/1532/2 492/1533/2
f 491/1531/2 492/1533/2 2432/1534/2
f 2432/1534/2 492/1533/2 2433/1535/2
f 2724/1536/2 493/1537/2 494/1538/2
f 494/1538/2 493/1537/2 1384/1539/2
f 2286/1540/2 1772/1541/2 1964/1542/2
f 1964/1542/2 1772/1541/2 1970/1543/2
f 2374/1544/2 2032/1545/2 495/1546/2
f 495/1546/2 2032/1545/2 2392/1547/2
f 2035/1548/2 1142/1549/2 496/1550/2
f 496/1550/2 1142/1549/2 1143/1551/2
f 497/1552/2 1773/1553/2 1717/1554/2
f 1717/1554/2 1773/1553/2 1774/1555/2
f 2423/1556/2 2424/1557/2 2060/1558/2
f 2060/1558/2 2424/1557/2 1364/1559/2
f 971/1560/2 2428/1561/2 498/1562/2
f 498/1562/2 2428/1561/2 499/1563/2
f 2064/1564/2 1377/1565/2 500/1566/2
f 500/1566/2 1377/1565/2 501/1567/2
f 2618/1568/2 502/1569/2 503/1570/2
f 503/1570/2 502/1569/2 1266/1571/2
f 504/1572/2 505/1573/2 506/1574/2
f 506/1574/2 505/1573/2 507/1575/2
f 508/1576/2 2332/1577/2 509/1578/2
f 509/1578/2 2332/1577/2 1378/1579/2
f 1378/1580/2 1060/1581/2 510/1582/2
f 1378/1580/2 510/1582/2 511/1583/2
f 511/1583/2 510/1582/2 1457/1584/2
f 1378/1580/2 511/1583/2 1379/1585/2
f 1379/1585/2 511/1583/2 512/1586/2
f 513/1587/2 514/1588/2 515/1589/2
f 515/1589/2 514/1588/2 516/1590/2
f 517/1591/2 518/1592/2 2341/1593/2
f 2341/1593/2 518/1592/2 1476/1594/2
f 1476/1594/2 518/1592/2 2348/1595/2
f 2341/1593/2 1476/1594/2 1061/1596/2
f 1061/1596/2 1476/1594/2 1477/1597/2
f 2348/1595/2 518/1592/2 1082/1598/2
f 1082/1598/2 518/1592/2 1144/1599/2
f 519/1600/2 2602/1601/2 520/1602/2
f 520/1602/2 2602/1601/2 521/1603/2
f 1165/1604/2 2561/1605/2 2601/1606/2
f 2601/1606/2 2561/1605/2 2603/1607/2
f 1243/1608/2 522/1609/2 523/1610/2
f 523/1610/2 522/1609/2 1694/1611/2
f 2017/1612/2 2018/1613/2 1370/1614/2
f 1370/1614/2 2018/1613/2 2431/1615/2
f 1237/1616/2 1707/1617/2 2536/1618/2
f 2536/1618/2 1707/1617/2 1708/1619/2
f 2581/1620/2 2583/1621/2 2604/1622/2
f 2604/1622/2 2583/1621/2 2605/1623/2
f 946/1624/2 524/1625/2 947/1626/2
f 947/1626/2 524/1625/2 525/1627/2
f 2505/1628/2 526/1629/2 1724/1630/2
f 1724/1630/2 526/1629/2 2129/1631/2
f 2563/1632/2 527/1633/2 2579/1634/2
f 2579/1634/2 527/1633/2 1628/1635/2
f 528/1636/2 529/1637/2 1725/1638/2
f 1725/1638/2 529/1637/2 1971/1639/2
f 935/1640/2 1367/1641/2 2096/1642/2
f 2096/1642/2 1367/1641/2 530/1643/2
f 530/1643/2 1367/1641/2 2494/1644/2
f 531/1645/2 1972/1646/2 1726/1647/2
f 1726/1647/2 1972/1646/2 532/1648/2
f 2407/1649/2 1352/1650/2 2089/1651/2
f 2089/1651/2 1352/1650/2 2708/1652/2
f 2708/1653/2 2097/1654/2 533/1655/2
f 533/1655/2 2097/1654/2 1361/1656/2
f 2594/1657/2 1727/1658/2 534/1659/2
f 534/1659/2 1727/1658/2 2609/1660/2
f 535/1661/2 536/1662/2 1159/1663/2
f 1159/1663/2 536/1662/2 2565/1664/2
f 1251/1665/2 2589/1666/2 2610/1667/2
f 2610/1667/2 2589/1666/2 2612/1668/2
f 2539/1669/2 2541/1670/2 537/1671/2
f 537/1671/2 2541/1670/2 538/1672/2
f 540/1673/2 1704/1674/2 1271/1675/2
f 1271/1675/2 1704/1674/2 1705/1676/2
f 539/1677/2 1302/1678/2 2161/1679/2
f 2161/1679/2 1302/1678/2 541/1680/2
f 923/1681/2 2413/1682/2 924/1683/2
f 924/1683/2 2413/1682/2 2094/1684/2
f 2542/1685/2 1710/1686/2 2570/1687/2
f 2570/1687/2 1710/1686/2 1711/1688/2
f 2613/1689/2 542/1690/2 2622/1691/2
f 2622/1691/2 542/1690/2 1730/1692/2
f 543/1693/2 1339/1694/2 544/1695/2
f 544/1695/2 1339/1694/2 1340/1696/2
f 545/1697/2 2163/1698/2 1283/1699/2
f 1283/1699/2 2163/1698/2 546/1700/2
f 547/1701/2 2394/1702/2 2449/1703/2
f 547/1701/2 2449/1703/2 548/1704/2
f 548/1704/2 2449/1703/2 549/1705/2
f 2460/1706/2 2474/1707/2 2537/1708/2
f 2537/1708/2 2474/1707/2 1712/1709/2
f 914/1710/2 550/1711/2 915/1712/2
f 915/1712/2 550/1711/2 551/1713/2
f 227/1714/2 915/1712/2 552/1715/2
f 551/1713/2 1354/1716/2 552/1715/2
f 915/1712/2 551/1713/2 552/1715/2
f 552/1715/2 1354/1716/2 1355/1717/2
f 2386/1718/2 229/1719/2 2426/1720/2
f 2426/1720/2 229/1719/2 554/1721/2
f 897/1722/2 553/1723/2 898/1724/2
f 898/1724/2 553/1723/2 2084/1725/2
f 1285/1726/2 2549/1727/2 1286/1728/2
f 1286/1728/2 2549/1727/2 2169/1729/2
f 1732/1730/2 555/1731/2 1733/1732/2
f 1733/1732/2 555/1731/2 1779/1733/2
f 1734/1734/2 1974/1735/2 1735/1736/2
f 1735/1736/2 1974/1735/2 2008/1737/2
f 2623/1738/2 556/1739/2 557/1740/2
f 557/1740/2 556/1739/2 1736/1741/2
f 900/1742/2 558/1743/2 2077/1744/2
f 2077/1744/2 558/1743/2 1342/1745/2
f 2239/1746/2 2240/1747/2 2023/1748/2
f 2023/1748/2 2240/1747/2 916/1749/2
f 2155/1750/2 1648/1751/2 1205/1752/2
f 1205/1752/2 1648/1751/2 1649/1753/2
f 1288/1754/2 559/1755/2 2174/1756/2
f 2174/1756/2 559/1755/2 560/1757/2
f 2155/1750/2 1205/1752/2 1206/1758/2
f 2155/1750/2 1206/1758/2 262/1759/2
f 1206/1758/2 2637/1760/2 262/1759/2
f 262/1759/2 2637/1760/2 561/1761/2
f 1018/1762/2 562/1763/2 565/1764/2
f 565/1764/2 562/1763/2 2714/1765/2
f 563/1766/2 2692/1767/2 566/1768/2
f 566/1768/2 2692/1767/2 567/1769/2
f 564/1770/2 2696/1771/2 2219/1772/2
f 2219/1772/2 2696/1771/2 1484/1773/2
f 566/1768/2 567/1769/2 2699/1774/2
f 1484/1773/2 2221/1775/2 2699/1774/2
f 2219/1772/2 1484/1773/2 2699/1774/2
f 567/1769/2 2219/1772/2 2699/1774/2
f 2714/1776/2 566/1768/2 2699/1774/2
f 2699/1774/2 2221/1775/2 568/1777/2
f 569/1778/2 2149/1779/2 570/1780/2
f 570/1780/2 2149/1779/2 1651/1781/2
f 1207/1782/2 571/1783/2 1208/1784/2
f 1208/1784/2 571/1783/2 2667/1785/2
f 572/1786/2 2292/1787/2 1740/1788/2
f 1740/1788/2 2292/1787/2 1975/1789/2
f 289/1790/2 2657/1791/2 2187/1792/2
f 2187/1792/2 2657/1791/2 573/1793/2
f 2652/1794/2 2732/1795/2 1014/1796/2
f 1014/1796/2 2732/1795/2 574/1797/2
f 1431/1798/2 2664/1799/2 2192/1800/2
f 2192/1800/2 2664/1799/2 1044/1801/2
f 1741/1802/2 1781/1803/2 2002/1804/2
f 2002/1804/2 1781/1803/2 2010/1805/2
f 2400/1806/2 1343/1807/2 2079/1808/2
f 2079/1808/2 1343/1807/2 1344/1809/2
f 575/1810/2 2185/1811/2 1422/1812/2
f 1422/1812/2 2185/1811/2 2671/1813/2
f 2684/1814/2 1423/1815/2 576/1816/2
f 576/1816/2 1423/1815/2 1424/1817/2
f 1211/1818/2 2659/1819/2 1212/1820/2
f 1212/1820/2 2659/1819/2 1654/1821/2
f 1020/1822/2 2193/1823/2 578/1824/2
f 578/1824/2 2193/1823/2 2676/1825/2
f 577/1826/2 1048/1827/2 579/1828/2
f 579/1828/2 1048/1827/2 2677/1829/2
f 1076/1830/2 1498/1831/2 2224/1832/2
f 2224/1832/2 1498/1831/2 1499/1833/2
f 1639/1834/2 1655/1835/2 2555/1836/2
f 2555/1836/2 1655/1835/2 1213/1837/2
f 1213/1837/2 1655/1835/2 1656/1838/2
f 1214/1839/2 2586/1840/2 2713/1841/2
f 2713/1841/2 2586/1840/2 2709/1842/2
f 1289/1843/2 1307/1844/2 581/1845/2
f 581/1845/2 1307/1844/2 2176/1846/2
f 1182/1847/2 580/1848/2 1183/1849/2
f 1183/1849/2 580/1848/2 2636/1850/2
f 1630/1851/2 2713/1852/2 1631/1853/2
f 1631/1853/2 2713/1852/2 582/1854/2
f 2709/1855/2 2173/1856/2 1657/1857/2
f 1657/1857/2 2173/1856/2 583/1858/2
f 1326/1859/2 2646/1860/2 2647/1861/2
f 2647/1861/2 2646/1860/2 584/1862/2
f 582/1863/2 1657/1864/2 585/1865/2
f 585/1865/2 1657/1864/2 2183/1866/2
f 2654/1867/2 2733/1868/2 1418/1869/2
f 1418/1869/2 2733/1868/2 1034/1870/2
f 1028/1871/2 586/1872/2 587/1873/2
f 587/1873/2 586/1872/2 1430/1874/2
f 2693/1875/2 2694/1876/2 588/1877/2
f 588/1877/2 2694/1876/2 2698/1878/2
f 2695/1879/2 1500/1880/2 1068/1881/2
f 1068/1881/2 1500/1880/2 1501/1882/2
f 886/1883/2 1921/1884/2 2311/1885/2
f 2311/1885/2 1921/1884/2 589/1886/2
f 590/1887/2 591/1888/2 1198/1889/2
f 590/1887/2 1198/1889/2 2584/1890/2
f 590/1887/2 2584/1890/2 2642/1891/2
f 2642/1891/2 2584/1890/2 2643/1892/2
f 592/1893/2 593/1894/2 595/1895/2
f 594/1896/2 595/1895/2 2655/1897/2
f 2655/1897/2 595/1895/2 1035/1898/2
f 1035/1898/2 595/1895/2 2188/1899/2
f 595/1895/2 593/1894/2 1486/1900/2
f 2188/1899/2 595/1895/2 1486/1900/2
f 594/1896/2 2655/1897/2 596/1901/2
f 2662/1902/2 1487/1903/2 597/1904/2
f 594/1896/2 596/1901/2 2669/1905/2
f 596/1901/2 597/1904/2 2669/1905/2
f 597/1904/2 1487/1903/2 598/1906/2
f 2669/1905/2 597/1904/2 598/1906/2
f 598/1906/2 1487/1903/2 1051/1907/2
f 1051/1907/2 1487/1903/2 2197/1908/2
f 2197/1908/2 1487/1903/2 2201/1909/2
f 2201/1909/2 1487/1903/2 2203/1910/2
f 599/1911/2 1488/1912/2 1440/1913/2
f 600/1914/2 1440/1913/2 1052/1915/2
f 1440/1913/2 1488/1912/2 2207/1916/2
f 1052/1915/2 1440/1913/2 2207/1916/2
f 1022/1917/2 2688/1918/2 601/1919/2
f 601/1919/2 2688/1918/2 2217/1920/2
f 1077/1921/2 1502/1922/2 602/1923/2
f 602/1923/2 1502/1922/2 1503/1924/2
f 2402/1925/2 1346/1926/2 603/1927/2
f 603/1927/2 1346/1926/2 2087/1928/2
f 2454/1929/2 2457/1930/2 604/1931/2
f 2454/1929/2 604/1931/2 2552/1932/2
f 2552/1932/2 604/1931/2 2556/1933/2
f 1308/1934/2 605/1935/2 1309/1936/2
f 1309/1936/2 605/1935/2 2710/1937/2
f 1746/1938/2 2634/1939/2 2731/1940/2
f 2731/1940/2 2634/1939/2 606/1941/2
f 2710/1942/2 2731/1943/2 1327/1944/2
f 1327/1944/2 2731/1943/2 1747/1945/2
f 1036/1946/2 1504/1947/2 2663/1948/2
f 2663/1948/2 1504/1947/2 1505/1949/2
f 1441/1950/2 607/1951/2 608/1952/2
f 608/1952/2 607/1951/2 2682/1953/2
f 1037/1954/2 2208/1955/2 1038/1956/2
f 1038/1956/2 2208/1955/2 2211/1957/2
f 609/1958/2 1911/1959/2 2322/1960/2
f 2322/1960/2 1911/1959/2 2323/1961/2
f 610/1962/2 611/1963/2 2577/1964/2
f 2577/1964/2 611/1963/2 2578/1965/2
f 612/1966/2 2633/1967/2 1328/1968/2
f 1328/1968/2 2633/1967/2 1748/1969/2
f 2148/1970/2 1658/1971/2 2153/1972/2
f 1199/1973/2 2153/1972/2 2585/1974/2
f 2153/1972/2 1658/1971/2 2159/1975/2
f 2585/1974/2 2153/1972/2 2159/1975/2
f 2712/1976/2 2651/1977/2 613/1978/2
f 613/1978/2 2651/1977/2 1218/1979/2
f 1218/1979/2 2651/1977/2 2666/1980/2
f 2666/1980/2 2651/1977/2 2668/1981/2
f 1749/1982/2 1784/1983/2 1966/1984/2
f 1966/1984/2 1784/1983/2 1978/1985/2
f 888/1986/2 889/1987/2 614/1988/2
f 614/1988/2 889/1987/2 890/1989/2
f 615/1990/2 2343/1991/2 617/1992/2
f 2343/1991/2 616/1993/2 617/1992/2
f 617/1992/2 616/1993/2 2382/1994/2
f 1200/1995/2 2157/1996/2 1201/1997/2
f 1201/1997/2 2157/1996/2 1219/1998/2
f 1024/1999/2 1426/2000/2 620/2001/2
f 620/2001/2 1426/2000/2 2726/2002/2
f 2691/2003/2 618/2004/2 2218/2005/2
f 2218/2005/2 618/2004/2 621/2006/2
f 619/2007/2 1489/2008/2 622/2009/2
f 622/2009/2 1489/2008/2 623/2010/2
f 2218/2005/2 621/2006/2 1427/2011/2
f 623/2010/2 2222/2012/2 1427/2011/2
f 622/2009/2 623/2010/2 1427/2011/2
f 621/2006/2 622/2009/2 1427/2011/2
f 2726/2013/2 2218/2005/2 1427/2011/2
f 1427/2011/2 2222/2012/2 2700/2014/2
f 2223/2015/2 2225/2016/2 624/2017/2
f 624/2017/2 2225/2016/2 1490/2018/2
f 625/2019/2 1785/2020/2 2003/2021/2
f 2003/2021/2 1785/2020/2 1786/2022/2
f 1291/2023/2 2550/2024/2 627/2025/2
f 627/2025/2 2550/2024/2 2170/2026/2
f 1220/2027/2 626/2028/2 1221/2029/2
f 1221/2029/2 626/2028/2 2179/2030/2
f 2621/2031/2 1810/2032/2 1292/2033/2
f 1292/2033/2 1810/2032/2 628/2034/2
f 629/2035/2 1661/2036/2 1222/2037/2
f 1222/2037/2 1661/2036/2 2182/2038/2
f 1015/2039/2 630/2040/2 631/2041/2
f 631/2041/2 630/2040/2 1510/2042/2
f 2213/2043/2 1428/2044/2 632/2045/2
f 632/2045/2 1428/2044/2 633/2046/2
f 1070/2047/2 2227/2048/2 1071/2049/2
f 1071/2049/2 2227/2048/2 1491/2050/2
f 901/2051/2 634/2052/2 2081/2053/2
f 2081/2053/2 634/2052/2 635/2054/2
f 1371/2055/2 636/2056/2 637/2057/2
f 637/2057/2 636/2056/2 1376/2058/2
f 1371/2055/2 637/2057/2 1372/2059/2
f 1372/2059/2 637/2057/2 2389/2060/2
f 638/2061/2 2467/2062/2 2504/2063/2
f 2504/2063/2 2467/2062/2 1682/2064/2
f 639/2065/2 2160/2066/2 1223/2067/2
f 1223/2067/2 2160/2066/2 1662/2068/2
f 1330/2069/2 2628/2070/2 1331/2071/2
f 1331/2071/2 2628/2070/2 641/2072/2
f 1224/2073/2 640/2074/2 642/2075/2
f 642/2075/2 640/2074/2 1663/2076/2
f 1225/2077/2 643/2078/2 2650/2079/2
f 2650/2079/2 643/2078/2 1664/2080/2
f 644/2081/2 1506/2082/2 645/2083/2
f 645/2083/2 1506/2082/2 646/2084/2
f 647/2085/2 2228/2086/2 648/2087/2
f 648/2087/2 2228/2086/2 649/2088/2
f 2335/2089/2 1145/2090/2 650/2091/2
f 650/2091/2 1145/2090/2 651/2092/2
f 651/2092/2 1145/2090/2 652/2093/2
f 652/2093/2 1145/2090/2 2385/2094/2
f 653/2095/2 654/2096/2 655/2097/2
f 655/2097/2 654/2096/2 2725/2098/2
f 2725/2099/2 926/2100/2 1350/2101/2
f 1350/2101/2 926/2100/2 927/2102/2
f 2547/2103/2 1313/2104/2 2166/2105/2
f 2166/2105/2 1313/2104/2 656/2106/2
f 657/2107/2 1811/2108/2 1294/2109/2
f 1294/2109/2 1811/2108/2 658/2110/2
f 909/2111/2 659/2112/2 2233/2113/2
f 2233/2113/2 659/2112/2 2234/2114/2
f 2234/2114/2 659/2112/2 918/2115/2
f 918/2115/2 659/2112/2 660/2116/2
f 891/2117/2 910/2118/2 2349/2119/2
f 2349/2119/2 910/2118/2 2350/2120/2
f 2350/2121/2 2353/2122/2 2052/2123/2
f 2052/2123/2 2353/2122/2 2054/2124/2
f 2054/2124/2 2353/2122/2 2055/2125/2
f 893/2126/2 2052/2123/2 2396/2127/2
f 2052/2123/2 2054/2124/2 2396/2127/2
f 2396/2127/2 2054/2124/2 661/2128/2
f 2083/2129/2 662/2130/2 903/2131/2
f 903/2131/2 662/2130/2 663/2132/2
f 2101/2133/2 903/2131/2 894/2134/2
f 663/2132/2 2104/2135/2 894/2134/2
f 903/2131/2 663/2132/2 894/2134/2
f 894/2134/2 2104/2135/2 664/2136/2
f 2229/2137/2 1492/2138/2 1073/2139/2
f 1073/2139/2 1492/2138/2 2734/2140/2
f 2615/2141/2 665/2142/2 1332/2143/2
f 1332/2143/2 665/2142/2 666/2144/2
f 2195/2145/2 2198/2146/2 1053/2147/2
f 1053/2147/2 2198/2146/2 667/2148/2
f 2195/2145/2 1053/2147/2 2679/2149/2
f 2679/2149/2 1053/2147/2 2681/2150/2
f 2410/2151/2 1357/2152/2 929/2153/2
f 929/2153/2 1357/2152/2 2095/2154/2
f 2442/2155/2 1133/2156/2 1526/2157/2
f 1526/2157/2 1133/2156/2 668/2158/2
f 1754/2159/2 1790/2160/2 1967/2161/2
f 1967/2161/2 1790/2160/2 669/2162/2
f 2230/2163/2 2231/2164/2 1079/2165/2
f 1079/2165/2 2231/2164/2 670/2166/2
f 1823/2167/2 967/2168/2 963/2169/2
f 963/2169/2 967/2168/2 671/2170/2
f 1755/2171/2 1791/2172/2 2004/2173/2
f 2004/2173/2 1791/2172/2 672/2174/2
f 2593/2175/2 673/2176/2 1295/2177/2
f 1295/2177/2 673/2176/2 2617/2178/2
f 1054/2179/2 674/2180/2 1055/2181/2
f 1055/2181/2 674/2180/2 1442/2182/2
f 675/2183/2 2502/2184/2 676/2185/2
f 676/2185/2 2502/2184/2 2507/2186/2
f 677/2187/2 1848/2188/2 943/2189/2
f 943/2189/2 1848/2188/2 1861/2190/2
f 677/2187/2 943/2189/2 911/2191/2
f 911/2191/2 943/2189/2 1880/2192/2
f 2443/2193/2 2444/2194/2 2489/2195/2
f 2489/2195/2 2444/2194/2 679/2196/2
f 678/2197/2 2447/2198/2 1131/2199/2
f 1131/2199/2 2447/2198/2 1556/2200/2
f 1334/2201/2 1758/2202/2 2608/2203/2
f 2608/2203/2 1758/2202/2 680/2204/2
f 2204/2205/2 1443/2206/2 1040/2207/2
f 1040/2207/2 1443/2206/2 681/2208/2
f 919/2209/2 2056/2210/2 920/2211/2
f 920/2211/2 2056/2210/2 682/2212/2
f 682/2212/2 2056/2210/2 2416/2213/2
f 2416/2213/2 2056/2210/2 938/2214/2
f 682/2212/2 2416/2213/2 683/2215/2
f 682/2212/2 683/2215/2 930/2216/2
f 683/2215/2 2098/2217/2 930/2216/2
f 930/2216/2 2098/2217/2 684/2218/2
f 944/2219/2 953/2220/2 945/2221/2
f 945/2221/2 953/2220/2 685/2222/2
f 686/2223/2 1362/2224/2 687/2225/2
f 687/2225/2 1362/2224/2 688/2226/2
f 921/2227/2 939/2228/2 691/2229/2
f 691/2229/2 939/2228/2 2492/2230/2
f 2445/2231/2 689/2232/2 1128/2233/2
f 1128/2233/2 689/2232/2 692/2234/2
f 690/2235/2 2100/2236/2 1761/2237/2
f 1761/2237/2 2100/2236/2 1795/2238/2
f 693/2239/2 2021/2240/2 1101/2241/2
f 1101/2241/2 2021/2240/2 694/2242/2
f 1565/2243/2 1575/2244/2 1566/2245/2
f 1566/2245/2 1575/2244/2 2366/2246/2
f 695/2247/2 696/2248/2 698/2249/2
f 698/2249/2 696/2248/2 1104/2250/2
f 1567/2251/2 697/2252/2 2438/2253/2
f 2438/2253/2 697/2252/2 699/2254/2
f 1102/2255/2 2070/2256/2 2479/2257/2
f 2479/2257/2 2070/2256/2 2481/2258/2
f 1568/2259/2 2075/2260/2 1569/2261/2
f 1569/2261/2 2075/2260/2 2488/2262/2
f 700/2263/2 954/2264/2 940/2265/2
f 940/2265/2 954/2264/2 955/2266/2
f 1296/2267/2 701/2268/2 1335/2269/2
f 1762/2270/2 1812/2271/2 702/2272/2
f 1296/2267/2 1335/2269/2 1297/2273/2
f 1335/2269/2 702/2272/2 1297/2273/2
f 702/2272/2 1812/2271/2 2599/2274/2
f 1297/2273/2 702/2272/2 2599/2274/2
f 704/2275/2 2365/2276/2 705/2277/2
f 705/2277/2 2365/2276/2 706/2278/2
f 703/2279/2 956/2280/2 2418/2281/2
f 2418/2281/2 956/2280/2 707/2282/2
f 704/2275/2 705/2277/2 1113/2283/2
f 706/2278/2 2365/2276/2 2436/2284/2
f 704/2275/2 1113/2283/2 2073/2285/2
f 1113/2283/2 2436/2284/2 2073/2285/2
f 2436/2284/2 2365/2276/2 1561/2286/2
f 2073/2285/2 2436/2284/2 1561/2286/2
f 704/2275/2 2073/2285/2 708/2287/2
f 708/2287/2 2073/2285/2 2484/2288/2
f 1561/2286/2 2365/2276/2 1562/2289/2
f 1562/2289/2 2365/2276/2 2487/2290/2
f 1336/2291/2 1763/2292/2 2575/2293/2
f 2575/2293/2 1763/2292/2 709/2294/2
f 2290/2295/2 710/2296/2 1968/2297/2
f 1968/2297/2 710/2296/2 1980/2298/2
f 2049/2299/2 711/2300/2 1114/2301/2
f 1114/2301/2 711/2300/2 2437/2302/2
f 712/2303/2 2074/2304/2 2485/2305/2
f 2485/2305/2 2074/2304/2 1563/2306/2
f 1764/2307/2 713/2308/2 1765/2309/2
f 1765/2309/2 713/2308/2 1796/2310/2
f 1298/2311/2 1314/2312/2 2529/2313/2
f 1796/2310/2 713/2308/2 1797/2314/2
f 2529/2313/2 714/2315/2 1337/2316/2
f 715/2317/2 1797/2314/2 2568/2318/2
f 2529/2313/2 1337/2316/2 716/2319/2
f 1337/2316/2 2568/2318/2 716/2319/2
f 1298/2311/2 2529/2313/2 716/2319/2
f 2568/2318/2 1797/2314/2 717/2320/2
f 716/2319/2 2568/2318/2 717/2320/2
f 1797/2314/2 713/2308/2 717/2320/2
f 1819/2321/2 1820/2322/2 969/2323/2
f 1822/2324/2 969/2323/2 718/2325/2
f 1825/2326/2 718/2325/2 1839/2327/2
f 969/2323/2 1820/2322/2 719/2328/2
f 1839/2327/2 718/2325/2 719/2328/2
f 718/2325/2 969/2323/2 719/2328/2
f 721/2329/2 1798/2330/2 2005/2331/2
f 2005/2331/2 1798/2330/2 722/2332/2
f 1878/2333/2 720/2334/2 2351/2335/2
f 2351/2335/2 720/2334/2 2354/2336/2
f 1816/2337/2 723/2338/2 2232/2339/2
f 2232/2339/2 723/2338/2 724/2340/2
f 725/2341/2 726/2342/2 1580/2343/2
f 1580/2343/2 726/2342/2 727/2344/2
f 728/2345/2 1838/2346/2 1841/2347/2
f 1841/2347/2 1838/2346/2 1843/2348/2
f 1459/2349/2 729/2350/2 1830/2351/2
f 1830/2351/2 729/2350/2 1834/2352/2
f 1815/2353/2 730/2354/2 1828/2355/2
f 1828/2355/2 730/2354/2 1460/2356/2
f 961/2357/2 2425/2358/2 2061/2359/2
f 2061/2359/2 2425/2358/2 1366/2360/2
f 731/2361/2 2429/2362/2 732/2363/2
f 732/2363/2 2429/2362/2 2068/2364/2
f 733/2365/2 2560/2366/2 1338/2367/2
f 1338/2367/2 2560/2366/2 2569/2368/2
f 957/2369/2 734/2370/2 2421/2371/2
f 2421/2371/2 734/2370/2 976/2372/2
f 735/2373/2 1382/2374/2 736/2375/2
f 736/2375/2 1382/2374/2 2730/2376/2
f 1836/2377/2 737/2378/2 1842/2379/2
f 1842/2379/2 1844/2380/2 738/2381/2
f 738/2381/2 1844/2380/2 739/2382/2
f 739/2382/2 1844/2380/2 740/2383/2
f 740/2383/2 1844/2380/2 1852/2384/2
f 1842/2379/2 738/2381/2 1172/2385/2
f 1172/2385/2 738/2381/2 1857/2386/2
f 1836/2377/2 1842/2379/2 741/2387/2
f 1842/2379/2 1172/2385/2 741/2387/2
f 741/2387/2 1172/2385/2 1863/2388/2
f 1863/2388/2 1172/2385/2 742/2389/2
f 742/2389/2 1172/2385/2 1173/2390/2
f 1857/2386/2 738/2381/2 1869/2391/2
f 1869/2391/2 738/2381/2 743/2392/2
f 739/2382/2 740/2383/2 1871/2393/2
f 1871/2393/2 740/2383/2 1873/2394/2
f 1852/2384/2 1844/2380/2 1695/2395/2
f 1695/2395/2 1844/2380/2 744/2396/2
f 2236/2397/2 2238/2398/2 1461/2399/2
f 1461/2399/2 2238/2398/2 1884/2400/2
f 2242/2401/2 1154/2402/2 746/2403/2
f 1462/2404/2 745/2405/2 1886/2406/2
f 1886/2406/2 745/2405/2 749/2407/2
f 750/2408/2 751/2409/2 752/2410/2
f 752/2410/2 751/2409/2 753/2411/2
f 2242/2401/2 746/2403/2 1581/2412/2
f 746/2403/2 1174/2413/2 1581/2412/2
f 1581/2412/2 1174/2413/2 1906/2414/2
f 1616/2415/2 2251/2416/2 1617/2417/2
f 1617/2417/2 2251/2416/2 754/2418/2
f 747/2419/2 1260/2420/2 1671/2421/2
f 1671/2421/2 1260/2420/2 755/2422/2
f 1696/2423/2 748/2424/2 756/2425/2
f 756/2425/2 748/2424/2 757/2426/2
f 2260/2427/2 2264/2428/2 1463/2429/2
f 1463/2429/2 2264/2428/2 1090/2430/2
f 1464/2431/2 2296/2432/2 1940/2433/2
f 1940/2433/2 2296/2432/2 1941/2434/2
f 1465/2435/2 1091/2436/2 1466/2437/2
f 1466/2437/2 1091/2436/2 1092/2438/2
f 2358/2439/2 1493/2440/2 2378/2441/2
f 2378/2441/2 1493/2440/2 758/2442/2
f 2533/2443/2 759/2444/2 2559/2445/2
f 2559/2445/2 759/2444/2 760/2446/2
f 1831/2447/2 1582/2448/2 1583/2449/2
f 1583/2449/2 761/2450/2 1865/2451/2
f 1831/2447/2 1583/2449/2 1467/2452/2
f 1583/2449/2 1865/2451/2 1467/2452/2
f 1865/2451/2 762/2453/2 1467/2452/2
f 1467/2452/2 762/2453/2 767/2454/2
f 767/2454/2 762/2453/2 1519/2455/2
f 1519/2455/2 762/2453/2 1584/2456/2
f 1584/2456/2 762/2453/2 2243/2457/2
f 1519/2455/2 1584/2456/2 1093/2458/2
f 2243/2457/2 762/2453/2 1155/2459/2
f 1155/2459/2 762/2453/2 768/2460/2
f 1618/2461/2 1230/2462/2 2250/2463/2
f 2250/2463/2 1230/2462/2 2252/2464/2
f 763/2465/2 764/2466/2 769/2467/2
f 769/2467/2 764/2466/2 770/2468/2
f 765/2469/2 766/2470/2 771/2471/2
f 771/2471/2 766/2470/2 1813/2472/2
f 1093/2458/2 1584/2456/2 1888/2473/2
f 1888/2473/2 1584/2456/2 1520/2474/2
f 1520/2474/2 1584/2456/2 1521/2475/2
f 1521/2475/2 1584/2456/2 772/2476/2
f 772/2476/2 1584/2456/2 1137/2477/2
f 1137/2477/2 1584/2456/2 773/2478/2
f 772/2476/2 1137/2477/2 774/2479/2
f 774/2479/2 1137/2477/2 1138/2480/2
f 774/2479/2 1138/2480/2 1094/2481/2
f 1138/2480/2 775/2482/2 1094/2481/2
f 1094/2481/2 775/2482/2 1522/2483/2
f 1522/2483/2 775/2482/2 1944/2484/2
f 1944/2484/2 775/2482/2 776/2485/2
f 1522/2483/2 1944/2484/2 1095/2486/2
f 1095/2486/2 1944/2484/2 777/2487/2
f 776/2485/2 775/2482/2 2320/2488/2
f 1095/2486/2 777/2487/2 1096/2489/2
f 777/2487/2 2320/2488/2 1096/2489/2
f 1096/2489/2 2320/2488/2 780/2490/2
f 778/2491/2 779/2492/2 2356/2493/2
f 2356/2493/2 779/2492/2 1480/2494/2
f 1084/2495/2 780/2490/2 2360/2496/2
f 2320/2488/2 775/2482/2 1148/2497/2
f 2360/2496/2 780/2490/2 1148/2497/2
f 780/2490/2 2320/2488/2 1148/2497/2
f 781/2498/2 782/2499/2 2040/2500/2
f 2040/2500/2 782/2499/2 783/2501/2
f 1012/2502/2 2373/2503/2 784/2504/2
f 784/2504/2 2373/2503/2 1417/2505/2
f 2377/2506/2 2034/2507/2 1468/2508/2
f 1468/2508/2 2034/2507/2 2390/2509/2
f 2390/2509/2 2034/2507/2 785/2510/2
f 1085/2511/2 2036/2512/2 2393/2513/2
f 2393/2513/2 2036/2512/2 1149/2514/2
f 978/2515/2 786/2516/2 787/2517/2
f 978/2515/2 787/2517/2 2245/2518/2
f 787/2517/2 788/2519/2 2245/2518/2
f 2245/2518/2 788/2519/2 2247/2520/2
f 978/2515/2 2245/2518/2 1469/2521/2
f 978/2515/2 1469/2521/2 790/2522/2
f 1469/2521/2 789/2523/2 790/2522/2
f 790/2522/2 789/2523/2 2257/2524/2
f 978/2515/2 790/2522/2 1896/2525/2
f 978/2515/2 1896/2525/2 2261/2526/2
f 1896/2525/2 1899/2527/2 2261/2526/2
f 2261/2526/2 1899/2527/2 1523/2528/2
f 978/2515/2 2261/2526/2 791/2529/2
f 978/2515/2 791/2529/2 793/2530/2
f 791/2529/2 792/2531/2 793/2530/2
f 793/2530/2 792/2531/2 2297/2532/2
f 978/2515/2 793/2530/2 1470/2533/2
f 978/2515/2 1470/2533/2 795/2534/2
f 1470/2533/2 794/2535/2 795/2534/2
f 795/2534/2 794/2535/2 796/2536/2
f 796/2536/2 794/2535/2 1471/2537/2
f 1471/2537/2 794/2535/2 1524/2538/2
f 978/2515/2 795/2534/2 797/2539/2
f 796/2536/2 1471/2537/2 1402/2540/2
f 1402/2540/2 1471/2537/2 1472/2541/2
f 797/2539/2 1402/2540/2 1472/2541/2
f 797/2539/2 1472/2541/2 2345/2542/2
f 1472/2541/2 2016/2543/2 2345/2542/2
f 2345/2542/2 2016/2543/2 1525/2544/2
f 978/2515/2 797/2539/2 798/2545/2
f 797/2539/2 2345/2542/2 798/2545/2
f 798/2545/2 2345/2542/2 1473/2546/2
f 978/2515/2 798/2545/2 2038/2547/2
f 978/2515/2 2038/2547/2 979/2548/2
f 2038/2547/2 799/2549/2 979/2548/2
f 979/2548/2 799/2549/2 2434/2550/2
f 980/2551/2 2069/2552/2 2497/2553/2
f 2497/2553/2 2069/2552/2 2500/2554/2
f 1854/2555/2 1858/2556/2 801/2557/2
f 801/2557/2 1858/2556/2 1890/2558/2
f 1231/2559/2 1672/2560/2 1232/2561/2
f 1232/2561/2 1672/2560/2 802/2562/2
f 800/2563/2 1853/2564/2 1261/2565/2
f 1261/2565/2 1853/2564/2 803/2566/2
f 804/2567/2 2727/2568/2 806/2569/2
f 806/2569/2 2727/2568/2 1532/2570/2
f 1549/2571/2 805/2572/2 2720/2573/2
f 2720/2573/2 805/2572/2 1555/2574/2
f 807/2575/2 431/2576/2 985/2577/2
f 985/2577/2 431/2576/2 1392/2578/2
f 2728/2579/2 808/2580/2 1938/2581/2
f 1938/2581/2 808/2580/2 1414/2582/2
f 809/2583/2 2273/2584/2 811/2585/2
f 811/2585/2 2273/2584/2 1598/2586/2
f 1598/2586/2 2273/2584/2 1948/2587/2
f 1948/2587/2 2273/2584/2 812/2588/2
f 2275/2589/2 1233/2590/2 1621/2591/2
f 1621/2591/2 1233/2590/2 813/2592/2
f 813/2592/2 1233/2590/2 1954/2593/2
f 1954/2593/2 1233/2590/2 814/2594/2
f 810/2595/2 2281/2596/2 815/2597/2
f 815/2597/2 2281/2596/2 1679/2598/2
f 1679/2598/2 2281/2596/2 816/2599/2
f 816/2599/2 2281/2596/2 1262/2600/2
f 2283/2601/2 2284/2602/2 817/2603/2
f 817/2603/2 2284/2602/2 1706/2604/2
f 1706/2604/2 2284/2602/2 1279/2605/2
f 1279/2605/2 2284/2602/2 818/2606/2
f 1598/2586/2 1948/2587/2 819/2607/2
f 819/2607/2 1948/2587/2 1992/2608/2
f 813/2592/2 1954/2593/2 820/2609/2
f 820/2609/2 1954/2593/2 821/2610/2
f 1679/2598/2 816/2599/2 822/2611/2
f 822/2611/2 816/2599/2 1252/2612/2
f 1706/2604/2 1279/2605/2 1997/2613/2
f 1997/2613/2 1279/2605/2 1999/2614/2
f 1150/2615/2 1767/2616/2 2451/2617/2
f 2451/2617/2 1767/2616/2 2453/2618/2
f 2453/2618/2 1767/2616/2 1604/2619/2
f 1604/2619/2 1767/2616/2 823/2620/2
f 823/2620/2 1767/2616/2 1622/2621/2
f 1622/2621/2 1767/2616/2 1192/2622/2
f 1192/2622/2 1767/2616/2 1642/2623/2
f 1642/2623/2 1767/2616/2 2461/2624/2
f 2461/2624/2 1767/2616/2 1673/2625/2
f 1673/2625/2 1767/2616/2 2464/2626/2
f 2464/2626/2 1767/2616/2 1683/2627/2
f 1683/2627/2 1767/2616/2 2470/2628/2
f 2470/2628/2 1767/2616/2 1697/2629/2
f 1697/2629/2 1767/2616/2 2475/2630/2
f 2475/2630/2 1767/2616/2 2477/2631/2
f 2477/2631/2 1767/2616/2 1316/2632/2
f 1150/2615/2 2451/2617/2 824/2633/2
f 824/2633/2 2451/2617/2 825/2634/2
f 2453/2618/2 1604/2619/2 1163/2635/2
f 1163/2635/2 1604/2619/2 1605/2636/2
f 823/2620/2 1622/2621/2 826/2637/2
f 826/2637/2 1622/2621/2 827/2638/2
f 1192/2622/2 1642/2623/2 828/2639/2
f 828/2639/2 1642/2623/2 2112/2640/2
f 2461/2624/2 1673/2625/2 2114/2641/2
f 2114/2641/2 1673/2625/2 2115/2642/2
f 2464/2626/2 1683/2627/2 1246/2643/2
f 1246/2643/2 1683/2627/2 2117/2644/2
f 2470/2628/2 1697/2629/2 2118/2645/2
f 2118/2645/2 1697/2629/2 829/2646/2
f 2475/2630/2 2477/2631/2 830/2647/2
f 830/2647/2 2477/2631/2 831/2648/2
f 1316/2632/2 1767/2616/2 1317/2649/2
f 1317/2649/2 1767/2616/2 2128/2650/2
f 1889/2651/2 1891/2652/2 1907/2653/2
f 1907/2653/2 1891/2652/2 1908/2654/2
f 1234/2655/2 1893/2656/2 832/2657/2
f 832/2657/2 1893/2656/2 1674/2658/2
f 1263/2659/2 1895/2660/2 833/2661/2
f 833/2661/2 1895/2660/2 834/2662/2
f 1394/2663/2 1916/2664/2 840/2665/2
f 840/2665/2 1916/2664/2 1002/2666/2
f 1130/2667/2 839/2668/2 2722/2669/2
f 2722/2669/2 839/2668/2 2717/2670/2
f 835/2671/2 836/2672/2 1593/2673/2
f 837/2674/2 1623/2675/2 1175/2676/2
f 1175/2676/2 1623/2675/2 1951/2677/2
f 2277/2678/2 1675/2679/2 1235/2680/2
f 1235/2680/2 1675/2679/2 1676/2681/2
f 1264/2682/2 1698/2683/2 1265/2684/2
f 1265/2684/2 1698/2683/2 1699/2685/2
f 1281/2686/2 838/2687/2 845/2688/2
f 1123/2689/2 2722/2690/2 2314/2691/2
f 2314/2691/2 2722/2690/2 846/2692/2
f 2717/2693/2 841/2694/2 2321/2695/2
f 2321/2695/2 841/2694/2 847/2696/2
f 1593/2673/2 1946/2697/2 848/2698/2
f 835/2671/2 1593/2673/2 848/2698/2
f 848/2698/2 1946/2697/2 1599/2699/2
f 1951/2677/2 1625/2700/2 1166/2701/2
f 842/2702/2 1175/2676/2 1166/2701/2
f 1175/2676/2 1951/2677/2 1166/2701/2
f 1166/2701/2 1625/2700/2 849/2703/2
f 1676/2681/2 844/2704/2 1994/2705/2
f 843/2706/2 1235/2680/2 1994/2705/2
f 1235/2680/2 1676/2681/2 1994/2705/2
f 1994/2705/2 844/2704/2 1995/2707/2
f 1699/2685/2 1962/2708/2 1253/2709/2
f 1265/2684/2 1699/2685/2 1253/2709/2
f 1959/2710/2 1265/2684/2 1253/2709/2
f 1253/2709/2 1962/2708/2 1998/2711/2
f 1963/2712/2 845/2688/2 850/2713/2
f 845/2688/2 838/2687/2 2011/2714/2
f 850/2713/2 845/2688/2 2011/2714/2
f 1151/2715/2 1802/2716/2 1152/2717/2
f 1152/2717/2 1802/2716/2 851/2718/2
f 2106/2719/2 1594/2720/2 857/2721/2
f 2108/2722/2 1606/2723/2 858/2724/2
f 858/2724/2 1606/2723/2 1607/2725/2
f 2110/2726/2 2111/2727/2 2134/2728/2
f 2134/2728/2 2111/2727/2 859/2729/2
f 852/2730/2 1643/2731/2 860/2732/2
f 860/2732/2 1643/2731/2 1644/2733/2
f 853/2734/2 1677/2735/2 1241/2736/2
f 1241/2736/2 1677/2735/2 2139/2737/2
f 854/2738/2 1684/2739/2 861/2740/2
f 861/2740/2 1684/2739/2 862/2741/2
f 1269/2742/2 855/2743/2 863/2744/2
f 863/2744/2 855/2743/2 1700/2745/2
f 856/2746/2 2123/2747/2 864/2748/2
f 864/2748/2 2123/2747/2 2145/2749/2
f 1318/2750/2 1803/2751/2 865/2752/2
f 864/2748/2 2145/2749/2 2528/2753/2
f 2145/2749/2 865/2752/2 2528/2753/2
f 2106/2719/2 857/2721/2 2528/2753/2
f 858/2724/2 1607/2725/2 2528/2753/2
f 1700/2745/2 864/2748/2 2528/2753/2
f 2134/2728/2 859/2729/2 2528/2753/2
f 862/2741/2 863/2744/2 2528/2753/2
f 860/2732/2 1644/2733/2 2528/2753/2
f 2139/2737/2 861/2740/2 2528/2753/2
f 1241/2736/2 2139/2737/2 2528/2753/2
f 1644/2733/2 1241/2736/2 2528/2753/2
f 861/2740/2 862/2741/2 2528/2753/2
f 859/2729/2 860/2732/2 2528/2753/2
f 863/2744/2 1700/2745/2 2528/2753/2
f 1607/2725/2 2134/2728/2 2528/2753/2
f 857/2721/2 858/2724/2 2528/2753/2
f 865/2752/2 1803/2751/2 1804/2754/2
f 2528/2753/2 865/2752/2 1804/2754/2
f 866/2755/2 867/2756/2 868/2757/2
f 868/2757/2 867/2756/2 869/2758/2
f 870/2759/2 1945/2760/2 2318/2761/2
f 2318/2761/2 1945/2760/2 1543/2762/2
f 871/2763/2 1985/2764/2 995/2765/2
f 995/2765/2 1985/2764/2 873/2766/2
f 872/2767/2 1990/2768/2 2326/2769/2
f 2326/2769/2 1990/2768/2 1408/2770/2
f 1991/2771/2 1814/2772/2 874/2773/2
f 874/2773/2 1814/2772/2 2331/2774/2
f 1902/2775/2 875/2776/2 1533/2777/2
f 1533/2777/2 875/2776/2 877/2778/2
f 876/2779/2 1909/2780/2 878/2781/2
f 878/2781/2 1909/2780/2 2293/2782/2
f 1902/2775/2 1533/2777/2 1534/2783/2
f 877/2778/2 875/2776/2 1929/2784/2
f 996/2785/2 2729/2786/2 1393/2787/2
f 1393/2787/2 2729/2786/2 1409/2788/2
f 1534/2783/2 1929/2784/2 1116/2789/2
f 1902/2775/2 1534/2783/2 1116/2789/2
f 1929/2784/2 875/2776/2 879/2790/2
f 1116/2789/2 1929/2784/2 879/2790/2
f 1986/2791/2 1403/2792/2 1001/2793/2
f 1001/2793/2 1403/2792/2 1404/2794/2
f 880/2795/2 881/2796/2 2271/2797/2
f 2271/2797/2 881/2796/2 882/2798/2
f 880/2795/2 2271/2797/2 1936/2799/2
f 882/2798/2 881/2796/2 883/2800/2
f 880/2795/2 1936/2799/2 987/2801/2
f 1936/2799/2 883/2800/2 987/2801/2
f 883/2800/2 881/2796/2 884/2802/2
f 987/2801/2 883/2800/2 884/2802/2
f 886/2803/3 283/2804/3 885/2805/3
f 2311/2806/3 283/2804/3 886/2803/3
f 282/2807/3 266/2808/3 887/2809/3
f 2312/2810/3 266/2808/3 282/2807/3
f 1921/2811/3 282/2807/3 887/2809/3
f 589/2812/3 266/2808/3 2312/2810/3
f 609/2813/3 1921/2811/3 887/2809/3
f 609/2813/3 589/2812/3 1921/2811/3
f 2322/2814/3 266/2808/3 589/2812/3
f 2322/2814/3 589/2812/3 609/2813/3
f 1910/2815/3 248/2816/3 245/2817/3
f 267/2818/3 248/2816/3 1910/2815/3
f 1911/2819/3 1910/2815/3 245/2817/3
f 2323/2820/3 248/2816/3 267/2818/3
f 888/2821/3 1911/2819/3 245/2817/3
f 888/2821/3 2323/2820/3 1911/2819/3
f 614/2822/3 248/2816/3 2323/2820/3
f 614/2822/3 2323/2820/3 888/2821/3
f 1900/2823/3 214/2824/3 1845/2825/3
f 249/2826/3 214/2824/3 1900/2823/3
f 889/2827/3 1900/2823/3 1845/2825/3
f 890/2828/3 214/2824/3 249/2826/3
f 891/2829/3 889/2827/3 1845/2825/3
f 891/2829/3 890/2828/3 889/2827/3
f 2349/2830/3 214/2824/3 890/2828/3
f 2349/2830/3 890/2828/3 891/2829/3
f 893/2831/3 2395/2832/3 216/2833/3
f 2396/2834/3 2395/2832/3 893/2831/3
f 2101/2835/3 892/2836/3 217/2837/3
f 894/2838/3 892/2836/3 2101/2835/3
f 2076/2839/3 896/2840/3 895/2841/3
f 897/2842/3 2076/2839/3 2397/2843/3
f 898/2844/3 896/2840/3 2076/2839/3
f 898/2844/3 2076/2839/3 897/2842/3
f 899/2845/3 896/2840/3 898/2844/3
f 900/2846/3 899/2845/3 2398/2847/3
f 2077/2848/3 896/2840/3 899/2845/3
f 2077/2848/3 899/2845/3 900/2846/3
f 2078/2849/3 896/2840/3 2077/2848/3
f 2400/2850/3 2078/2849/3 2399/2851/3
f 2079/2852/3 896/2840/3 2078/2849/3
f 2079/2852/3 2078/2849/3 2400/2850/3
f 319/2853/3 896/2840/3 2079/2852/3
f 2402/2854/3 319/2853/3 2401/2855/3
f 603/2856/3 896/2840/3 319/2853/3
f 603/2856/3 319/2853/3 2402/2854/3
f 2080/2857/3 896/2840/3 603/2856/3
f 901/2858/3 2080/2857/3 335/2859/3
f 2081/2860/3 896/2840/3 2080/2857/3
f 2081/2860/3 2080/2857/3 901/2858/3
f 2082/2861/3 896/2840/3 2081/2860/3
f 653/2862/3 2082/2861/3 902/2863/3
f 655/2864/3 896/2840/3 2082/2861/3
f 655/2864/3 2082/2861/3 653/2862/3
f 2083/2865/3 896/2840/3 655/2864/3
f 903/2866/3 896/2840/3 2083/2865/3
f 202/2867/3 904/2868/3 1877/2869/3
f 213/2870/3 202/2867/3 905/2871/3
f 2705/2872/3 904/2868/3 202/2867/3
f 2705/2872/3 202/2867/3 213/2870/3
f 909/2873/3 907/2874/3 906/2875/3
f 2233/2876/3 907/2874/3 909/2873/3
f 2350/2877/3 908/2878/3 2705/2879/3
f 2052/2880/3 908/2878/3 2350/2877/3
f 677/2881/3 2350/2882/3 910/2883/3
f 911/2884/3 2350/2882/3 677/2881/3
f 1878/2885/3 2350/2882/3 911/2884/3
f 2351/2886/3 2350/2882/3 1878/2885/3
f 2053/2887/3 2405/2888/3 912/2889/3
f 2406/2890/3 2405/2888/3 2053/2887/3
f 2103/2891/3 190/2892/3 2102/2893/3
f 913/2894/3 190/2892/3 2103/2891/3
f 914/2895/3 2088/2896/3 219/2897/3
f 915/2898/3 2088/2896/3 914/2895/3
f 2241/2899/3 916/2900/3 2240/2901/3
f 917/2902/3 916/2900/3 2241/2899/3
f 2234/2903/3 1846/2904/3 212/2905/3
f 918/2906/3 1846/2904/3 2234/2903/3
f 919/2907/3 661/2908/3 2054/2909/3
f 920/2910/3 661/2908/3 919/2907/3
f 921/2911/3 664/2912/3 2104/2913/3
f 691/2914/3 664/2912/3 921/2911/3
f 2407/2915/3 191/2916/3 922/2917/3
f 2089/2918/3 191/2916/3 2407/2915/3
f 2090/2919/3 191/2916/3 2089/2918/3
f 923/2920/3 2090/2919/3 2408/2921/3
f 924/2922/3 191/2916/3 2090/2919/3
f 924/2922/3 2090/2919/3 923/2920/3
f 925/2923/3 191/2916/3 924/2922/3
f 220/2924/3 191/2916/3 925/2923/3
f 2091/2925/3 927/2926/3 926/2927/3
f 2410/2928/3 2091/2925/3 928/2929/3
f 929/2930/3 927/2926/3 2091/2925/3
f 929/2930/3 2091/2925/3 2410/2928/3
f 2092/2931/3 927/2926/3 929/2930/3
f 682/2932/3 2092/2931/3 2411/2933/3
f 930/2934/3 927/2926/3 2092/2931/3
f 930/2934/3 2092/2931/3 682/2932/3
f 933/2935/3 176/2936/3 2352/2937/3
f 2417/2938/3 176/2936/3 933/2935/3
f 934/2939/3 932/2940/3 931/2941/3
f 2491/2942/3 932/2940/3 934/2939/3
f 935/2943/3 934/2939/3 931/2941/3
f 2096/2944/3 934/2939/3 935/2943/3
f 2105/2945/3 934/2939/3 2096/2944/3
f 215/2946/3 933/2935/3 2352/2937/3
f 936/2947/3 933/2935/3 215/2946/3
f 2056/2948/3 2055/2949/3 2353/2950/3
f 2098/2951/3 382/2952/3 937/2953/3
f 939/2954/3 684/2955/3 2098/2951/3
f 700/2956/3 939/2954/3 2098/2951/3
f 700/2956/3 2492/2957/3 939/2954/3
f 700/2956/3 2098/2951/3 937/2953/3
f 940/2958/3 2492/2957/3 700/2956/3
f 703/2959/3 2056/2948/3 2353/2950/3
f 703/2959/3 938/2960/3 2056/2948/3
f 2418/2961/3 938/2960/3 703/2959/3
f 1859/2962/3 942/2963/3 941/2964/3
f 1879/2965/3 942/2963/3 1859/2962/3
f 944/2966/3 1880/2967/3 943/2968/3
f 945/2969/3 1880/2967/3 944/2966/3
f 946/2970/3 2057/2971/3 2419/2972/3
f 947/2973/3 2057/2971/3 946/2970/3
f 686/2974/3 384/2975/3 948/2976/3
f 687/2977/3 384/2975/3 686/2974/3
f 1881/2978/3 2420/2979/3 142/2980/3
f 162/2981/3 2420/2979/3 1881/2978/3
f 175/2982/3 2420/2979/3 162/2981/3
f 951/2983/3 2420/2979/3 175/2982/3
f 2058/2984/3 950/2985/3 949/2986/3
f 2493/2987/3 950/2985/3 2058/2984/3
f 1860/2988/3 1881/2978/3 142/2980/3
f 1882/2989/3 1881/2978/3 1860/2988/3
f 201/2990/3 1860/2988/3 142/2980/3
f 952/2991/3 1860/2988/3 201/2990/3
f 211/2992/3 201/2990/3 142/2980/3
f 1847/2993/3 201/2990/3 211/2992/3
f 659/2994/3 211/2992/3 142/2980/3
f 1848/2995/3 660/2996/3 659/2994/3
f 953/2997/3 1861/2998/3 1848/2995/3
f 720/2999/3 685/3000/3 953/2997/3
f 2354/3001/3 707/3002/3 956/3003/3
f 957/3004/3 720/2999/3 953/2997/3
f 957/3004/3 2354/3001/3 720/2999/3
f 957/3004/3 953/2997/3 1848/2995/3
f 957/3004/3 1848/2995/3 659/2994/3
f 957/3004/3 659/2994/3 142/2980/3
f 2421/3005/3 707/3002/3 2354/3001/3
f 2421/3005/3 2354/3001/3 957/3004/3
f 735/3006/3 955/3007/3 954/3008/3
f 736/3009/3 955/3007/3 735/3006/3
f 2423/3010/3 958/3011/3 2422/3012/3
f 2060/3013/3 958/3011/3 2423/3010/3
f 961/3014/3 960/3015/3 959/3016/3
f 2061/3017/3 960/3015/3 961/3014/3
f 1823/3018/3 197/3019/3 962/3020/3
f 963/3021/3 197/3019/3 1823/3018/3
f 965/3022/3 964/3023/3 1824/3024/3
f 966/3025/3 964/3023/3 965/3022/3
f 1825/3026/3 671/3027/3 967/3028/3
f 1839/3029/3 671/3027/3 1825/3026/3
f 1822/3030/3 1826/3031/3 968/3032/3
f 718/3033/3 1826/3031/3 1822/3030/3
f 1819/3034/3 161/3035/3 1818/3036/3
f 969/3037/3 161/3035/3 1819/3034/3
f 971/3038/3 970/3039/3 2427/3040/3
f 498/3041/3 970/3039/3 971/3038/3
f 731/3042/3 2066/3043/3 397/3044/3
f 732/3045/3 2066/3043/3 731/3042/3
f 1840/3046/3 972/3047/3 1827/3048/3
f 2430/3049/3 972/3047/3 1840/3046/3
f 2724/3050/3 2496/3051/3 97/3052/3
f 494/3053/3 2496/3051/3 2724/3050/3
f 147/3054/3 1840/3046/3 1827/3048/3
f 973/3055/3 147/3054/3 145/3056/3
f 974/3057/3 1840/3046/3 147/3054/3
f 974/3057/3 147/3054/3 973/3055/3
f 975/3058/3 1378/3059/3 2332/3060/3
f 2338/3061/3 1378/3059/3 975/3058/3
f 1820/3062/3 973/3055/3 145/3056/3
f 1815/3063/3 1820/3062/3 145/3056/3
f 1815/3063/3 719/3064/3 1820/3062/3
f 1828/3065/3 719/3064/3 1815/3063/3
f 734/3066/3 719/3064/3 1828/3065/3
f 978/3067/3 734/3066/3 1828/3065/3
f 978/3067/3 976/3068/3 734/3066/3
f 979/3069/3 976/3068/3 978/3067/3
f 980/3070/3 977/3071/3 1382/3072/3
f 2497/3073/3 977/3071/3 980/3070/3
f 2370/3074/3 981/3075/3 2369/3076/3
f 2039/3077/3 981/3075/3 2370/3074/3
f 781/3078/3 412/3079/3 2371/3080/3
f 2040/3081/3 412/3079/3 781/3078/3
f 444/3082/3 983/3083/3 982/3084/3
f 446/3085/3 983/3083/3 444/3082/3
f 46/3086/3 444/3082/3 982/3084/3
f 1933/3087/3 983/3083/3 446/3085/3
f 453/3088/3 46/3086/3 982/3084/3
f 453/3088/3 1933/3087/3 46/3086/3
f 458/3089/3 983/3083/3 1933/3087/3
f 458/3089/3 1933/3087/3 453/3088/3
f 807/3090/3 2305/3091/3 984/3092/3
f 985/3093/3 2305/3091/3 807/3090/3
f 986/3094/3 807/3090/3 984/3092/3
f 1934/3095/3 2305/3091/3 985/3093/3
f 880/3096/3 986/3094/3 984/3092/3
f 880/3096/3 1934/3095/3 986/3094/3
f 987/3097/3 2305/3091/3 1934/3095/3
f 987/3097/3 1934/3095/3 880/3096/3
f 992/3098/3 991/3099/3 990/3100/3
f 993/3101/3 991/3099/3 992/3098/3
f 47/3102/3 989/3103/3 988/3104/3
f 994/3105/3 989/3103/3 47/3102/3
f 871/3106/3 437/3107/3 1982/3108/3
f 995/3109/3 437/3107/3 871/3106/3
f 996/3110/3 432/3111/3 431/3112/3
f 997/3113/3 432/3111/3 996/3110/3
f 1983/3114/3 2324/3115/3 998/3116/3
f 12/3117/3 2324/3115/3 1983/3114/3
f 1984/3118/3 2325/3119/3 999/3120/3
f 92/3121/3 2325/3119/3 1984/3118/3
f 436/3122/3 797/3123/3 795/3124/3
f 1000/3125/3 797/3123/3 436/3122/3
f 1986/3126/3 873/3127/3 1985/3128/3
f 1001/3129/3 873/3127/3 1986/3126/3
f 1915/3130/3 452/3131/3 449/3132/3
f 2308/3133/3 452/3131/3 1915/3130/3
f 1917/3134/3 1002/3135/3 1916/3136/3
f 2309/3137/3 1002/3135/3 1917/3134/3
f 445/3138/3 1004/3139/3 1003/3140/3
f 447/3141/3 1004/3139/3 445/3138/3
f 456/3142/3 2721/3143/3 1005/3144/3
f 1937/3145/3 2721/3143/3 456/3142/3
f 2728/3146/3 1007/3147/3 1006/3148/3
f 1938/3149/3 1007/3147/3 2728/3146/3
f 882/3150/3 1008/3151/3 2729/3152/3
f 883/3153/3 1008/3151/3 882/3150/3
f 2372/3154/3 1010/3155/3 1009/3156/3
f 2043/3157/3 1010/3155/3 2372/3154/3
f 1012/3158/3 413/3159/3 1011/3160/3
f 784/3161/3 413/3159/3 1012/3158/3
f 2652/3162/3 1013/3163/3 275/3164/3
f 1014/3165/3 1013/3163/3 2652/3162/3
f 313/3166/3 2652/3162/3 275/3164/3
f 314/3167/3 1013/3163/3 1014/3165/3
f 594/3168/3 313/3166/3 275/3164/3
f 594/3168/3 314/3167/3 313/3166/3
f 2669/3169/3 1013/3163/3 314/3167/3
f 2669/3169/3 314/3167/3 594/3168/3
f 1015/3170/3 243/3171/3 2209/3172/3
f 631/3173/3 243/3171/3 1015/3170/3
f 253/3174/3 1016/3175/3 244/3176/3
f 1018/3177/3 253/3174/3 2683/3178/3
f 565/3179/3 1016/3175/3 253/3174/3
f 565/3179/3 253/3174/3 1018/3177/3
f 299/3180/3 1016/3175/3 565/3179/3
f 2684/3181/3 299/3180/3 298/3182/3
f 576/3183/3 1016/3175/3 299/3180/3
f 576/3183/3 299/3180/3 2684/3181/3
f 1020/3184/3 2674/3185/3 1019/3186/3
f 578/3187/3 2674/3185/3 1020/3184/3
f 2654/3188/3 291/3189/3 2732/3190/3
f 315/3191/3 291/3189/3 2654/3188/3
f 1021/3192/3 1016/3175/3 576/3183/3
f 1022/3193/3 1021/3192/3 2685/3194/3
f 601/3195/3 1016/3175/3 1021/3192/3
f 601/3195/3 1021/3192/3 1022/3193/3
f 2212/3196/3 1016/3175/3 601/3195/3
f 615/3197/3 1017/3198/3 250/3199/3
f 617/3200/3 1017/3198/3 615/3197/3
f 1024/3201/3 2212/3196/3 1023/3202/3
f 620/3203/3 1016/3175/3 2212/3196/3
f 620/3203/3 2212/3196/3 1024/3201/3
f 2213/3204/3 1016/3175/3 620/3203/3
f 632/3205/3 1016/3175/3 2213/3204/3
f 1026/3206/3 2675/3207/3 1025/3208/3
f 1027/3209/3 2675/3207/3 1026/3206/3
f 1028/3210/3 2676/3211/3 2193/3212/3
f 587/3213/3 2676/3211/3 1028/3210/3
f 312/3214/3 2671/3215/3 2185/3216/3
f 1031/3217/3 2671/3215/3 312/3214/3
f 610/3218/3 2576/3219/3 1030/3220/3
f 2577/3221/3 2576/3219/3 610/3218/3
f 2195/3222/3 2678/3223/3 1029/3224/3
f 2679/3225/3 2678/3223/3 2195/3222/3
f 563/3226/3 254/3227/3 2689/3228/3
f 566/3229/3 254/3227/3 563/3226/3
f 289/3230/3 278/3231/3 2656/3232/3
f 2192/3233/3 278/3231/3 289/3230/3
f 1035/3234/3 1034/3235/3 2733/3236/3
f 2188/3237/3 1034/3235/3 1035/3234/3
f 2662/3238/3 1034/3235/3 2188/3237/3
f 597/3239/3 1034/3235/3 2662/3238/3
f 1036/3240/3 2662/3238/3 2188/3237/3
f 2663/3241/3 2662/3238/3 1036/3240/3
f 1037/3242/3 2210/3243/3 1033/3244/3
f 1038/3245/3 2210/3243/3 1037/3242/3
f 2691/3246/3 1039/3247/3 2690/3248/3
f 2218/3249/3 1039/3247/3 2691/3246/3
f 2204/3250/3 194/3251/3 1032/3252/3
f 1040/3253/3 194/3251/3 2204/3250/3
f 1042/3254/3 1041/3255/3 200/3256/3
f 2680/3257/3 1041/3255/3 1042/3254/3
f 1046/3258/3 2196/3259/3 2673/3260/3
f 1047/3261/3 2196/3259/3 1046/3258/3
f 1048/3262/3 1046/3258/3 2673/3260/3
f 2677/3263/3 2196/3259/3 1047/3261/3
f 1049/3264/3 573/3265/3 2657/3266/3
f 2189/3267/3 573/3265/3 1049/3264/3
f 1050/3268/3 1044/3269/3 2664/3270/3
f 316/3271/3 1044/3269/3 1050/3268/3
f 592/3272/3 288/3273/3 1043/3274/3
f 595/3275/3 288/3273/3 592/3272/3
f 598/3276/3 2677/3263/3 1048/3262/3
f 598/3276/3 1048/3262/3 2673/3260/3
f 1051/3277/3 2196/3259/3 2677/3263/3
f 1051/3277/3 2677/3263/3 598/3276/3
f 600/3278/3 2206/3279/3 1045/3280/3
f 1052/3281/3 2206/3279/3 600/3278/3
f 2681/3282/3 1041/3255/3 2680/3257/3
f 1054/3283/3 2681/3282/3 1053/3284/3
f 1055/3285/3 1041/3255/3 2681/3282/3
f 1055/3285/3 2681/3282/3 1054/3283/3
f 2693/3286/3 1057/3287/3 1056/3288/3
f 588/3289/3 1057/3287/3 2693/3286/3
f 2048/3290/3 1059/3291/3 1058/3292/3
f 2029/3293/3 2048/3290/3 1058/3292/3
f 2029/3293/3 492/3294/3 2048/3290/3
f 495/3295/3 492/3294/3 2029/3293/3
f 2341/3296/3 510/3297/3 1060/3298/3
f 1061/3299/3 510/3297/3 2341/3296/3
f 393/3300/3 1062/3301/3 2344/3302/3
f 2355/3303/3 1062/3301/3 393/3300/3
f 1063/3304/3 402/3305/3 2376/3306/3
f 1064/3307/3 402/3305/3 1063/3304/3
f 2377/3308/3 1063/3304/3 2376/3306/3
f 1468/3309/3 1063/3304/3 2377/3308/3
f 490/3310/3 2031/3311/3 2025/3312/3
f 1065/3313/3 2031/3311/3 490/3310/3
f 564/3314/3 255/3315/3 1066/3316/3
f 2219/3317/3 255/3315/3 564/3314/3
f 2695/3318/3 308/3319/3 1067/3320/3
f 1068/3321/3 308/3319/3 2695/3318/3
f 619/3322/3 332/3323/3 329/3324/3
f 622/3325/3 332/3323/3 619/3322/3
f 2223/3326/3 320/3327/3 1069/3328/3
f 624/3329/3 320/3327/3 2223/3326/3
f 1070/3330/3 320/3327/3 624/3329/3
f 1071/3331/3 320/3327/3 1070/3330/3
f 647/3332/3 1072/3333/3 2226/3334/3
f 648/3335/3 1072/3333/3 647/3332/3
f 2229/3336/3 1072/3333/3 648/3335/3
f 1073/3337/3 1072/3333/3 2229/3336/3
f 2026/3338/3 1074/3339/3 406/3340/3
f 1075/3341/3 1074/3339/3 2026/3338/3
f 1076/3342/3 309/3343/3 2701/3344/3
f 2224/3345/3 309/3343/3 1076/3342/3
f 1077/3346/3 309/3343/3 2224/3345/3
f 2702/3347/3 309/3343/3 1077/3346/3
f 644/3348/3 338/3349/3 2227/3350/3
f 1078/3351/3 338/3349/3 644/3348/3
f 2230/3352/3 351/3353/3 1492/3354/3
f 1079/3355/3 351/3353/3 2230/3352/3
f 2035/3356/3 1081/3357/3 1080/3358/3
f 496/3359/3 1081/3357/3 2035/3356/3
f 2348/3360/3 2359/3361/3 2347/3362/3
f 1082/3363/3 2359/3361/3 2348/3360/3
f 1084/3364/3 392/3365/3 1083/3366/3
f 2360/3367/3 392/3365/3 1084/3364/3
f 1085/3368/3 403/3369/3 400/3370/3
f 2393/3371/3 403/3369/3 1085/3368/3
f 2237/3372/3 1883/3373/3 101/3374/3
f 125/3375/3 1883/3373/3 2237/3372/3
f 2246/3376/3 1887/3377/3 1515/3378/3
f 1086/3379/3 1887/3377/3 2246/3376/3
f 131/3380/3 1898/3381/3 2256/3382/3
f 1087/3383/3 1898/3381/3 131/3380/3
f 2263/3384/3 1517/3385/3 1516/3386/3
f 1920/3387/3 1517/3385/3 2263/3384/3
f 2295/3388/3 105/3389/3 2294/3390/3
f 1088/3391/3 105/3389/3 2295/3388/3
f 1089/3392/3 1518/3393/3 106/3394/3
f 2015/3395/3 1518/3393/3 1089/3392/3
f 767/3396/3 1884/3397/3 2238/3398/3
f 1519/3399/3 1884/3397/3 767/3396/3
f 1093/3400/3 749/3401/3 745/3402/3
f 1888/3403/3 749/3401/3 1093/3400/3
f 1520/3404/3 753/3405/3 751/3406/3
f 1521/3407/3 753/3405/3 1520/3404/3
f 772/3408/3 1090/3409/3 2264/3410/3
f 774/3411/3 1090/3409/3 772/3408/3
f 1094/3412/3 1941/3413/3 2296/3414/3
f 1522/3415/3 1941/3413/3 1094/3412/3
f 1095/3416/3 1092/3417/3 1091/3418/3
f 1096/3419/3 1092/3417/3 1095/3416/3
f 693/3420/3 1098/3421/3 1097/3422/3
f 1101/3423/3 1098/3421/3 693/3420/3
f 695/3424/3 1099/3425/3 364/3426/3
f 698/3427/3 1099/3425/3 695/3424/3
f 1102/3428/3 2478/3429/3 1100/3430/3
f 2479/3431/3 2478/3429/3 1102/3428/3
f 2020/3432/3 2480/3433/3 2019/3434/3
f 2361/3435/3 2480/3433/3 2020/3432/3
f 365/3436/3 2480/3433/3 2361/3435/3
f 1103/3437/3 2480/3433/3 365/3436/3
f 368/3438/3 2480/3433/3 1103/3437/3
f 371/3439/3 2480/3433/3 368/3438/3
f 694/3440/3 365/3436/3 2361/3435/3
f 696/3441/3 365/3436/3 694/3440/3
f 1104/3442/3 368/3438/3 1103/3437/3
f 2070/3443/3 368/3438/3 1104/3442/3
f 1105/3444/3 696/3441/3 694/3440/3
f 1105/3444/3 2481/3445/3 2070/3443/3
f 1105/3444/3 2070/3443/3 1104/3442/3
f 1105/3444/3 1104/3442/3 696/3441/3
f 1105/3444/3 694/3440/3 2021/3446/3
f 704/3447/3 2481/3445/3 1105/3444/3
f 708/3448/3 2481/3445/3 704/3447/3
f 450/3449/3 1107/3450/3 1106/3451/3
f 1922/3452/3 1107/3450/3 450/3449/3
f 2265/3453/3 450/3449/3 1106/3451/3
f 1923/3454/3 1107/3450/3 1922/3452/3
f 1901/3455/3 2265/3453/3 1106/3451/3
f 1901/3455/3 1923/3454/3 2265/3453/3
f 1108/3456/3 1107/3450/3 1923/3454/3
f 1108/3456/3 1923/3454/3 1901/3455/3
f 2022/3457/3 1110/3458/3 1109/3459/3
f 2362/3460/3 1110/3458/3 2022/3457/3
f 359/3461/3 1111/3462/3 355/3463/3
f 2435/3464/3 1111/3462/3 359/3461/3
f 2072/3465/3 1112/3466/3 2071/3467/3
f 2482/3468/3 1112/3466/3 2072/3465/3
f 2049/3469/3 1113/3470/3 705/3471/3
f 1114/3472/3 1113/3470/3 2049/3469/3
f 712/3473/3 2484/3474/3 2073/3475/3
f 2485/3476/3 2484/3474/3 712/3473/3
f 804/3477/3 2298/3478/3 414/3479/3
f 806/3480/3 2298/3478/3 804/3477/3
f 440/3481/3 804/3477/3 414/3479/3
f 1115/3482/3 2298/3478/3 806/3480/3
f 1902/3483/3 440/3481/3 414/3479/3
f 1902/3483/3 1115/3482/3 440/3481/3
f 1116/3484/3 2298/3478/3 1115/3482/3
f 1116/3484/3 1115/3482/3 1902/3483/3
f 1942/3485/3 2313/3486/3 1117/3487/3
f 1118/3488/3 2313/3486/3 1942/3485/3
f 2267/3489/3 7/3490/3 1527/3491/3
f 2719/3492/3 7/3490/3 2267/3489/3
f 2443/3493/3 1120/3494/3 1119/3495/3
f 2489/3496/3 1120/3494/3 2443/3493/3
f 1123/3497/3 1122/3498/3 1943/3499/3
f 2314/3500/3 1122/3498/3 1123/3497/3
f 866/3501/3 1121/3502/3 2727/3503/3
f 868/3504/3 1121/3502/3 866/3501/3
f 2704/3505/3 2315/3506/3 1124/3507/3
f 27/3508/3 2315/3506/3 2704/3505/3
f 1125/3509/3 2704/3510/3 2299/3511/3
f 2711/3512/3 2704/3510/3 1125/3509/3
f 1127/3513/3 1126/3514/3 2711/3515/3
f 2316/3516/3 1126/3514/3 1127/3513/3
f 2445/3517/3 386/3518/3 385/3519/3
f 1128/3520/3 386/3518/3 2445/3517/3
f 1129/3521/3 777/3522/3 1944/3523/3
f 2317/3524/3 777/3522/3 1129/3521/3
f 1130/3525/3 1129/3526/3 2300/3527/3
f 2722/3528/3 1129/3526/3 1130/3525/3
f 870/3529/3 846/3530/3 2722/3531/3
f 2318/3532/3 846/3530/3 870/3529/3
f 678/3533/3 375/3534/3 373/3535/3
f 1131/3536/3 375/3534/3 678/3533/3
f 6/3537/3 1926/3538/3 2/3539/3
f 1132/3540/3 1926/3538/3 6/3537/3
f 2269/3541/3 1927/3542/3 455/3543/3
f 1928/3544/3 1927/3542/3 2269/3541/3
f 675/3545/3 378/3546/3 2501/3547/3
f 676/3548/3 378/3546/3 675/3545/3
f 1549/3549/3 417/3550/3 416/3551/3
f 429/3552/3 417/3550/3 1549/3549/3
f 877/3553/3 443/3554/3 867/3555/3
f 1929/3556/3 443/3554/3 877/3553/3
f 2335/3557/3 2363/3558/3 2334/3559/3
f 650/3560/3 2363/3558/3 2335/3557/3
f 390/3561/3 668/3562/3 1133/3563/3
f 1134/3564/3 668/3562/3 390/3561/3
f 651/3565/3 2383/3566/3 1135/3567/3
f 652/3568/3 2383/3566/3 651/3565/3
f 1905/3569/3 3/3570/3 1/3571/3
f 1136/3572/3 3/3570/3 1905/3569/3
f 876/3573/3 1138/3574/3 1137/3575/3
f 878/3576/3 1138/3574/3 876/3573/3
f 28/3577/3 2328/3578/3 11/3579/3
f 33/3580/3 2328/3578/3 28/3577/3
f 2439/3581/3 28/3577/3 1139/3582/3
f 2439/3581/3 33/3580/3 28/3577/3
f 2439/3581/3 34/3583/3 33/3580/3
f 70/3584/3 2527/3585/3 35/3586/3
f 1140/3587/3 2439/3581/3 1139/3582/3
f 1140/3587/3 70/3584/3 2439/3581/3
f 109/3588/3 70/3584/3 1140/3587/3
f 112/3589/3 70/3584/3 109/3588/3
f 1141/3590/3 70/3584/3 112/3589/3
f 1142/3591/3 112/3589/3 109/3588/3
f 1143/3592/3 70/3584/3 1141/3590/3
f 1144/3593/3 1142/3591/3 109/3588/3
f 1144/3593/3 1143/3592/3 1142/3591/3
f 218/3594/3 1144/3593/3 518/3595/3
f 2384/3596/3 1143/3592/3 1144/3593/3
f 2384/3596/3 1144/3593/3 218/3594/3
f 547/3597/3 70/3584/3 1143/3592/3
f 547/3597/3 1143/3592/3 2384/3596/3
f 548/3598/3 2527/3585/3 70/3584/3
f 548/3598/3 70/3584/3 547/3597/3
f 2385/3599/3 547/3597/3 2384/3596/3
f 346/3600/3 547/3597/3 2385/3599/3
f 1147/3601/3 2385/3599/3 1145/3602/3
f 1147/3601/3 1146/3603/3 346/3600/3
f 1147/3601/3 346/3600/3 2385/3599/3
f 2367/3604/3 1146/3603/3 1147/3601/3
f 401/3605/3 1146/3603/3 2367/3604/3
f 404/3606/3 1146/3603/3 401/3605/3
f 1148/3607/3 401/3605/3 2367/3604/3
f 2036/3608/3 401/3605/3 1148/3607/3
f 1149/3609/3 1146/3603/3 404/3606/3
f 1150/3610/3 2036/3608/3 1148/3607/3
f 1150/3610/3 1149/3609/3 2036/3608/3
f 1150/3610/3 1146/3603/3 1149/3609/3
f 1150/3610/3 1148/3607/3 775/3611/3
f 824/3612/3 1146/3603/3 1150/3610/3
f 835/3613/3 1150/3610/3 775/3611/3
f 848/3614/3 1150/3610/3 835/3613/3
f 1151/3615/3 1150/3610/3 848/3614/3
f 1152/3616/3 1150/3610/3 1151/3615/3
f 2106/3617/3 1146/3603/3 824/3612/3
f 2528/3618/3 1146/3603/3 2106/3617/3
f 1991/3619/3 1151/3615/3 848/3614/3
f 874/3620/3 1151/3615/3 1991/3619/3
f 127/3621/3 2248/3622/3 103/3623/3
f 1153/3624/3 2248/3622/3 127/3621/3
f 2243/3625/3 746/3626/3 1154/3627/3
f 1155/3628/3 746/3626/3 2243/3625/3
f 1156/3629/3 2449/3630/3 2394/3631/3
f 1157/3632/3 2449/3630/3 1156/3629/3
f 535/3633/3 141/3634/3 1158/3635/3
f 1159/3636/3 141/3634/3 535/3633/3
f 72/3637/3 1160/3638/3 2107/3639/3
f 2510/3640/3 1160/3638/3 72/3637/3
f 2510/3640/3 72/3637/3 1161/3641/3
f 470/3642/3 2510/3640/3 1161/3641/3
f 477/3643/3 2510/3640/3 470/3642/3
f 1162/3644/3 2511/3645/3 2452/3646/3
f 2453/3647/3 1162/3644/3 2452/3646/3
f 1163/3648/3 1162/3644/3 2453/3647/3
f 2108/3649/3 1162/3644/3 1163/3648/3
f 858/3650/3 1162/3644/3 2108/3649/3
f 53/3651/3 29/3652/3 1947/3653/3
f 60/3654/3 29/3652/3 53/3651/3
f 1165/1604/3 2600/3655/3 1164/3656/3
f 2601/1606/3 2600/3655/3 1165/1604/3
f 842/3657/3 1992/3658/3 1948/3659/3
f 1166/3660/3 1992/3658/3 842/3657/3
f 49/3661/3 1167/3662/3 19/3663/3
f 1949/3664/3 1167/3662/3 49/3661/3
f 81/3665/3 16/3666/3 13/3667/3
f 1866/3668/3 81/3665/3 80/3669/3
f 1168/3670/3 81/3665/3 1866/3668/3
f 1169/3671/3 1866/3668/3 80/3669/3
f 1867/3672/3 1866/3668/3 1169/3671/3
f 128/3673/3 81/3665/3 1168/3670/3
f 134/3674/3 16/3666/3 81/3665/3
f 134/3674/3 81/3665/3 128/3673/3
f 519/3675/3 1171/3676/3 1170/3677/3
f 520/3678/3 1171/3676/3 519/3675/3
f 762/3679/3 1173/3680/3 1172/3681/3
f 768/3682/3 1906/3683/3 1174/3684/3
f 1854/3685/3 762/3679/3 1172/3681/3
f 1854/3685/3 768/3682/3 762/3679/3
f 801/3686/3 1906/3683/3 768/3682/3
f 801/3686/3 768/3682/3 1854/3685/3
f 1889/3687/3 1906/3683/3 801/3686/3
f 1907/3688/3 1906/3683/3 1889/3687/3
f 837/3689/3 812/3690/3 2273/3691/3
f 1175/3692/3 812/3690/3 837/3689/3
f 73/3693/3 1177/3694/3 1176/3695/3
f 2514/3696/3 1177/3694/3 73/3693/3
f 2514/3696/3 73/3693/3 64/3697/3
f 1178/3698/3 2514/3696/3 64/3697/3
f 478/3699/3 2514/3696/3 1178/3698/3
f 1182/3700/3 302/3701/3 1181/3702/3
f 1183/3703/3 302/3701/3 1182/3700/3
f 2454/3704/3 1180/3705/3 1179/3706/3
f 2552/3707/3 1180/3705/3 2454/3704/3
f 2515/3708/3 1184/3709/3 2455/3710/3
f 823/3711/3 2515/3708/3 2455/3710/3
f 826/3712/3 2515/3708/3 823/3711/3
f 2110/3713/3 2515/3708/3 826/3712/3
f 2134/3714/3 2515/3708/3 2110/3713/3
f 1186/3715/3 2641/3716/3 1185/3717/3
f 2635/3718/3 2641/3716/3 1186/3715/3
f 580/3719/3 1186/3715/3 1185/3717/3
f 2636/3720/3 2641/3716/3 2635/3718/3
f 590/3721/3 580/3719/3 1185/3717/3
f 590/3721/3 2636/3720/3 580/3719/3
f 2642/3722/3 2641/3716/3 2636/3720/3
f 2642/3722/3 2636/3720/3 590/3721/3
f 2563/3723/3 179/3724/3 2562/3725/3
f 2579/3726/3 179/3724/3 2563/3723/3
f 2581/3727/3 184/3728/3 2580/3729/3
f 2604/3730/3 184/3728/3 2581/3727/3
f 1188/3731/3 2136/3732/3 37/3733/3
f 460/3734/3 2136/3732/3 1188/3731/3
f 460/3734/3 1188/3731/3 1187/3735/3
f 473/3736/3 460/3734/3 1187/3735/3
f 480/3737/3 460/3734/3 473/3736/3
f 1191/3738/3 1190/3739/3 1189/3740/3
f 1192/3741/3 1191/3738/3 1189/3740/3
f 828/3742/3 1191/3738/3 1192/3741/3
f 852/3743/3 1191/3738/3 828/3742/3
f 860/3744/3 1191/3738/3 852/3743/3
f 2591/3745/3 2590/3746/3 2154/3747/3
f 2177/3748/3 1193/3749/3 234/3750/3
f 1195/3751/3 1193/3749/3 2177/3748/3
f 2181/3752/3 236/3753/3 1194/3754/3
f 2155/3755/3 1195/3751/3 2177/3748/3
f 2155/3755/3 2181/3752/3 1195/3751/3
f 2155/3755/3 2591/3745/3 2154/3747/3
f 2155/3755/3 2177/3748/3 2591/3745/3
f 262/3756/3 236/3753/3 2181/3752/3
f 262/3756/3 2181/3752/3 2155/3755/3
f 1197/3757/3 2155/3758/3 261/3759/3
f 286/3760/3 2155/3758/3 1197/3757/3
f 1199/3761/3 2584/3762/3 1198/3763/3
f 2585/3764/3 2584/3762/3 1199/3761/3
f 2712/3765/3 1196/3766/3 262/3767/3
f 613/3768/3 1196/3766/3 2712/3765/3
f 1200/3769/3 2712/1022/3 2585/1015/3
f 1201/3770/3 2712/1022/3 1200/3769/3
f 55/3771/3 1202/3772/3 1953/3773/3
f 61/3774/3 1202/3772/3 55/3771/3
f 569/3775/3 2152/3776/3 1204/3777/3
f 570/3778/3 2152/3776/3 569/3775/3
f 1207/3779/3 265/3780/3 264/3781/3
f 1208/3782/3 265/3780/3 1207/3779/3
f 2456/3783/3 2503/3784/3 1203/3785/3
f 269/3786/3 2503/3784/3 2456/3783/3
f 1210/3787/3 1206/3788/3 1205/3789/3
f 2707/3790/3 1206/3788/3 1210/3787/3
f 305/3791/3 1207/3779/3 264/3781/3
f 310/3792/3 2152/3776/3 570/3778/3
f 1211/3793/3 305/3791/3 264/3781/3
f 1211/3793/3 2665/3794/3 305/3791/3
f 1212/3795/3 2665/3794/3 1211/3793/3
f 2555/3796/3 310/3792/3 1638/3797/3
f 1213/3798/3 2152/3776/3 310/3792/3
f 1213/3798/3 310/3792/3 2555/3796/3
f 1214/3799/3 1210/3800/3 1209/3801/3
f 2713/3802/3 1210/3800/3 1214/3799/3
f 582/3803/3 304/3804/3 2707/3805/3
f 585/3806/3 304/3804/3 582/3803/3
f 1216/1005/3 2152/3776/3 1213/3798/3
f 1217/1011/3 1211/3793/3 264/3781/3
f 2148/3807/3 1216/1005/3 1215/1007/3
f 2153/3808/3 2152/3776/3 1216/1005/3
f 2153/3808/3 1216/1005/3 2148/3807/3
f 325/3809/3 582/3810/3 2713/3811/3
f 326/3812/3 582/3810/3 325/3809/3
f 1218/3813/3 322/1009/3 1217/1011/3
f 1218/3813/3 1217/1011/3 264/3781/3
f 2666/3814/3 322/1009/3 1218/3813/3
f 1220/3815/3 1219/3816/3 2157/3817/3
f 1221/3818/3 1219/3816/3 1220/3815/3
f 629/3819/3 1219/3816/3 1221/3818/3
f 1222/3820/3 1219/3816/3 629/3819/3
f 638/3821/3 604/3822/3 2457/3823/3
f 2504/3824/3 604/3822/3 638/3821/3
f 639/3825/3 1220/3815/3 2157/3817/3
f 1223/3826/3 1220/3815/3 639/3825/3
f 1224/3827/3 629/3819/3 1221/3818/3
f 642/3828/3 629/3819/3 1224/3827/3
f 1225/3829/3 1219/3816/3 1222/3820/3
f 2650/3830/3 1219/3816/3 1225/3829/3
f 843/3831/3 821/3832/3 1954/3833/3
f 1994/3834/3 821/3832/3 843/3831/3
f 2276/3835/3 25/3836/3 20/3837/3
f 1955/3838/3 25/3836/3 2276/3835/3
f 1227/3839/3 1226/3840/3 1892/3841/3
f 1870/3842/3 1227/3839/3 77/3843/3
f 1228/3844/3 1227/3839/3 1870/3842/3
f 1229/3845/3 1870/3842/3 77/3843/3
f 120/3846/3 1870/3842/3 1229/3845/3
f 129/3847/3 1227/3839/3 1228/3844/3
f 135/3848/3 1226/3840/3 1227/3839/3
f 135/3848/3 1227/3839/3 129/3847/3
f 1230/3849/3 743/3850/3 738/3851/3
f 2252/3852/3 754/3853/3 2251/3854/3
f 1231/3855/3 1230/3849/3 738/3851/3
f 1231/3855/3 2252/3852/3 1230/3849/3
f 1232/3856/3 754/3853/3 2252/3852/3
f 1232/3856/3 2252/3852/3 1231/3855/3
f 1234/3857/3 754/3853/3 1232/3856/3
f 832/3858/3 754/3853/3 1234/3857/3
f 2277/3859/3 814/3860/3 1233/3861/3
f 1235/3862/3 814/3860/3 2277/3859/3
f 74/3863/3 44/3864/3 2113/3865/3
f 2517/3866/3 44/3864/3 74/3863/3
f 2517/3866/3 74/3863/3 67/3867/3
f 2459/3868/3 2517/3866/3 67/3867/3
f 1236/3869/3 2517/3866/3 2459/3868/3
f 1237/3870/3 2535/3871/3 113/3872/3
f 2536/3873/3 2535/3871/3 1237/3870/3
f 2460/3874/3 1239/3875/3 1238/3876/3
f 2537/3877/3 1239/3875/3 2460/3874/3
f 2137/3878/3 2518/3879/3 1240/3880/3
f 2461/3881/3 2137/3878/3 1240/3880/3
f 2114/3882/3 2137/3878/3 2461/3881/3
f 853/3883/3 2137/3878/3 2114/3882/3
f 1241/3884/3 2137/3878/3 853/3883/3
f 1243/3885/3 1242/3886/3 2538/3887/3
f 523/3888/3 1242/3886/3 1243/3885/3
f 2116/3889/3 1244/3890/3 40/3891/3
f 463/3892/3 1244/3890/3 2116/3889/3
f 463/3892/3 2116/3889/3 1245/3893/3
f 2463/3894/3 463/3892/3 1245/3893/3
f 2519/3895/3 463/3892/3 2463/3894/3
f 2520/3896/3 426/3897/3 421/3898/3
f 2464/3899/3 2520/3896/3 421/3898/3
f 1246/3900/3 2520/3896/3 2464/3899/3
f 854/3901/3 2520/3896/3 1246/3900/3
f 861/3902/3 2520/3896/3 854/3901/3
f 2539/3903/3 2588/3904/3 192/3905/3
f 537/3906/3 2588/3904/3 2539/3903/3
f 1249/3907/3 1248/3908/3 1247/3909/3
f 1996/3910/3 1248/3908/3 1249/3907/3
f 513/3911/3 151/3912/3 2606/3913/3
f 515/3914/3 151/3912/3 513/3911/3
f 1251/3915/3 1250/3916/3 196/3917/3
f 2610/3918/3 1250/3916/3 1251/3915/3
f 1959/3919/3 1252/3920/3 816/3921/3
f 1253/3922/3 1252/3920/3 1959/3919/3
f 2280/3923/3 1960/3924/3 2279/3925/3
f 1254/3926/3 1960/3924/3 2280/3923/3
f 1255/3927/3 18/3928/3 15/3929/3
f 1872/3930/3 1255/3927/3 1850/3931/3
f 1256/3932/3 1255/3927/3 1872/3930/3
f 1851/3933/3 1872/3930/3 1850/3931/3
f 122/3934/3 1872/3930/3 1851/3933/3
f 1257/3935/3 1255/3927/3 1256/3932/3
f 1258/3936/3 18/3928/3 1255/3927/3
f 1258/3936/3 1255/3927/3 1257/3935/3
f 504/3937/3 1259/3938/3 503/3939/3
f 506/3940/3 1259/3938/3 504/3937/3
f 764/3941/3 1873/3942/3 740/3943/3
f 770/3944/3 755/3945/3 1260/3946/3
f 800/3947/3 764/3941/3 740/3943/3
f 800/3947/3 770/3944/3 764/3941/3
f 1261/3948/3 755/3945/3 770/3944/3
f 1261/3948/3 770/3944/3 800/3947/3
f 1263/3949/3 755/3945/3 1261/3948/3
f 833/3950/3 755/3945/3 1263/3949/3
f 1264/3951/3 1262/3952/3 2281/3953/3
f 1265/3954/3 1262/3952/3 1264/3951/3
f 2619/3955/3 1266/3956/3 502/3957/3
f 165/3958/3 1266/3956/3 2619/3955/3
f 76/3959/3 45/3960/3 1267/3961/3
f 465/3962/3 45/3960/3 76/3959/3
f 465/3962/3 76/3959/3 2468/3963/3
f 1268/3964/3 465/3962/3 2468/3963/3
f 484/3965/3 465/3962/3 1268/3964/3
f 430/3966/3 427/3967/3 2469/3968/3
f 2470/3969/3 430/3966/3 2469/3968/3
f 2118/3970/3 430/3966/3 2470/3969/3
f 1269/3971/3 430/3966/3 2118/3970/3
f 863/3972/3 430/3966/3 1269/3971/3
f 2542/3973/3 198/3974/3 1270/3975/3
f 2570/3976/3 198/3974/3 2542/3973/3
f 540/3977/3 205/3978/3 2571/3979/3
f 1271/3980/3 205/3978/3 540/3977/3
f 1274/3981/3 1272/3982/3 2120/3983/3
f 2142/3984/3 1272/3982/3 1274/3981/3
f 2142/3984/3 1274/3981/3 1273/3985/3
f 2472/3986/3 2142/3984/3 1273/3985/3
f 486/3987/3 2142/3984/3 2472/3986/3
f 1276/3988/3 428/3989/3 1275/3990/3
f 2475/3991/3 1276/3988/3 1275/3990/3
f 830/3992/3 1276/3988/3 2475/3991/3
f 856/3993/3 1276/3988/3 830/3992/3
f 864/3994/3 1276/3988/3 856/3993/3
f 58/3995/3 32/3996/3 1277/3997/3
f 1278/3998/3 32/3996/3 58/3995/3
f 1963/3999/3 1999/4000/3 1279/4001/3
f 850/4002/3 1999/4000/3 1963/3999/3
f 1280/4003/3 26/4004/3 22/4005/3
f 59/4006/3 26/4004/3 1280/4003/3
f 1281/4007/3 818/4008/3 2284/4009/3
f 845/4010/3 818/4008/3 1281/4007/3
f 2573/4011/3 2572/4012/3 168/4013/3
f 2592/4014/3 1282/4015/3 2573/4011/3
f 539/4016/3 2573/4011/3 168/4013/3
f 539/4016/3 199/4017/3 2592/4014/3
f 539/4016/3 2592/4014/3 2573/4011/3
f 2161/4018/3 199/4017/3 539/4016/3
f 545/4019/3 199/4017/3 2161/4018/3
f 1283/4020/3 199/4017/3 545/4019/3
f 1284/4021/3 539/4016/3 168/4013/3
f 2165/4022/3 199/4017/3 1283/4020/3
f 223/4023/3 199/4017/3 2165/4022/3
f 1285/4024/3 1284/4021/3 168/4013/3
f 1285/4024/3 2620/4025/3 223/4023/3
f 1285/4024/3 223/4023/3 2165/4022/3
f 1285/4024/3 2165/4022/3 1284/4021/3
f 1286/4026/3 2620/4025/3 1285/4024/3
f 2546/4027/3 1285/4024/3 168/4013/3
f 2168/4028/3 2620/4025/3 1286/4026/3
f 238/4029/3 2620/4025/3 2168/4028/3
f 1288/4030/3 2546/4027/3 168/4013/3
f 1288/4030/3 1287/4031/3 238/4029/3
f 1288/4030/3 238/4029/3 2168/4028/3
f 1288/4030/3 2168/4028/3 2546/4027/3
f 2174/4032/3 1287/4031/3 1288/4030/3
f 300/4033/3 1288/4030/3 168/4013/3
f 2175/4034/3 1287/4031/3 2174/4032/3
f 1289/4035/3 300/4033/3 168/4013/3
f 1289/4035/3 2175/4034/3 300/4033/3
f 581/4036/3 1287/4031/3 2175/4034/3
f 581/4036/3 2175/4034/3 1289/4035/3
f 324/4037/3 1289/4035/3 168/4013/3
f 1290/4038/3 1287/4031/3 581/4036/3
f 1291/4039/3 324/4037/3 168/4013/3
f 1291/4039/3 1290/4038/3 324/4037/3
f 627/4040/3 1290/4038/3 1291/4039/3
f 2621/4041/3 1287/4031/3 1290/4038/3
f 2621/4041/3 1290/4038/3 627/4040/3
f 1292/4042/3 1287/4031/3 2621/4041/3
f 1293/4043/3 1291/4039/3 168/4013/3
f 343/4044/3 2621/4041/3 627/4040/3
f 2547/4045/3 1293/4043/3 168/4013/3
f 2547/4045/3 343/4044/3 1293/4043/3
f 2166/4046/3 343/4044/3 2547/4045/3
f 657/4047/3 2621/4041/3 343/4044/3
f 657/4047/3 343/4044/3 2166/4046/3
f 1294/4048/3 2621/4041/3 657/4047/3
f 349/4049/3 657/4047/3 2166/4046/3
f 2548/4050/3 2547/4045/3 168/4013/3
f 2162/4051/3 349/4049/3 348/4052/3
f 2593/4053/3 349/4049/3 2162/4051/3
f 2593/4053/3 2162/4051/3 2548/4050/3
f 1295/4054/3 657/4047/3 349/4049/3
f 1295/4054/3 349/4049/3 2593/4053/3
f 1296/4055/3 2593/4053/3 2548/4050/3
f 1297/4056/3 2593/4053/3 1296/4055/3
f 1298/4057/3 2548/4050/3 168/4013/3
f 1298/4057/3 1296/4055/3 2548/4050/3
f 716/4058/3 1296/4055/3 1298/4057/3
f 2124/4059/3 2146/4060/3 1299/4061/3
f 1300/4062/3 2146/4060/3 2124/4059/3
f 1300/4062/3 2124/4059/3 69/4063/3
f 2125/4064/3 1300/4062/3 69/4063/3
f 2125/4064/3 467/4065/3 1300/4062/3
f 1301/4066/3 467/4065/3 2125/4064/3
f 2163/4067/3 541/4068/3 1302/4069/3
f 221/4070/3 2163/4067/3 1302/4069/3
f 221/4070/3 546/4071/3 2163/4067/3
f 222/4072/3 546/4071/3 221/4070/3
f 1303/4073/3 2169/4074/3 2549/4075/3
f 1304/4076/3 2169/4074/3 1303/4073/3
f 1305/4077/3 560/4078/3 559/4079/3
f 1306/4080/3 560/4078/3 1305/4077/3
f 1308/4081/3 272/4082/3 270/4083/3
f 1309/4084/3 272/4082/3 1308/4081/3
f 1310/4085/3 2176/4086/3 1307/4087/3
f 1311/4088/3 2176/4086/3 1310/4085/3
f 1312/4089/3 2170/4090/3 2550/4091/3
f 2171/4092/3 2170/4090/3 1312/4089/3
f 2164/4093/3 656/4094/3 1313/4095/3
f 2167/4096/3 656/4094/3 2164/4093/3
f 2551/4097/3 2164/4093/3 1313/4095/3
f 372/4098/3 2164/4093/3 2551/4097/3
f 1314/4099/3 2125/4064/3 69/4063/3
f 1315/4100/3 2529/4101/3 1314/4099/3
f 2530/4102/3 2529/4101/3 1315/4100/3
f 1316/4103/3 1314/4099/3 69/4063/3
f 1316/4103/3 1315/4100/3 1314/4099/3
f 1317/4104/3 1315/4100/3 1316/4103/3
f 1318/4105/3 1315/4100/3 1317/4104/3
f 865/4106/3 1315/4100/3 1318/4105/3
f 2558/4107/3 2557/4108/3 2531/4109/3
f 2532/4110/3 2558/4107/3 2531/4109/3
f 2532/4110/3 2566/4111/3 2558/4107/3
f 2567/4112/3 2566/4111/3 2532/4110/3
f 180/4113/3 177/4114/3 2574/4115/3
f 1319/4116/3 177/4114/3 180/4113/3
f 2594/4117/3 2607/4118/3 1320/4119/3
f 534/4120/3 2607/4118/3 2594/4117/3
f 2613/4121/3 210/4122/3 1321/4123/3
f 2622/4124/3 210/4122/3 2613/4121/3
f 2623/4125/3 1322/4126/3 233/4127/3
f 557/4128/3 1322/4126/3 2623/4125/3
f 2632/4129/3 1324/4130/3 1323/4131/3
f 2706/4132/3 1324/4130/3 2632/4129/3
f 303/4133/3 2644/4134/3 2706/4135/3
f 1326/4136/3 303/4133/3 2706/4135/3
f 1326/4136/3 1325/4137/3 303/4133/3
f 2647/4138/3 1325/4137/3 1326/4136/3
f 2710/4139/3 1326/4136/3 2706/4135/3
f 1327/4140/3 1326/4136/3 2710/4139/3
f 612/4141/3 2710/4142/3 605/4143/3
f 1328/4144/3 2710/4142/3 612/4141/3
f 1330/4145/3 1329/4146/3 340/4147/3
f 1331/4148/3 1329/4146/3 1330/4145/3
f 2615/4149/3 2624/4150/3 2614/4151/3
f 1332/4152/3 2624/4150/3 2615/4149/3
f 1334/4153/3 1333/4154/3 2595/4155/3
f 2608/4156/3 1333/4154/3 1334/4153/3
f 1336/4157/3 1335/4158/3 701/4159/3
f 2575/4160/3 1335/4158/3 1336/4157/3
f 733/4161/3 1337/4162/3 714/4163/3
f 1338/4164/3 1337/4162/3 733/4161/3
f 2533/4165/3 733/4161/3 714/4163/3
f 2559/4166/3 733/4161/3 2533/4165/3
f 2287/4167/3 1340/4168/3 1339/4169/3
f 2304/4170/3 1340/4168/3 2287/4167/3
f 1341/4171/3 1340/4168/3 2304/4170/3
f 2001/4172/3 1340/4168/3 1341/4171/3
f 2506/4173/3 2129/4174/3 526/4175/3
f 2130/4176/3 2129/4174/3 2506/4173/3
f 226/4177/4 227/4178/4 553/4179/4
f 227/4178/4 552/4180/4 553/4179/4
f 553/4179/4 552/4180/4 2084/4181/4
f 2084/4181/4 552/4180/4 2085/4182/4
f 2403/4183/4 2085/4182/4 558/4184/4
f 2085/4182/4 552/4180/4 1342/4185/4
f 558/4184/4 2085/4182/4 1342/4185/4
f 1342/4185/4 552/4180/4 2086/4186/4
f 284/4187/4 2086/4186/4 1343/4188/4
f 2086/4186/4 552/4180/4 1344/4189/4
f 1343/4188/4 2086/4186/4 1344/4189/4
f 1344/4189/4 552/4180/4 1345/4190/4
f 2404/4191/4 1345/4190/4 1346/4192/4
f 1345/4190/4 552/4180/4 2087/4193/4
f 1346/4192/4 1345/4190/4 2087/4193/4
f 2087/4193/4 552/4180/4 1347/4194/4
f 336/4195/4 1347/4194/4 634/4196/4
f 1347/4194/4 552/4180/4 635/4197/4
f 634/4196/4 1347/4194/4 635/4197/4
f 635/4197/4 552/4180/4 1349/4198/4
f 1349/4198/4 552/4180/4 2490/4199/4
f 1348/4200/4 1349/4201/4 654/4202/4
f 654/4202/4 1349/4201/4 2725/4203/4
f 2725/4204/4 1350/4205/4 662/4206/4
f 662/4206/4 1350/4205/4 663/4207/4
f 2239/4208/4 2023/4209/4 1351/4210/4
f 1351/4210/4 2023/4209/4 2024/4211/4
f 2409/4212/4 925/4213/4 550/4214/4
f 550/4214/4 925/4213/4 551/4215/4
f 2412/4216/4 2093/4217/4 1352/4218/4
f 1352/4218/4 2093/4217/4 2708/4219/4
f 2708/4220/4 533/4221/4 1353/4222/4
f 204/4223/4 1353/4222/4 2413/4224/4
f 1353/4222/4 533/4221/4 2094/4225/4
f 2413/4224/4 1353/4222/4 2094/4225/4
f 2094/4225/4 533/4221/4 1354/4226/4
f 1354/4226/4 533/4221/4 1355/4227/4
f 344/4228/4 345/4229/4 1356/4230/4
f 2414/4231/4 1356/4230/4 1357/4232/4
f 1356/4230/4 345/4229/4 2095/4233/4
f 1357/4232/4 1356/4230/4 2095/4233/4
f 2095/4233/4 345/4229/4 1358/4234/4
f 1358/4234/4 345/4229/4 1359/4235/4
f 2415/4236/4 1358/4234/4 1359/4235/4
f 1359/4235/4 345/4229/4 1360/4237/4
f 2415/4236/4 1359/4235/4 2416/4238/4
f 2416/4238/4 1359/4235/4 683/4239/4
f 2096/4240/4 530/4241/4 2097/4242/4
f 2097/4242/4 530/4241/4 1361/4243/4
f 186/4244/4 187/4245/4 524/4246/4
f 524/4246/4 187/4245/4 525/4247/4
f 383/4248/4 2059/4249/4 1362/4250/4
f 1362/4250/4 2059/4249/4 688/4251/4
f 1363/4252/4 2062/4253/4 2424/4254/4
f 2424/4254/4 2062/4253/4 1364/4255/4
f 1365/4256/4 2063/4257/4 2425/4258/4
f 2425/4258/4 2063/4257/4 1366/4259/4
f 2064/4260/4 500/4261/4 1367/4262/4
f 1367/4262/4 500/4261/4 2494/4263/4
f 2065/4264/4 1368/4265/4 395/4266/4
f 395/4266/4 1368/4265/4 2495/4267/4
f 2386/4268/4 2426/4269/4 2387/4270/4
f 2387/4270/4 2426/4269/4 1369/4271/4
f 508/4272/4 509/4273/4 185/4274/4
f 185/4274/4 509/4273/4 2017/4275/4
f 2017/4276/4 1370/4277/4 228/4278/4
f 228/4278/4 1370/4277/4 229/4279/4
f 229/4279/4 1370/4277/4 554/4280/4
f 1371/4281/4 1372/4282/4 2336/4283/4
f 1372/4282/4 1373/4284/4 2336/4283/4
f 2336/4283/4 1373/4284/4 387/4285/4
f 1374/4286/4 2388/4287/4 637/4288/4
f 637/4288/4 2388/4287/4 2389/4289/4
f 1375/4290/4 2067/4291/4 2428/4292/4
f 2428/4292/4 2067/4291/4 499/4293/4
f 398/4294/4 399/4295/4 2429/4296/4
f 2429/4296/4 399/4295/4 2068/4297/4
f 2337/4298/4 2368/4299/4 636/4300/4
f 636/4300/4 2368/4299/4 1376/4301/4
f 2724/4302/4 144/4303/4 1377/4304/4
f 1377/4304/4 144/4303/4 501/4305/4
f 1378/4306/4 1379/4307/4 2018/4308/4
f 2018/4308/4 1379/4307/4 2431/4309/4
f 2339/4310/4 388/4311/4 2340/4312/4
f 2340/4312/4 388/4311/4 1380/4313/4
f 1381/4314/4 396/4315/4 1382/4316/4
f 1382/4316/4 396/4315/4 2730/4317/4
f 95/4318/4 2037/4319/4 491/4320/4
f 1383/4321/4 2498/4322/4 493/4323/4
f 493/4323/4 2498/4322/4 1384/4324/4
f 491/4320/4 2432/4325/4 511/4326/4
f 95/4318/4 491/4320/4 511/4326/4
f 511/4326/4 2432/4325/4 512/4327/4
f 1385/4328/4 394/4329/4 407/4330/4
f 407/4330/4 394/4329/4 408/4331/4
f 1385/4328/4 407/4330/4 798/4332/4
f 798/4332/4 407/4330/4 2038/4333/4
f 1386/4334/4 2499/4335/4 2069/4336/4
f 2069/4336/4 2499/4335/4 2500/4337/4
f 1387/4338/4 2041/4339/4 489/4340/4
f 489/4340/4 2041/4339/4 1388/4341/4
f 410/4342/4 2042/4343/4 782/4344/4
f 782/4344/4 2042/4343/4 783/4345/4
f 2270/4346/4 1935/4347/4 988/4348/4
f 988/4348/4 1935/4347/4 4/4349/4
f 47/4350/4 51/4351/4 1389/4352/4
f 1389/4352/4 51/4351/4 457/4353/4
f 1390/4354/4 1391/4355/4 431/4356/4
f 431/4356/4 1391/4355/4 1392/4357/4
f 996/4358/4 1393/4359/4 2271/4360/4
f 2271/4360/4 1393/4359/4 1936/4361/4
f 1912/4362/4 451/4363/4 1913/4364/4
f 1913/4364/4 451/4363/4 2306/4365/4
f 1394/4366/4 840/4367/4 1914/4368/4
f 1914/4368/4 840/4367/4 2307/4369/4
f 1987/4370/4 1395/4371/4 1396/4372/4
f 1396/4372/4 1395/4371/4 1397/4373/4
f 1398/4374/4 1399/4375/4 1400/4376/4
f 1400/4376/4 1399/4375/4 1401/4377/4
f 796/4378/4 1402/4379/4 1988/4380/4
f 1988/4380/4 1402/4379/4 438/4381/4
f 872/4382/4 2326/4383/4 1403/4384/4
f 1403/4384/4 2326/4383/4 1404/4385/4
f 9/4386/4 1405/4387/4 1989/4388/4
f 1989/4388/4 1405/4387/4 2327/4389/4
f 445/4390/4 5/4391/4 1005/4392/4
f 1005/4392/4 5/4391/4 1406/4393/4
f 1407/4394/4 439/4395/4 1990/4396/4
f 1990/4396/4 439/4395/4 1408/4397/4
f 2728/4398/4 433/4399/4 2729/4400/4
f 2729/4400/4 433/4399/4 1409/4401/4
f 1918/4402/4 1410/4403/4 1411/4404/4
f 1411/4404/4 1410/4403/4 448/4405/4
f 1918/4402/4 1411/4404/4 48/4406/4
f 448/4405/4 1410/4403/4 1412/4407/4
f 1918/4402/4 48/4406/4 454/4408/4
f 48/4406/4 1412/4407/4 454/4408/4
f 1412/4407/4 1410/4403/4 2310/4409/4
f 454/4408/4 1412/4407/4 2310/4409/4
f 1919/4410/4 1413/4411/4 808/4412/4
f 808/4412/4 1413/4411/4 1414/4413/4
f 1919/4410/4 808/4412/4 2272/4414/4
f 1414/4413/4 1413/4411/4 1415/4415/4
f 1919/4410/4 2272/4414/4 881/4416/4
f 2272/4414/4 1415/4415/4 881/4416/4
f 1415/4415/4 1413/4411/4 884/4417/4
f 881/4416/4 1415/4415/4 884/4417/4
f 110/4418/4 2044/4419/4 1416/4420/4
f 1416/4420/4 2044/4419/4 2045/4421/4
f 411/4422/4 2046/4423/4 2373/4424/4
f 2373/4424/4 2046/4423/4 1417/4425/4
f 2653/4426/4 2191/4427/4 2732/4428/4
f 2732/4428/4 2191/4427/4 574/4429/4
f 2654/4430/4 1418/4431/4 2655/4432/4
f 2655/4432/4 1418/4431/4 596/4433/4
f 1419/4434/4 1420/4435/4 2214/4436/4
f 2214/4436/4 1420/4435/4 1421/4437/4
f 2686/4438/4 2214/4439/4 562/4440/4
f 562/4440/4 2214/4439/4 2714/4441/4
f 2714/4442/4 2699/4443/4 2215/4444/4
f 2687/4445/4 2215/4444/4 1423/4446/4
f 2215/4444/4 2699/4443/4 1424/4447/4
f 1423/4446/4 2215/4444/4 1424/4447/4
f 575/4448/4 1422/4449/4 311/4450/4
f 311/4450/4 1422/4449/4 2670/4451/4
f 1424/4447/4 2699/4443/4 2216/4452/4
f 317/4453/4 2216/4452/4 2688/4454/4
f 2216/4452/4 2699/4443/4 2217/4455/4
f 2688/4454/4 2216/4452/4 2217/4455/4
f 2217/4455/4 2699/4443/4 2715/4456/4
f 2715/4456/4 2699/4443/4 1425/4457/4
f 327/4458/4 2715/4459/4 1426/4460/4
f 1426/4460/4 2715/4459/4 2726/4461/4
f 2726/4462/4 1427/4463/4 1428/4464/4
f 1428/4464/4 1427/4463/4 633/4465/4
f 292/4466/4 293/4467/4 2194/4468/4
f 2194/4468/4 293/4467/4 1429/4469/4
f 577/4470/4 579/4471/4 586/4472/4
f 586/4472/4 579/4471/4 1430/4473/4
f 289/4474/4 2187/4475/4 2733/4476/4
f 2733/4476/4 2187/4475/4 1432/4477/4
f 1431/4478/4 2192/4479/4 2661/4480/4
f 2661/4480/4 2192/4479/4 1034/4481/4
f 1433/4482/4 1434/4483/4 2692/4484/4
f 2692/4484/4 1434/4483/4 567/4485/4
f 2186/4486/4 276/4487/4 288/4488/4
f 288/4488/4 276/4487/4 573/4489/4
f 1435/4490/4 2672/4491/4 2664/4492/4
f 2664/4492/4 2672/4491/4 2673/4493/4
f 328/4494/4 331/4495/4 618/4496/4
f 618/4496/4 331/4495/4 621/4497/4
f 2205/4498/4 195/4499/4 1436/4500/4
f 2199/4501/4 1436/4500/4 2200/4502/4
f 2200/4502/4 1436/4500/4 279/4503/4
f 1437/4504/4 2200/4502/4 279/4503/4
f 279/4503/4 1436/4500/4 1438/4505/4
f 1437/4504/4 279/4503/4 294/4506/4
f 294/4506/4 279/4503/4 1439/4507/4
f 1438/4505/4 1436/4500/4 295/4508/4
f 1436/4500/4 195/4499/4 297/4509/4
f 295/4508/4 1436/4500/4 297/4509/4
f 2197/4510/4 2201/4511/4 1441/4512/4
f 599/4513/4 1440/4514/4 608/4515/4
f 2197/4510/4 1441/4512/4 2198/4516/4
f 1441/4512/4 608/4515/4 2198/4516/4
f 2198/4516/4 608/4515/4 667/4517/4
f 667/4517/4 608/4515/4 674/4518/4
f 608/4515/4 1440/4514/4 1442/4519/4
f 674/4518/4 608/4515/4 1442/4519/4
f 1442/4519/4 1440/4514/4 1443/4520/4
f 1443/4520/4 1440/4514/4 681/4521/4
f 1444/4522/4 1445/4523/4 98/4524/4
f 98/4524/4 1445/4523/4 2235/4525/4
f 1449/4526/4 96/4527/4 107/4528/4
f 107/4528/4 96/4527/4 1451/4529/4
f 1451/4529/4 96/4527/4 1058/4530/4
f 2047/4531/4 1450/4532/4 1059/4533/4
f 1059/4533/4 1450/4532/4 1452/4534/4
f 2235/4525/4 1445/4523/4 124/4535/4
f 124/4535/4 1445/4523/4 1453/4536/4
f 1446/4537/4 83/4538/4 2244/4539/4
f 2244/4539/4 83/4538/4 1885/4540/4
f 1447/4541/4 86/4542/4 1454/4543/4
f 1454/4543/4 86/4542/4 132/4544/4
f 2258/4545/4 87/4546/4 2259/4547/4
f 2259/4547/4 87/4546/4 137/4548/4
f 1448/4549/4 89/4550/4 1455/4551/4
f 1455/4551/4 89/4550/4 1939/4552/4
f 90/4553/4 93/4554/4 138/4555/4
f 138/4555/4 93/4554/4 2013/4556/4
f 1452/4534/4 1450/4532/4 492/4557/4
f 492/4557/4 1450/4532/4 2433/4558/4
f 1451/4529/4 1058/4530/4 2374/4559/4
f 146/4560/4 148/4561/4 1456/4562/4
f 1456/4562/4 148/4561/4 1829/4563/4
f 1451/4529/4 2374/4559/4 510/4564/4
f 510/4564/4 2374/4559/4 1457/4565/4
f 517/4566/4 2341/4567/4 2342/4568/4
f 1458/4569/4 307/4570/4 2694/4571/4
f 2694/4571/4 307/4570/4 2698/4572/4
f 517/4566/4 2342/4568/4 2343/4573/4
f 517/4566/4 2343/4573/4 2333/4574/4
f 2333/4574/4 2343/4573/4 2344/4575/4
f 1459/4576/4 1830/4577/4 730/4578/4
f 730/4578/4 1830/4577/4 1460/4579/4
f 2355/4580/4 2375/4581/4 2376/4582/4
f 2236/4583/4 1461/4584/4 1467/4585/4
f 2355/4580/4 2376/4582/4 2356/4586/4
f 2356/4586/4 2376/4582/4 2030/4587/4
f 1064/4588/4 409/4589/4 2390/4590/4
f 1831/4591/4 1467/4585/4 786/4592/4
f 1467/4585/4 1461/4584/4 787/4593/4
f 786/4592/4 1467/4585/4 787/4593/4
f 1462/4594/4 1886/4595/4 2245/4596/4
f 2245/4596/4 1886/4595/4 1469/4597/4
f 750/4598/4 752/4599/4 790/4600/4
f 790/4600/4 752/4599/4 1896/4601/4
f 2260/4602/4 1463/4603/4 2261/4604/4
f 2261/4604/4 1463/4603/4 791/4605/4
f 1464/4606/4 1940/4607/4 793/4608/4
f 793/4608/4 1940/4607/4 1470/4609/4
f 1465/4610/4 1466/4611/4 1471/4612/4
f 1471/4612/4 1466/4611/4 1472/4613/4
f 2356/4586/4 2030/4587/4 2345/4614/4
f 778/4615/4 2356/4586/4 2345/4614/4
f 2345/4614/4 2030/4587/4 1473/4616/4
f 1468/4617/4 2390/4590/4 799/4618/4
f 2390/4590/4 409/4589/4 2434/4619/4
f 799/4618/4 2390/4590/4 2434/4619/4
f 2346/4620/4 1474/4621/4 2025/4622/4
f 111/4623/4 2391/4624/4 2031/4625/4
f 2346/4620/4 2025/4622/4 2357/4626/4
f 2031/4625/4 2391/4624/4 1475/4627/4
f 1475/4627/4 2391/4624/4 2032/4628/4
f 2032/4628/4 2391/4624/4 2392/4629/4
f 2346/4620/4 2357/4626/4 1476/4630/4
f 1476/4630/4 2357/4626/4 1477/4631/4
f 1478/4632/4 391/4633/4 406/4634/4
f 2033/4635/4 1479/4636/4 1074/4637/4
f 1478/4632/4 406/4634/4 2358/4638/4
f 1074/4637/4 1479/4636/4 2378/4639/4
f 1478/4632/4 2358/4638/4 779/4640/4
f 779/4640/4 2358/4638/4 1480/4641/4
f 2378/4639/4 1479/4636/4 2034/4642/4
f 2034/4642/4 1479/4636/4 785/4643/4
f 2027/4644/4 1481/4645/4 1482/4646/4
f 1482/4646/4 1481/4645/4 2379/4647/4
f 1483/4648/4 2220/4649/4 2696/4650/4
f 2696/4650/4 2220/4649/4 1484/4651/4
f 285/4652/4 2190/4653/4 593/4654/4
f 593/4654/4 2190/4653/4 1486/4655/4
f 290/4656/4 2202/4657/4 1487/4658/4
f 1487/4658/4 2202/4657/4 2203/4659/4
f 296/4660/4 1485/4661/4 1488/4662/4
f 1488/4662/4 1485/4661/4 2207/4663/4
f 330/4664/4 333/4665/4 1489/4666/4
f 1489/4666/4 333/4665/4 623/4667/4
f 1077/4668/4 602/4669/4 2225/4670/4
f 2225/4670/4 602/4669/4 1490/4671/4
f 1490/4671/4 602/4669/4 2227/4672/4
f 2227/4672/4 602/4669/4 1491/4673/4
f 644/4674/4 645/4675/4 2228/4676/4
f 2228/4676/4 645/4675/4 649/4677/4
f 649/4677/4 645/4675/4 1492/4678/4
f 1492/4678/4 645/4675/4 2734/4679/4
f 2028/4680/4 2380/4681/4 1493/4682/4
f 1493/4682/4 2380/4681/4 758/4683/4
f 1497/4684/4 2703/4685/4 1498/4686/4
f 1498/4686/4 2703/4685/4 1499/4687/4
f 1497/4684/4 1498/4686/4 1500/4688/4
f 1500/4688/4 1498/4686/4 1501/4689/4
f 1499/4687/4 2703/4685/4 1502/4690/4
f 1502/4690/4 2703/4685/4 1503/4691/4
f 277/4692/4 1494/4693/4 1504/4694/4
f 1504/4694/4 1494/4693/4 1505/4695/4
f 280/4696/4 1495/4697/4 607/4698/4
f 607/4698/4 1495/4697/4 2682/4699/4
f 1496/4700/4 281/4701/4 2208/4702/4
f 2208/4702/4 281/4701/4 2211/4703/4
f 337/4704/4 339/4705/4 1506/4706/4
f 1506/4706/4 339/4705/4 646/4707/4
f 350/4708/4 352/4709/4 2231/4710/4
f 2231/4710/4 352/4709/4 670/4711/4
f 256/4712/4 257/4713/4 2221/4714/4
f 2221/4714/4 257/4713/4 568/4715/4
f 2381/4716/4 1507/4717/4 611/4718/4
f 611/4718/4 1507/4717/4 2578/4719/4
f 334/4720/4 1508/4721/4 2222/4722/4
f 2222/4722/4 1508/4721/4 2700/4723/4
f 251/4724/4 1509/4725/4 616/4726/4
f 616/4726/4 1509/4725/4 2382/4727/4
f 242/4728/4 2697/4729/4 630/4730/4
f 630/4730/4 2697/4729/4 1510/4731/4
f 1511/4732/4 1512/4733/4 1883/4734/4
f 1883/4734/4 1512/4733/4 1515/4735/4
f 84/4736/4 85/4737/4 1887/4738/4
f 1887/4738/4 85/4737/4 2256/4739/4
f 1897/4740/4 2262/4741/4 1898/4742/4
f 1898/4742/4 2262/4741/4 1516/4743/4
f 1513/4744/4 88/4745/4 1517/4746/4
f 1517/4746/4 88/4745/4 2294/4747/4
f 1514/4748/4 91/4749/4 105/4750/4
f 105/4750/4 91/4749/4 106/4751/4
f 2014/4752/4 94/4753/4 1518/4754/4
f 1518/4754/4 94/4753/4 108/4755/4
f 1519/4756/4 1093/4757/4 788/4758/4
f 788/4758/4 1093/4757/4 2247/4759/4
f 1888/4760/4 1520/4761/4 789/4762/4
f 789/4762/4 1520/4761/4 2257/4763/4
f 1521/4764/4 772/4765/4 1899/4766/4
f 1899/4766/4 772/4765/4 1523/4767/4
f 774/4768/4 1094/4769/4 792/4770/4
f 792/4770/4 1094/4769/4 2297/4771/4
f 1522/4772/4 1095/4773/4 794/4774/4
f 794/4774/4 1095/4773/4 1524/4775/4
f 1096/4776/4 780/4777/4 2016/4778/4
f 2016/4778/4 780/4777/4 1525/4779/4
f 2442/4780/4 1526/4781/4 389/4782/4
f 389/4782/4 1526/4781/4 2483/4783/4
f 2266/4784/4 1924/4785/4 1527/4786/4
f 1527/4786/4 1924/4785/4 1528/4787/4
f 2267/4788/4 1529/4789/4 1530/4790/4
f 1530/4790/4 1529/4789/4 1531/4791/4
f 2268/4792/4 1925/4793/4 2727/4794/4
f 2727/4794/4 1925/4793/4 1532/4795/4
f 866/4796/4 442/4797/4 1533/4798/4
f 1533/4798/4 442/4797/4 1534/4799/4
f 380/4800/4 1535/4801/4 2444/4802/4
f 2444/4802/4 1535/4801/4 679/4803/4
f 1536/4804/4 10/4805/4 2716/4806/4
f 2716/4806/4 10/4805/4 2319/4807/4
f 1537/4808/4 2716/4809/4 2301/4810/4
f 2301/4810/4 2716/4809/4 1538/4811/4
f 1538/4812/4 1539/4813/4 1540/4814/4
f 1540/4814/4 1539/4813/4 1541/4815/4
f 2446/4816/4 1542/4817/4 689/4818/4
f 689/4818/4 1542/4817/4 692/4819/4
f 776/4820/4 2320/4821/4 2723/4822/4
f 2723/4822/4 2320/4821/4 435/4823/4
f 2302/4824/4 2723/4825/4 839/4826/4
f 839/4826/4 2723/4825/4 2717/4827/4
f 2717/4828/4 2321/4829/4 1945/4830/4
f 1945/4830/4 2321/4829/4 1543/4831/4
f 1544/4832/4 1545/4833/4 1546/4834/4
f 1546/4834/4 1545/4833/4 1547/4835/4
f 6/4836/4 8/4837/4 455/4838/4
f 455/4838/4 8/4837/4 1548/4839/4
f 434/4840/4 1550/4841/4 841/4842/4
f 841/4842/4 1550/4841/4 847/4843/4
f 1549/4844/4 2720/4845/4 867/4846/4
f 867/4846/4 2720/4845/4 869/4847/4
f 1903/4848/4 1551/4849/4 1552/4850/4
f 1552/4850/4 1551/4849/4 1930/4851/4
f 1903/4848/4 1552/4850/4 1553/4852/4
f 1930/4851/4 1551/4849/4 1931/4853/4
f 1903/4848/4 1553/4852/4 1904/4854/4
f 1553/4852/4 1931/4853/4 1904/4854/4
f 1931/4853/4 1551/4849/4 468/4855/4
f 1904/4854/4 1931/4853/4 468/4855/4
f 377/4856/4 379/4857/4 2502/4858/4
f 2502/4858/4 379/4857/4 2507/4859/4
f 415/4860/4 1554/4861/4 805/4862/4
f 805/4862/4 1554/4861/4 1555/4863/4
f 415/4860/4 805/4862/4 441/4864/4
f 1555/4863/4 1554/4861/4 1932/4865/4
f 415/4860/4 441/4864/4 875/4866/4
f 441/4864/4 1932/4865/4 875/4866/4
f 1932/4865/4 1554/4861/4 879/4867/4
f 875/4866/4 1932/4865/4 879/4867/4
f 374/4868/4 376/4869/4 2447/4870/4
f 2447/4870/4 376/4869/4 1556/4871/4
f 353/4872/4 354/4873/4 356/4874/4
f 356/4874/4 354/4873/4 358/4875/4
f 2050/4876/4 1557/4877/4 1560/4878/4
f 1560/4878/4 1557/4877/4 360/4879/4
f 1558/4880/4 1559/4881/4 361/4882/4
f 361/4882/4 1559/4881/4 362/4883/4
f 706/2278/4 2436/2284/4 711/4884/4
f 711/4884/4 2436/2284/4 2437/4885/4
f 1561/2286/4 1562/2289/4 2074/4886/4
f 2074/4886/4 1562/2289/4 1563/4887/4
f 357/4888/4 1564/4889/4 363/4890/4
f 363/4890/4 1564/4889/4 2364/4891/4
f 2364/4891/4 1564/4889/4 2051/4892/4
f 2051/4892/4 1564/4889/4 367/4893/4
f 367/4893/4 1564/4889/4 369/4894/4
f 369/4894/4 1564/4889/4 2486/4895/4
f 2364/4891/4 2051/4892/4 1566/2245/4
f 1566/2245/4 2051/4892/4 1567/2251/4
f 367/4893/4 369/4894/4 2438/2253/4
f 2438/2253/4 369/4894/4 1568/2259/4
f 1566/2245/4 1567/2251/4 1570/4896/4
f 1568/2259/4 1569/2261/4 1570/4896/4
f 2438/2253/4 1568/2259/4 1570/4896/4
f 1567/2251/4 2438/2253/4 1570/4896/4
f 1565/2243/4 1566/2245/4 1570/4896/4
f 1570/4896/4 1569/2261/4 2365/4897/4
f 2365/4897/4 1569/2261/4 2487/4898/4
f 1571/4899/4 1572/4900/4 1575/4901/4
f 1575/4901/4 1572/4900/4 2366/4902/4
f 366/4903/4 1573/4904/4 697/4905/4
f 697/4905/4 1573/4904/4 699/4906/4
f 370/4907/4 1574/4908/4 2075/4909/4
f 2075/4909/4 1574/4908/4 2488/4910/4
f 1832/4911/4 1862/4912/4 1835/4913/4
f 1835/4913/4 1862/4912/4 118/4914/4
f 102/4915/4 1576/4916/4 126/4917/4
f 126/4917/4 1576/4916/4 133/4918/4
f 1832/4911/4 1835/4913/4 1833/4919/4
f 1577/4920/4 1833/4919/4 1578/4921/4
f 1578/4921/4 1833/4919/4 152/4922/4
f 152/4922/4 1833/4919/4 1579/4923/4
f 1833/4919/4 1835/4913/4 154/4924/4
f 1579/4923/4 1833/4919/4 154/4924/4
f 152/4922/4 1579/4923/4 2232/4925/4
f 2232/4925/4 1579/4923/4 725/4926/4
f 1816/4927/4 2232/4925/4 729/4928/4
f 725/4926/4 1580/4929/4 729/4928/4
f 2232/4925/4 725/4926/4 729/4928/4
f 729/4928/4 1580/4929/4 1834/4930/4
f 1834/4930/4 1580/4929/4 1836/4931/4
f 1834/4930/4 1836/4931/4 1582/4932/4
f 1836/4931/4 741/4933/4 1582/4932/4
f 1582/4932/4 741/4933/4 1583/4934/4
f 2242/4935/4 1581/4936/4 1584/4937/4
f 1584/4937/4 1581/4936/4 773/4938/4
f 1585/4939/4 1586/4940/4 119/4941/4
f 119/4941/4 1586/4940/4 1864/4942/4
f 115/4943/4 1587/4944/4 1837/4945/4
f 1837/4945/4 1587/4944/4 155/4946/4
f 155/4946/4 1587/4944/4 157/4947/4
f 1817/4948/4 153/4949/4 723/4950/4
f 723/4950/4 153/4949/4 724/4951/4
f 1821/4952/4 1837/4945/4 726/4953/4
f 1837/4945/4 155/4946/4 726/4953/4
f 726/4953/4 155/4946/4 727/4954/4
f 727/4954/4 155/4946/4 728/4955/4
f 728/4955/4 1841/4956/4 737/4957/4
f 727/4954/4 728/4955/4 737/4957/4
f 737/4957/4 1841/4956/4 1842/4958/4
f 1863/4959/4 742/4960/4 761/4961/4
f 761/4961/4 742/4960/4 1865/4962/4
f 459/4963/4 466/4964/4 475/4965/4
f 2448/4966/4 475/4965/4 2449/4967/4
f 475/4965/4 466/4964/4 549/4968/4
f 2449/4967/4 475/4965/4 549/4968/4
f 1157/4969/4 347/4970/4 418/4971/4
f 418/4971/4 347/4970/4 1588/4972/4
f 1588/4972/4 347/4970/4 2508/4973/4
f 2508/4973/4 347/4970/4 1589/4974/4
f 1590/4975/4 23/4976/4 1592/4977/4
f 1592/4977/4 23/4976/4 52/4978/4
f 1591/4979/4 43/4980/4 71/4981/4
f 63/4982/4 71/4981/4 2131/4983/4
f 71/4981/4 43/4980/4 2131/4983/4
f 63/4982/4 2131/4983/4 469/4984/4
f 469/4984/4 2131/4983/4 476/4985/4
f 2450/4986/4 2509/4987/4 2132/4988/4
f 2450/4986/4 2132/4988/4 2451/4989/4
f 2451/4989/4 2132/4988/4 825/4990/4
f 809/4991/4 811/4992/4 836/4993/4
f 836/4993/4 811/4992/4 1593/4994/4
f 825/4990/4 2132/4988/4 1594/4995/4
f 1594/4995/4 2132/4988/4 857/4996/4
f 24/4997/4 1595/4998/4 1596/4999/4
f 1596/4999/4 1595/4998/4 1597/5000/4
f 1598/5001/4 819/5002/4 1946/5003/4
f 1946/5003/4 819/5002/4 1599/5004/4
f 2109/5005/4 1600/5006/4 1602/5007/4
f 1602/5007/4 1600/5006/4 2133/5008/4
f 1601/5009/4 1602/5007/4 2133/5008/4
f 1601/5009/4 2133/5008/4 471/5010/4
f 471/5010/4 2133/5008/4 2512/5011/4
f 419/5012/4 2513/5013/4 1603/5014/4
f 419/5012/4 1603/5014/4 1604/5015/4
f 1604/5015/4 1603/5014/4 1605/5016/4
f 1605/5016/4 1603/5014/4 1606/5017/4
f 1606/5017/4 1603/5014/4 1607/5018/4
f 163/5019/4 2630/5020/4 2602/5021/4
f 2602/5021/4 2630/5020/4 521/5022/4
f 159/5023/4 160/5024/4 2561/5025/4
f 2561/5025/4 160/5024/4 2603/5026/4
f 1609/5027/4 1610/5028/4 2274/5029/4
f 2274/5029/4 1610/5028/4 1950/5030/4
f 36/5031/4 1611/5032/4 1612/5033/4
f 1608/5034/4 17/5035/4 1613/5036/4
f 1612/5033/4 1611/5032/4 2135/5037/4
f 65/5038/4 1612/5033/4 2135/5037/4
f 65/5038/4 2135/5037/4 472/5039/4
f 472/5039/4 2135/5037/4 479/5040/4
f 1855/5041/4 1613/5036/4 99/5042/4
f 99/5042/4 1613/5036/4 1614/5043/4
f 1855/5041/4 99/5042/4 1856/5044/4
f 1856/5044/4 99/5042/4 1868/5045/4
f 1614/5043/4 1613/5036/4 2249/5046/4
f 1613/5036/4 17/5035/4 1615/5047/4
f 2249/5046/4 1613/5036/4 1615/5047/4
f 1857/5048/4 1869/5049/4 1618/5050/4
f 1616/5051/4 1617/5052/4 2250/5053/4
f 1618/5050/4 2250/5053/4 1858/5054/4
f 1857/5048/4 1618/5050/4 1858/5054/4
f 2250/5053/4 1617/5052/4 1890/5055/4
f 1858/5054/4 2250/5053/4 1890/5055/4
f 1619/5056/4 1620/5057/4 2516/5058/4
f 1619/5056/4 2516/5058/4 1622/5059/4
f 1622/5059/4 2516/5058/4 827/5060/4
f 1890/5055/4 1617/5052/4 1891/5061/4
f 1891/5061/4 1617/5052/4 1908/5062/4
f 2275/5063/4 1621/5064/4 1623/5065/4
f 1623/5065/4 1621/5064/4 1951/5066/4
f 827/5060/4 2516/5058/4 2111/5067/4
f 2111/5067/4 2516/5058/4 859/5068/4
f 1952/5069/4 1624/5070/4 54/5071/4
f 54/5071/4 1624/5070/4 1993/5072/4
f 813/5073/4 820/5074/4 1625/5075/4
f 1625/5075/4 820/5074/4 849/5076/4
f 2582/5077/4 1626/5078/4 2583/5079/4
f 2583/5079/4 1626/5078/4 2605/5080/4
f 2564/5081/4 1627/5082/4 527/5083/4
f 527/5083/4 1627/5082/4 1628/5084/4
f 286/5085/4 287/5086/4 2172/5087/4
f 2172/5087/4 287/5086/4 1629/5088/4
f 286/5085/4 2172/5087/4 1630/5089/4
f 1629/5088/4 287/5086/4 1631/5090/4
f 2553/5091/4 1197/5092/4 591/5093/4
f 591/5093/4 1197/5092/4 1198/5094/4
f 1630/5089/4 1631/5090/4 2584/5095/4
f 286/5085/4 1630/5089/4 2584/5095/4
f 1631/5090/4 287/5086/4 2643/5096/4
f 2584/5095/4 1631/5090/4 2643/5096/4
f 38/5097/4 1632/5098/4 1633/5099/4
f 1633/5099/4 1632/5098/4 461/5100/4
f 66/5101/4 1633/5099/4 461/5100/4
f 66/5101/4 461/5100/4 1634/5102/4
f 1634/5102/4 461/5100/4 481/5103/4
f 232/5104/4 1635/5105/4 237/5106/4
f 2178/5107/4 1636/5108/4 239/5109/4
f 239/5109/4 1636/5108/4 241/5110/4
f 235/5111/4 2648/5112/4 1637/5113/4
f 239/5109/4 241/5110/4 2156/5114/4
f 241/5110/4 1637/5113/4 2156/5114/4
f 232/5104/4 237/5106/4 2156/5114/4
f 237/5106/4 239/5109/4 2156/5114/4
f 1637/5113/4 2648/5112/4 2649/5115/4
f 2156/5114/4 1637/5113/4 2649/5115/4
f 269/5116/4 2554/5117/4 2147/5118/4
f 2147/5118/4 2554/5117/4 1638/5119/4
f 269/5116/4 2147/5118/4 1639/5120/4
f 269/5116/4 1639/5120/4 604/5121/4
f 1639/5120/4 2555/5122/4 604/5121/4
f 604/5121/4 2555/5122/4 2556/5123/4
f 1640/5124/4 424/5125/4 1641/5126/4
f 1640/5124/4 1641/5126/4 1642/5127/4
f 1642/5127/4 1641/5126/4 2112/5128/4
f 2112/5128/4 1641/5126/4 1643/5129/4
f 1643/5129/4 1641/5126/4 1644/5130/4
f 2458/5131/4 1645/5132/4 536/5133/4
f 536/5133/4 1645/5132/4 2565/5134/4
f 252/5135/4 1646/5136/4 1648/5137/4
f 1648/5137/4 1646/5136/4 1649/5138/4
f 1649/5138/4 1646/5136/4 2637/5139/4
f 2637/5139/4 1646/5136/4 263/5140/4
f 1647/5141/4 1648/5142/4 2149/5143/4
f 2149/5143/4 1648/5142/4 1651/5144/4
f 263/5145/4 1650/5146/4 571/5147/4
f 571/5147/4 1650/5146/4 2667/5148/4
f 1651/5144/4 1648/5142/4 301/5149/4
f 1649/5138/4 2637/5139/4 2718/5150/4
f 2718/5150/4 2637/5139/4 2638/5151/4
f 263/5145/4 571/5147/4 1652/5152/4
f 1652/5152/4 571/5147/4 2658/5153/4
f 1651/5144/4 301/5149/4 2151/5154/4
f 301/5149/4 2718/5155/4 2151/5154/4
f 1652/5152/4 2658/5153/4 2659/5156/4
f 2658/5153/4 306/5157/4 2659/5156/4
f 2638/5158/4 1652/5152/4 2659/5156/4
f 2659/5156/4 306/5157/4 1654/5159/4
f 1653/5160/4 2151/5154/4 1655/5161/4
f 2151/5154/4 2718/5155/4 1656/5162/4
f 1655/5161/4 2151/5154/4 1656/5162/4
f 1656/5162/4 2718/5155/4 2586/5163/4
f 2586/5163/4 2718/5155/4 2709/5164/4
f 2638/5158/4 2659/5156/4 1657/5165/4
f 1657/5165/4 2659/5156/4 2183/5166/4
f 1656/5162/4 2586/5163/4 321/5167/4
f 2183/5166/4 2659/5156/4 2660/5168/4
f 2150/5169/4 321/5167/4 1658/5170/4
f 321/5167/4 2586/5163/4 2159/5171/4
f 1658/5170/4 321/5167/4 2159/5171/4
f 2709/5172/4 1657/5173/4 1659/5174/4
f 1659/5174/4 1657/5173/4 1660/5175/4
f 2660/5168/4 323/5176/4 2184/5177/4
f 2183/5166/4 2660/5168/4 2184/5177/4
f 2184/5177/4 323/5176/4 2668/5178/4
f 1659/5174/4 1660/5175/4 626/5179/4
f 1660/5175/4 2184/5180/4 626/5179/4
f 2159/5181/4 1659/5174/4 626/5179/4
f 626/5179/4 2184/5180/4 2179/5182/4
f 2179/5182/4 2184/5180/4 1661/5183/4
f 1661/5183/4 2184/5180/4 2182/5184/4
f 2159/5181/4 626/5179/4 2160/5185/4
f 2160/5185/4 626/5179/4 1662/5186/4
f 2179/5182/4 1661/5183/4 640/5187/4
f 640/5187/4 1661/5183/4 1663/5188/4
f 2182/5184/4 2184/5180/4 643/5189/4
f 643/5189/4 2184/5180/4 1664/5190/4
f 1665/5191/4 2639/5192/4 2173/5193/4
f 2173/5193/4 2639/5192/4 583/5194/4
f 2278/5195/4 1956/5196/4 50/5197/4
f 50/5197/4 1956/5196/4 1957/5198/4
f 39/5199/4 1667/5200/4 75/5201/4
f 14/5202/4 1666/5203/4 82/5204/4
f 75/5201/4 1667/5200/4 462/5205/4
f 2462/5206/4 75/5201/4 462/5205/4
f 2462/5206/4 462/5205/4 1668/5207/4
f 1668/5207/4 462/5205/4 482/5208/4
f 78/5209/4 82/5204/4 100/5210/4
f 100/5210/4 82/5204/4 104/5211/4
f 78/5209/4 100/5210/4 1849/5212/4
f 1849/5212/4 100/5210/4 121/5213/4
f 104/5211/4 82/5204/4 1669/5214/4
f 82/5204/4 1666/5203/4 1670/5215/4
f 1669/5214/4 82/5204/4 1670/5215/4
f 739/5216/4 1871/5217/4 763/5218/4
f 747/5219/4 1671/5220/4 769/5221/4
f 763/5218/4 769/5221/4 1672/5222/4
f 739/5216/4 763/5218/4 1672/5222/4
f 769/5221/4 1671/5220/4 802/5223/4
f 1672/5222/4 769/5221/4 802/5223/4
f 420/5224/4 425/5225/4 2138/5226/4
f 420/5224/4 2138/5226/4 1673/5227/4
f 1673/5227/4 2138/5226/4 2115/5228/4
f 802/5223/4 1671/5220/4 1893/5229/4
f 1893/5229/4 1671/5220/4 1674/5230/4
f 810/5231/4 815/5232/4 1675/5233/4
f 1675/5233/4 815/5232/4 1676/5234/4
f 2115/5228/4 2138/5226/4 1677/5235/4
f 1677/5235/4 2138/5226/4 2139/5236/4
f 1958/5237/4 30/5238/4 1678/5239/4
f 1678/5239/4 30/5238/4 62/5240/4
f 1679/5241/4 822/5242/4 844/5243/4
f 844/5243/4 822/5242/4 1995/5244/4
f 41/5245/4 1680/5246/4 1681/5247/4
f 1681/5247/4 1680/5246/4 464/5248/4
f 2465/5249/4 1681/5247/4 464/5248/4
f 2465/5249/4 464/5248/4 2466/5250/4
f 2466/5250/4 464/5248/4 483/5251/4
f 230/5252/4 231/5253/4 2467/5254/4
f 2467/5254/4 231/5253/4 1682/5255/4
f 422/5256/4 2521/5257/4 2140/5258/4
f 422/5256/4 2140/5258/4 1683/5259/4
f 1683/5259/4 2140/5258/4 2117/5260/4
f 2117/5260/4 2140/5258/4 1684/5261/4
f 1684/5261/4 2140/5258/4 862/5262/4
f 2618/5263/4 503/5264/4 164/5265/4
f 164/5265/4 503/5264/4 1685/5266/4
f 1266/5267/4 1686/5268/4 505/5269/4
f 505/5269/4 1686/5268/4 507/5270/4
f 1687/5271/4 2611/5272/4 2589/5273/4
f 2589/5273/4 2611/5272/4 2612/5274/4
f 150/5275/4 2631/5276/4 514/5277/4
f 514/5277/4 2631/5276/4 516/5278/4
f 2540/5279/4 1688/5280/4 2541/5281/4
f 2541/5281/4 1688/5280/4 538/5282/4
f 21/5283/4 1961/5284/4 2282/5285/4
f 2282/5285/4 1961/5284/4 56/5286/4
f 1690/5287/4 2141/5288/4 2119/5289/4
f 1894/5290/4 1689/5291/4 1692/5292/4
f 2119/5289/4 2141/5288/4 2522/5293/4
f 1691/5294/4 2119/5289/4 2522/5293/4
f 1691/5294/4 2522/5293/4 474/5295/4
f 474/5295/4 2522/5293/4 485/5296/4
f 79/5297/4 1692/5292/4 1874/5298/4
f 1874/5298/4 1692/5292/4 2253/5299/4
f 79/5297/4 1874/5298/4 117/5300/4
f 117/5300/4 1874/5298/4 123/5301/4
f 2253/5299/4 1692/5292/4 130/5302/4
f 1692/5292/4 1689/5291/4 136/5303/4
f 130/5302/4 1692/5292/4 136/5303/4
f 140/5304/4 1693/5305/4 522/5306/4
f 522/5306/4 1693/5305/4 1694/5307/4
f 1852/5308/4 1695/5309/4 765/5310/4
f 1696/5311/4 756/5312/4 771/5313/4
f 1852/5308/4 765/5310/4 1853/5314/4
f 765/5310/4 771/5313/4 1853/5314/4
f 771/5313/4 756/5312/4 803/5315/4
f 1853/5314/4 771/5313/4 803/5315/4
f 2471/5316/4 2523/5317/4 2524/5318/4
f 2471/5316/4 2524/5318/4 1697/5319/4
f 1697/5319/4 2524/5318/4 829/5320/4
f 803/5315/4 756/5312/4 1895/5321/4
f 1895/5321/4 756/5312/4 834/5322/4
f 2283/5323/4 817/5324/4 1698/5325/4
f 1698/5325/4 817/5324/4 1699/5326/4
f 829/5320/4 2524/5318/4 855/5327/4
f 855/5327/4 2524/5318/4 1700/5328/4
f 1701/5329/4 31/5330/4 57/5331/4
f 57/5331/4 31/5330/4 1702/5332/4
f 1703/5333/4 206/5334/4 1704/5335/4
f 1704/5335/4 206/5334/4 1705/5336/4
f 1706/5337/4 1997/5338/4 1962/5339/4
f 1962/5339/4 1997/5338/4 1998/5340/4
f 114/5341/4 2543/5342/4 1707/5343/4
f 1707/5343/4 2543/5342/4 1708/5344/4
f 2473/5345/4 2544/5346/4 2545/5347/4
f 2473/5345/4 2545/5347/4 1710/5348/4
f 2545/5347/4 1709/5349/4 1710/5348/4
f 1710/5348/4 1709/5349/4 1711/5350/4
f 2473/5345/4 1710/5348/4 2474/5351/4
f 2474/5351/4 1710/5348/4 1712/5352/4
f 2121/5353/4 2143/5354/4 2122/5355/4
f 2122/5355/4 2143/5354/4 2525/5356/4
f 68/5357/4 2122/5355/4 2525/5356/4
f 68/5357/4 2525/5356/4 2476/5358/4
f 2476/5358/4 2525/5356/4 1713/5359/4
f 423/5360/4 2526/5361/4 2144/5362/4
f 423/5360/4 2144/5362/4 2477/5363/4
f 2477/5363/4 2144/5362/4 831/5364/4
f 831/5364/4 2144/5362/4 2123/5365/4
f 2123/5365/4 2144/5362/4 2145/5366/4
f 543/5367/4 544/5368/4 2285/5369/4
f 2285/5369/4 544/5368/4 1714/5370/4
f 1714/5370/4 544/5368/4 2303/5371/4
f 2303/5371/4 544/5368/4 225/5372/4
f 139/5373/4 1715/5374/4 1716/5375/4
f 2286/5376/4 1964/5377/4 497/5378/4
f 2286/5376/4 497/5378/4 1718/5379/4
f 497/5378/4 1717/5380/4 1718/5379/4
f 1718/5379/4 1717/5380/4 2000/5381/4
f 2440/5382/4 2126/5383/4 1719/5384/4
f 1719/5384/4 2126/5383/4 169/5385/4
f 1716/5375/4 149/5386/4 1720/5387/4
f 139/5373/4 1716/5375/4 1720/5387/4
f 1720/5387/4 149/5386/4 172/5388/4
f 2286/5376/4 1718/5379/4 174/5389/4
f 174/5389/4 1718/5379/4 1965/5390/4
f 1721/5391/4 178/5392/4 181/5393/4
f 181/5393/4 178/5392/4 1722/5394/4
f 2440/5382/4 1719/5384/4 2099/5395/4
f 2099/5395/4 1719/5384/4 1723/5396/4
f 528/5397/4 1725/5398/4 531/5399/4
f 2596/5400/4 193/5401/4 1727/5402/4
f 1727/5402/4 193/5401/4 2609/5403/4
f 531/5399/4 1726/5404/4 1728/5405/4
f 528/5397/4 531/5399/4 1728/5405/4
f 1728/5405/4 1726/5404/4 1729/5406/4
f 528/5397/4 1728/5405/4 207/5407/4
f 207/5407/4 1728/5405/4 208/5408/4
f 209/5409/4 2625/5410/4 542/5411/4
f 542/5411/4 2625/5410/4 1730/5412/4
f 1732/5413/4 1733/5414/4 1734/5415/4
f 2626/5416/4 1731/5417/4 556/5418/4
f 556/5418/4 1731/5417/4 1736/5419/4
f 1734/5415/4 1735/5420/4 246/5421/4
f 1732/5413/4 1734/5415/4 246/5421/4
f 246/5421/4 1735/5420/4 1737/5422/4
f 1732/5413/4 246/5421/4 258/5423/4
f 258/5423/4 246/5421/4 1738/5424/4
f 1739/5425/4 268/5426/4 271/5427/4
f 271/5427/4 268/5426/4 2640/5428/4
f 572/5429/4 1740/5430/4 1741/5431/4
f 2640/5432/4 274/5433/4 2645/5434/4
f 2640/5432/4 2645/5434/4 2646/5435/4
f 2645/5434/4 1742/5436/4 2646/5435/4
f 2646/5435/4 1742/5436/4 584/5437/4
f 1741/5431/4 2002/5438/4 318/5439/4
f 572/5429/4 1741/5431/4 318/5439/4
f 318/5439/4 2002/5438/4 1743/5440/4
f 572/5429/4 318/5439/4 1744/5441/4
f 1744/5441/4 318/5439/4 1745/5442/4
f 2640/5432/4 2646/5435/4 2731/5443/4
f 2731/5443/4 2646/5435/4 1747/5444/4
f 1746/5445/4 2731/5446/4 2633/5447/4
f 2633/5447/4 2731/5446/4 1748/5448/4
f 1749/5449/4 1966/5450/4 625/5451/4
f 1749/5449/4 625/5451/4 341/5452/4
f 625/5451/4 2003/5453/4 341/5452/4
f 341/5452/4 2003/5453/4 1751/5454/4
f 1749/5449/4 341/5452/4 2288/5455/4
f 2288/5455/4 341/5452/4 1752/5456/4
f 2627/5457/4 1750/5458/4 2628/5459/4
f 2628/5459/4 1750/5458/4 641/5460/4
f 1753/5461/4 2629/5462/4 665/5463/4
f 665/5463/4 2629/5462/4 666/5464/4
f 1754/5465/4 1967/5466/4 1755/5467/4
f 1754/5465/4 1755/5467/4 381/5468/4
f 1755/5467/4 2004/5469/4 381/5468/4
f 381/5468/4 2004/5469/4 1757/5470/4
f 2597/5471/4 1756/5472/4 1758/5473/4
f 1758/5473/4 1756/5472/4 680/5474/4
f 1754/5465/4 381/5468/4 2289/5475/4
f 2289/5475/4 381/5468/4 1759/5476/4
f 2505/5477/4 1724/5478/4 1760/5479/4
f 1760/5479/4 1724/5478/4 2127/5480/4
f 2440/5382/4 2099/5395/4 690/5481/4
f 1762/5482/4 702/5483/4 1763/5484/4
f 1763/5484/4 702/5483/4 709/5485/4
f 690/5481/4 1761/5486/4 1764/5487/4
f 2290/5488/4 1968/5489/4 721/5490/4
f 2290/5488/4 721/5490/4 1766/5491/4
f 721/5490/4 2005/5492/4 1766/5491/4
f 1766/5491/4 2005/5492/4 2006/5493/4
f 715/5494/4 2568/5495/4 2560/5496/4
f 2560/5496/4 2568/5495/4 2569/5497/4
f 2290/5488/4 1766/5491/4 405/5498/4
f 405/5498/4 1766/5491/4 1969/5499/4
f 715/5494/4 2560/5496/4 759/5500/4
f 759/5500/4 2560/5496/4 760/5501/4
f 2440/5382/4 690/5481/4 1767/5502/4
f 690/5481/4 1764/5487/4 1767/5502/4
f 1764/5487/4 1765/5503/4 1767/5502/4
f 1767/5502/4 1765/5503/4 2128/5504/4
f 116/5505/4 1875/5506/4 1770/5507/4
f 2254/5508/4 1769/5509/4 1770/5507/4
f 1875/5506/4 2254/5508/4 1770/5507/4
f 1770/5507/4 1769/5509/4 1771/5510/4
f 1768/5511/4 2007/5512/4 1772/5513/4
f 1772/5513/4 2007/5512/4 1970/5514/4
f 1970/5514/4 2007/5512/4 1773/5515/4
f 1773/5515/4 2007/5512/4 1774/5516/4
f 116/5505/4 1770/5507/4 158/5517/4
f 42/5518/4 2534/5519/4 170/5520/4
f 170/5520/4 2534/5519/4 171/5521/4
f 1775/5522/4 166/5523/4 1776/5524/4
f 2291/5525/4 1776/5524/4 529/5526/4
f 1776/5524/4 166/5523/4 1971/5527/4
f 529/5526/4 1776/5524/4 1971/5527/4
f 1971/5527/4 166/5523/4 1972/5528/4
f 1972/5528/4 166/5523/4 532/5529/4
f 1973/5530/4 203/5531/4 1778/5532/4
f 1777/5533/4 1778/5532/4 555/5534/4
f 1778/5532/4 203/5531/4 1779/5535/4
f 555/5534/4 1778/5532/4 1779/5535/4
f 1779/5535/4 203/5531/4 1974/5536/4
f 1974/5536/4 203/5531/4 2008/5537/4
f 247/5538/4 2009/5539/4 260/5540/4
f 259/5541/4 260/5540/4 2292/5542/4
f 260/5540/4 2009/5539/4 1975/5543/4
f 2292/5542/4 260/5540/4 1975/5543/4
f 1975/5543/4 2009/5539/4 1781/5544/4
f 1781/5544/4 2009/5539/4 2010/5545/4
f 1976/5546/4 1782/5547/4 1977/5548/4
f 1780/5549/4 273/5550/4 2634/5551/4
f 2634/5551/4 273/5550/4 606/5552/4
f 1783/5553/4 1977/5548/4 1784/5554/4
f 1977/5548/4 1782/5547/4 1978/5555/4
f 1784/5554/4 1977/5548/4 1978/5555/4
f 1978/5555/4 1782/5547/4 1785/5556/4
f 1785/5556/4 1782/5547/4 1786/5557/4
f 1787/5558/4 1788/5559/4 1789/5560/4
f 342/5561/4 1789/5560/4 1790/5562/4
f 1789/5560/4 1788/5559/4 669/5563/4
f 1790/5562/4 1789/5560/4 669/5563/4
f 669/5563/4 1788/5559/4 1791/5564/4
f 1791/5564/4 1788/5559/4 672/5565/4
f 1979/5566/4 1792/5567/4 1794/5568/4
f 188/5569/4 189/5570/4 2100/5571/4
f 2100/5571/4 189/5570/4 1795/5572/4
f 1793/5573/4 1794/5568/4 710/5574/4
f 1794/5568/4 1792/5567/4 1980/5575/4
f 710/5574/4 1794/5568/4 1980/5575/4
f 1980/5575/4 1792/5567/4 1798/5576/4
f 1798/5576/4 1792/5567/4 722/5577/4
f 156/5578/4 158/5517/4 1838/5579/4
f 158/5517/4 1770/5507/4 1843/5580/4
f 1838/5579/4 158/5517/4 1843/5580/4
f 1799/5581/4 1800/5582/4 1981/5583/4
f 1843/5580/4 1770/5507/4 1844/5584/4
f 1844/5584/4 1770/5507/4 744/5585/4
f 1771/5510/4 1769/5509/4 748/5586/4
f 748/5586/4 1769/5509/4 757/5587/4
f 1801/5588/4 1981/5583/4 838/5589/4
f 1981/5583/4 1800/5582/4 2011/5590/4
f 838/5589/4 1981/5583/4 2011/5590/4
f 2329/5591/4 2441/5592/4 1802/5593/4
f 1802/5593/4 2441/5592/4 851/5594/4
f 1796/5595/4 1797/5596/4 1803/5597/4
f 1803/5597/4 1797/5596/4 1804/5598/4
f 1876/5599/4 2255/5600/4 487/5601/4
f 487/5601/4 2255/5600/4 488/5602/4
f 167/5603/4 173/5604/4 182/5605/4
f 182/5605/4 183/5606/4 2598/5607/4
f 2598/5607/4 1808/5608/4 2616/5609/4
f 2616/5609/4 224/5610/4 1809/5611/4
f 2616/5609/4 1809/5611/4 1810/5612/4
f 1809/5611/4 240/5613/4 1810/5612/4
f 1810/5612/4 240/5613/4 628/5614/4
f 2598/5607/4 2616/5609/4 1811/5615/4
f 2616/5609/4 1810/5612/4 1811/5615/4
f 1811/5615/4 1810/5612/4 658/5616/4
f 182/5605/4 2598/5607/4 673/5617/4
f 2598/5607/4 1811/5615/4 673/5617/4
f 673/5617/4 1811/5615/4 2617/5618/4
f 167/5603/4 182/5605/4 1812/5619/4
f 182/5605/4 673/5617/4 1812/5619/4
f 1812/5619/4 673/5617/4 2599/5620/4
f 167/5603/4 1812/5619/4 713/5621/4
f 713/5621/4 1812/5619/4 717/5622/4
f 1807/5623/4 143/5624/4 766/5625/4
f 766/5625/4 143/5624/4 1813/5626/4
f 2012/5627/4 2330/5628/4 1814/5629/4
f 1814/5629/4 2330/5628/4 2331/5630/4
f 1805/5631/4 1806/5632/4 1909/5633/4
f 1909/5633/4 1806/5632/4 2293/5634/4
f 146/5635/5 1815/5636/5 145/5637/5
f 1456/5638/5 1815/5636/5 146/5635/5
f 1459/5639/5 1815/5636/5 1456/5638/5
f 730/5640/5 1815/5636/5 1459/5639/5
f 1577/5641/5 1459/5639/5 1456/5638/5
f 1578/5642/5 1459/5639/5 1577/5641/5
f 1816/5643/5 1459/5639/5 1578/5642/5
f 729/5644/5 1459/5639/5 1816/5643/5
f 1817/5645/5 1816/5643/5 1578/5642/5
f 723/5646/5 1816/5643/5 1817/5645/5
f 973/5647/5 1819/5648/5 1818/5649/5
f 1820/5650/5 1819/5648/5 973/5647/5
f 1821/5651/5 725/5652/5 1579/5653/5
f 726/5654/5 725/5652/5 1821/5651/5
f 161/5655/5 1822/5656/5 968/5657/5
f 969/5658/5 1822/5656/5 161/5655/5
f 965/5659/5 1823/5660/5 962/5661/5
f 967/5662/5 1823/5660/5 965/5659/5
f 1826/5663/5 965/5659/5 1824/5664/5
f 1826/5663/5 1825/5665/5 967/5662/5
f 1826/5663/5 967/5662/5 965/5659/5
f 718/5666/5 1825/5665/5 1826/5663/5
f 1444/5667/5 147/5668/5 1827/5669/5
f 98/5670/5 147/5668/5 1444/5667/5
f 148/5671/5 147/5668/5 98/5670/5
f 1460/5672/5 978/5673/5 1828/5674/5
f 1831/5675/5 978/5673/5 1460/5672/5
f 786/5676/5 978/5673/5 1831/5675/5
f 1832/5677/5 1829/5678/5 148/5671/5
f 1832/5677/5 148/5671/5 98/5670/5
f 1833/5679/5 1829/5678/5 1832/5677/5
f 1834/5680/5 1831/5675/5 1460/5672/5
f 1834/5680/5 1460/5672/5 1830/5681/5
f 1582/5682/5 1831/5675/5 1834/5680/5
f 115/5683/5 154/5684/5 1835/5685/5
f 1837/5686/5 154/5684/5 115/5683/5
f 727/5687/5 1836/5688/5 1580/5689/5
f 737/5690/5 1836/5688/5 727/5687/5
f 156/5691/5 728/5692/5 155/5693/5
f 1838/5694/5 728/5692/5 156/5691/5
f 197/5695/5 957/5696/5 142/5697/5
f 963/5698/5 957/5696/5 197/5695/5
f 964/5699/5 197/5695/5 142/5697/5
f 966/5700/5 197/5695/5 964/5699/5
f 671/5701/5 957/5696/5 963/5698/5
f 1839/5702/5 957/5696/5 671/5701/5
f 1840/5703/5 964/5699/5 142/5697/5
f 974/5704/5 964/5699/5 1840/5703/5
f 719/5705/5 957/5696/5 1839/5702/5
f 734/5706/5 957/5696/5 719/5705/5
f 116/5707/5 157/5708/5 1587/5709/5
f 158/5710/5 157/5708/5 116/5707/5
f 1843/5711/5 1842/5712/5 1841/5713/5
f 1844/5714/5 1842/5712/5 1843/5711/5
f 211/5715/5 909/5716/5 906/5717/5
f 659/5718/5 909/5716/5 211/5715/5
f 213/5719/5 891/5720/5 1845/5721/5
f 910/5722/5 891/5720/5 213/5719/5
f 1846/5723/5 213/5719/5 905/5724/5
f 1846/5723/5 677/5725/5 910/5722/5
f 1846/5723/5 910/5722/5 213/5719/5
f 918/5726/5 677/5725/5 1846/5723/5
f 201/5727/5 1846/5723/5 905/5724/5
f 1847/5728/5 1846/5723/5 201/5727/5
f 660/5729/5 677/5725/5 918/5726/5
f 1848/5730/5 677/5725/5 660/5729/5
f 78/5731/5 1229/5732/5 77/5733/5
f 1849/5734/5 1229/5732/5 78/5731/5
f 739/5735/5 1231/5736/5 738/5737/5
f 1672/5738/5 1231/5736/5 739/5735/5
f 79/5739/5 1851/5740/5 1850/5741/5
f 117/5742/5 1851/5740/5 79/5739/5
f 1852/5743/5 800/5744/5 740/5745/5
f 1853/5746/5 800/5744/5 1852/5743/5
f 1855/5747/5 1169/5748/5 80/5749/5
f 1856/5750/5 1169/5748/5 1855/5747/5
f 1857/5751/5 1854/5752/5 1172/5753/5
f 1858/5754/5 1854/5752/5 1857/5751/5
f 1860/5755/5 1859/5756/5 941/5757/5
f 952/5758/5 1859/5756/5 1860/5755/5
f 1861/5759/5 944/5760/5 943/5761/5
f 953/5762/5 944/5760/5 1861/5759/5
f 1585/5763/5 118/5764/5 1862/5765/5
f 119/5766/5 118/5764/5 1585/5763/5
f 1863/5767/5 1583/5768/5 741/5769/5
f 761/5770/5 1583/5768/5 1863/5767/5
f 1866/5771/5 1864/5772/5 1586/5773/5
f 1867/5774/5 1864/5772/5 1866/5771/5
f 1173/5775/5 1865/5776/5 742/5777/5
f 762/5778/5 1865/5776/5 1173/5775/5
f 1870/5779/5 1868/5780/5 99/5781/5
f 120/5782/5 1868/5780/5 1870/5779/5
f 743/5783/5 1618/5784/5 1869/5785/5
f 1230/5786/5 1618/5784/5 743/5783/5
f 1872/5787/5 121/5788/5 100/5789/5
f 122/5790/5 121/5788/5 1872/5787/5
f 1873/5791/5 763/5792/5 1871/5793/5
f 764/5794/5 763/5792/5 1873/5791/5
f 1875/5795/5 123/5796/5 1874/5797/5
f 744/5798/5 765/5799/5 1695/5800/5
f 1876/5801/5 1875/5795/5 1874/5797/5
f 487/5802/5 1875/5795/5 1876/5801/5
f 1807/5803/5 744/5798/5 1770/5804/5
f 766/5805/5 765/5799/5 744/5798/5
f 766/5805/5 744/5798/5 1807/5803/5
f 942/5806/5 202/5807/5 1877/5808/5
f 1879/5809/5 202/5807/5 942/5806/5
f 1880/5810/5 1878/5811/5 911/5812/5
f 945/5813/5 1878/5811/5 1880/5810/5
f 1881/5814/5 942/5806/5 1877/5808/5
f 1882/5815/5 942/5806/5 1881/5814/5
f 685/5816/5 1878/5811/5 945/5813/5
f 720/5817/5 1878/5811/5 685/5816/5
f 1511/5818/5 1453/5819/5 1445/5820/5
f 1883/5821/5 1453/5819/5 1511/5818/5
f 125/5822/5 1453/5819/5 1883/5821/5
f 1884/5823/5 787/5824/5 1461/5825/5
f 1519/5826/5 787/5824/5 1884/5823/5
f 788/5827/5 787/5824/5 1519/5826/5
f 84/5828/5 1885/5829/5 83/5830/5
f 1887/5831/5 1885/5829/5 84/5828/5
f 1086/5832/5 1885/5829/5 1887/5831/5
f 749/5833/5 1469/5834/5 1886/5835/5
f 1888/5836/5 1469/5834/5 749/5833/5
f 789/5837/5 1469/5834/5 1888/5836/5
f 1608/5838/5 81/5839/5 13/5840/5
f 1613/5841/5 81/5839/5 1608/5838/5
f 1890/5842/5 1889/5843/5 801/5844/5
f 1891/5845/5 1889/5843/5 1890/5842/5
f 14/5846/5 1227/5847/5 1892/5848/5
f 82/5849/5 1227/5847/5 14/5846/5
f 802/5850/5 1234/5851/5 1232/5852/5
f 1893/5853/5 1234/5851/5 802/5850/5
f 1894/5854/5 1255/5855/5 15/5856/5
f 1692/5857/5 1255/5855/5 1894/5854/5
f 803/5858/5 1263/5859/5 1261/5860/5
f 1895/5861/5 1263/5859/5 803/5858/5
f 1897/5862/5 132/5863/5 86/5864/5
f 1898/5865/5 132/5863/5 1897/5862/5
f 1087/5866/5 132/5863/5 1898/5865/5
f 753/5867/5 1896/5868/5 752/5869/5
f 1521/5870/5 1896/5868/5 753/5867/5
f 1899/5871/5 1896/5868/5 1521/5870/5
f 1900/5872/5 888/5873/5 245/5874/5
f 889/5875/5 888/5873/5 1900/5872/5
f 1903/5876/5 1901/5877/5 1106/5878/5
f 1904/5879/5 1901/5877/5 1903/5876/5
f 415/5880/5 1902/5881/5 414/5882/5
f 875/5883/5 1902/5881/5 415/5880/5
f 1576/5884/5 1905/5885/5 1/5886/5
f 773/5887/5 876/5888/5 1137/5889/5
f 16/5890/5 133/5891/5 1576/5884/5
f 16/5890/5 1576/5884/5 1/5886/5
f 134/5892/5 133/5891/5 16/5890/5
f 1906/5893/5 773/5887/5 1581/5894/5
f 1907/5895/5 876/5888/5 773/5887/5
f 1907/5895/5 773/5887/5 1906/5893/5
f 17/5896/5 16/5890/5 1/5886/5
f 1908/5897/5 876/5888/5 1907/5895/5
f 1226/5898/5 1615/5899/5 17/5896/5
f 1226/5898/5 17/5896/5 1/5886/5
f 135/5900/5 1615/5899/5 1226/5898/5
f 754/5901/5 1908/5897/5 1617/5902/5
f 832/5903/5 876/5888/5 1908/5897/5
f 832/5903/5 1908/5897/5 754/5901/5
f 1666/5904/5 1226/5898/5 1/5886/5
f 1674/5905/5 876/5888/5 832/5903/5
f 18/5906/5 1670/5907/5 1666/5904/5
f 18/5906/5 1666/5904/5 1/5886/5
f 1258/5908/5 1670/5907/5 18/5906/5
f 755/5909/5 1674/5905/5 1671/5910/5
f 833/5911/5 876/5888/5 1674/5905/5
f 833/5911/5 1674/5905/5 755/5909/5
f 1689/5912/5 18/5906/5 1/5886/5
f 834/5913/5 876/5888/5 833/5911/5
f 1769/5914/5 136/5915/5 1689/5912/5
f 757/5916/5 834/5913/5 756/5917/5
f 1805/5918/5 1769/5914/5 1689/5912/5
f 1805/5918/5 757/5916/5 1769/5914/5
f 1805/5918/5 1689/5912/5 1/5886/5
f 1909/5919/5 834/5913/5 757/5916/5
f 1909/5919/5 757/5916/5 1805/5918/5
f 1909/5919/5 876/5888/5 834/5913/5
f 1910/5920/5 609/5921/5 887/5922/5
f 1911/5923/5 609/5921/5 1910/5920/5
f 1912/5924/5 453/5925/5 982/5926/5
f 1913/5927/5 453/5925/5 1912/5924/5
f 1394/5928/5 880/5929/5 984/5930/5
f 1914/5931/5 880/5929/5 1394/5928/5
f 449/5932/5 1912/5924/5 982/5926/5
f 1915/5933/5 453/5925/5 1913/5927/5
f 1916/5934/5 1394/5928/5 984/5930/5
f 1917/5935/5 880/5929/5 1914/5931/5
f 1918/5936/5 449/5932/5 982/5926/5
f 1918/5936/5 1915/5933/5 449/5932/5
f 454/5937/5 453/5925/5 1915/5933/5
f 454/5937/5 1915/5933/5 1918/5936/5
f 1919/5938/5 1917/5935/5 1916/5934/5
f 1919/5938/5 1916/5934/5 984/5930/5
f 881/5939/5 880/5929/5 1917/5935/5
f 881/5939/5 1917/5935/5 1919/5938/5
f 1513/5940/5 137/5941/5 87/5942/5
f 1517/5943/5 137/5941/5 1513/5940/5
f 1920/5944/5 137/5941/5 1517/5943/5
f 1090/5945/5 791/5946/5 1463/5947/5
f 774/5948/5 791/5946/5 1090/5945/5
f 792/5949/5 791/5946/5 774/5948/5
f 282/5950/5 886/5951/5 885/5952/5
f 1921/5953/5 886/5951/5 282/5950/5
f 1528/5954/5 1923/5955/5 1922/5956/5
f 2719/5957/5 1923/5955/5 1528/5954/5
f 1532/5958/5 1115/5959/5 806/5960/5
f 442/5961/5 1115/5959/5 1532/5958/5
f 1926/5962/5 1528/5963/5 1924/5964/5
f 1132/5965/5 1528/5963/5 1926/5962/5
f 1927/5966/5 1531/5967/5 2719/5968/5
f 1928/5969/5 1531/5967/5 1927/5966/5
f 417/5970/5 1532/5971/5 1925/5972/5
f 2720/5973/5 1532/5971/5 417/5970/5
f 443/5974/5 1534/5975/5 442/5976/5
f 1929/5977/5 1534/5975/5 443/5974/5
f 1930/5978/5 1927/5979/5 1132/5980/5
f 1931/5981/5 1927/5979/5 1930/5978/5
f 1555/5982/5 443/5983/5 2720/5984/5
f 1932/5985/5 443/5983/5 1555/5982/5
f 4/5986/5 1933/5987/5 446/5988/5
f 994/5989/5 1933/5987/5 4/5986/5
f 1392/5990/5 1934/5991/5 985/5992/5
f 1393/5993/5 1934/5991/5 1392/5990/5
f 1004/5994/5 4/5995/5 1935/5996/5
f 5/5997/5 4/5995/5 1004/5994/5
f 2721/5998/5 457/5999/5 994/6000/5
f 1937/6001/5 457/5999/5 2721/5998/5
f 1007/6002/5 1392/6003/5 1391/6004/5
f 1938/6005/5 1392/6003/5 1007/6002/5
f 1008/6006/5 1936/6007/5 1393/6008/5
f 883/6009/5 1936/6007/5 1008/6006/5
f 448/6010/5 2721/6011/5 5/6012/5
f 1412/6013/5 2721/6011/5 448/6010/5
f 1414/6014/5 1008/6015/5 1938/6016/5
f 1415/6017/5 1008/6015/5 1414/6014/5
f 1514/6018/5 1939/6019/5 89/6020/5
f 105/6021/5 1939/6019/5 1514/6018/5
f 1088/6022/5 1939/6019/5 105/6021/5
f 1941/6023/5 1470/6024/5 1940/6025/5
f 1522/6026/5 1470/6024/5 1941/6023/5
f 794/6027/5 1470/6024/5 1522/6026/5
f 2704/6028/5 1942/6029/5 1117/6030/5
f 2711/6031/5 1942/6029/5 2704/6028/5
f 1129/6032/5 1123/6033/5 1943/6034/5
f 2722/6035/5 1123/6033/5 1129/6032/5
f 1536/6036/5 2704/6037/5 1124/6038/5
f 2716/6039/5 2704/6037/5 1536/6036/5
f 1538/6040/5 1127/6041/5 2711/6042/5
f 1540/6043/5 1127/6041/5 1538/6040/5
f 776/6044/5 1129/6045/5 1944/6046/5
f 2723/6047/5 1129/6045/5 776/6044/5
f 2717/6048/5 870/6049/5 2722/6050/5
f 1945/6051/5 870/6049/5 2717/6048/5
f 1544/6052/5 1538/6053/5 2716/6054/5
f 1546/6055/5 1538/6053/5 1544/6052/5
f 434/6056/5 2717/6057/5 2723/6058/5
f 841/6059/5 2717/6057/5 434/6056/5
f 24/6060/5 52/6061/5 23/6062/5
f 1596/6063/5 52/6061/5 24/6060/5
f 1598/6064/5 1593/6065/5 811/6066/5
f 1946/6067/5 1593/6065/5 1598/6064/5
f 1167/6068/5 53/6069/5 1947/6070/5
f 1949/6071/5 53/6069/5 1167/6068/5
f 812/6072/5 842/6073/5 1948/6074/5
f 1175/6075/5 842/6073/5 812/6072/5
f 1952/6076/5 1950/6077/5 1610/6078/5
f 54/6079/5 1950/6077/5 1952/6076/5
f 813/6080/5 1951/6081/5 1621/6082/5
f 1625/6083/5 1951/6081/5 813/6080/5
f 25/6084/5 55/6085/5 1953/6086/5
f 1955/6087/5 55/6085/5 25/6084/5
f 814/6088/5 843/6089/5 1954/6090/5
f 1235/6091/5 843/6089/5 814/6088/5
f 1958/6092/5 1957/6093/5 1956/6094/5
f 1678/6095/5 1957/6093/5 1958/6092/5
f 1679/6096/5 1676/6097/5 815/6098/5
f 844/6099/5 1676/6097/5 1679/6096/5
f 1960/6100/5 1249/6101/5 1247/6102/5
f 1254/6103/5 1249/6101/5 1960/6100/5
f 1262/6104/5 1959/6105/5 816/6106/5
f 1265/6107/5 1959/6105/5 1262/6104/5
f 1701/6108/5 56/6109/5 1961/6110/5
f 57/6111/5 56/6109/5 1701/6108/5
f 1706/6112/5 1699/6113/5 817/6114/5
f 1962/6115/5 1699/6113/5 1706/6112/5
f 26/6116/5 58/6117/5 1277/6118/5
f 59/6119/5 58/6117/5 26/6116/5
f 818/6120/5 1963/6121/5 1279/6122/5
f 845/6123/5 1963/6121/5 818/6120/5
f 1970/6124/5 497/6125/5 1964/6126/5
f 1773/6127/5 497/6125/5 1970/6124/5
f 1775/6128/5 1965/6129/5 1718/6130/5
f 1776/6131/5 1965/6129/5 1775/6128/5
f 1971/6132/5 531/6133/5 1725/6134/5
f 1972/6135/5 531/6133/5 1971/6132/5
f 1973/6136/5 208/6137/5 1728/6138/5
f 1778/6139/5 208/6137/5 1973/6136/5
f 1779/6140/5 1734/6141/5 1733/6142/5
f 1974/6143/5 1734/6141/5 1779/6140/5
f 247/6144/5 1738/6145/5 246/6146/5
f 260/6147/5 1738/6145/5 247/6144/5
f 1975/6148/5 1741/6149/5 1740/6150/5
f 1781/6151/5 1741/6149/5 1975/6148/5
f 1976/6152/5 1745/6153/5 318/6154/5
f 1977/6155/5 1745/6153/5 1976/6152/5
f 1978/6156/5 625/6157/5 1966/6158/5
f 1785/6159/5 625/6157/5 1978/6156/5
f 1787/6160/5 1752/6161/5 341/6162/5
f 1789/6163/5 1752/6161/5 1787/6160/5
f 669/6164/5 1755/6165/5 1967/6166/5
f 1791/6167/5 1755/6165/5 669/6164/5
f 1979/6168/5 1759/6169/5 381/6170/5
f 1794/6171/5 1759/6169/5 1979/6168/5
f 1980/6172/5 721/6173/5 1968/6174/5
f 1798/6175/5 721/6173/5 1980/6172/5
f 1799/6176/5 1969/6177/5 1766/6178/5
f 1981/6179/5 1969/6177/5 1799/6176/5
f 1983/6180/5 992/6181/5 990/6182/5
f 999/6183/5 992/6181/5 1983/6180/5
f 436/6184/5 871/6185/5 1982/6186/5
f 1985/6187/5 871/6185/5 436/6184/5
f 1987/6188/5 1984/6189/5 999/6183/5
f 1987/6188/5 1983/6180/5 998/6190/5
f 1987/6188/5 999/6183/5 1983/6180/5
f 1396/6191/5 1984/6189/5 1987/6188/5
f 1398/6192/5 1984/6189/5 1396/6191/5
f 1400/6193/5 1984/6189/5 1398/6192/5
f 796/6194/5 1986/6195/5 1985/6187/5
f 796/6194/5 1985/6187/5 436/6184/5
f 796/6194/5 436/6184/5 795/6196/5
f 1988/6197/5 1986/6195/5 796/6194/5
f 872/6198/5 1986/6195/5 1988/6197/5
f 1403/6199/5 1986/6195/5 872/6198/5
f 9/6200/5 1398/6192/5 1396/6191/5
f 1989/6201/5 1398/6192/5 9/6200/5
f 1407/6202/5 872/6198/5 1988/6197/5
f 1990/6203/5 872/6198/5 1407/6202/5
f 1595/6204/5 28/6205/5 11/6206/5
f 1599/6207/5 1991/6208/5 848/6209/5
f 29/6210/5 1597/6211/5 1595/6204/5
f 29/6210/5 1595/6204/5 11/6206/5
f 60/6212/5 1597/6211/5 29/6210/5
f 1992/6213/5 1599/6207/5 819/6214/5
f 1166/6215/5 1991/6208/5 1599/6207/5
f 1166/6215/5 1599/6207/5 1992/6213/5
f 1624/6216/5 29/6210/5 11/6206/5
f 849/6217/5 1991/6208/5 1166/6215/5
f 1202/6218/5 1993/6219/5 1624/6216/5
f 1202/6218/6 1624/6216/6 11/6206/6
f 61/6220/5 1993/6219/5 1202/6218/5
f 821/6221/5 849/6217/5 820/6222/5
f 1994/6223/7 1991/6208/7 849/6217/7
f 1994/6223/5 849/6217/5 821/6221/5
f 30/6224/5 1202/6218/5 11/6206/5
f 1995/6225/5 1991/6208/5 1994/6223/5
f 1248/6226/5 62/6227/5 30/6224/5
f 1248/6226/5 30/6224/5 11/6206/5
f 1996/6228/5 62/6227/5 1248/6226/5
f 1252/6229/5 1995/6225/5 822/6230/5
f 1253/6231/5 1991/6208/5 1995/6225/5
f 1253/6231/5 1995/6225/5 1252/6229/5
f 31/6232/5 1248/6226/5 11/6206/5
f 1998/6233/5 1991/6208/5 1253/6231/5
f 32/6234/5 1702/6235/5 31/6232/5
f 32/6234/5 31/6232/5 11/6206/5
f 1278/6236/5 1702/6235/5 32/6234/5
f 1999/6237/5 1998/6233/5 1997/6238/5
f 850/6239/5 1991/6208/5 1998/6233/5
f 850/6239/5 1998/6233/5 1999/6237/5
f 1340/6240/5 225/6241/5 544/6242/5
f 2001/6243/5 225/6241/5 1340/6240/5
f 2007/6244/5 32/6234/5 11/6206/5
f 1774/6245/5 2000/6246/5 1717/6247/5
f 166/6248/5 2000/6246/5 1774/6245/5
f 532/6249/5 1729/6250/5 1726/6251/5
f 203/6252/5 1729/6250/5 532/6249/5
f 2008/6253/5 1737/6254/5 1735/6255/5
f 2009/6256/5 1737/6254/5 2008/6253/5
f 2010/6257/5 1743/6258/5 2002/6259/5
f 1782/6260/5 1743/6258/5 2010/6257/5
f 1786/6261/5 1751/6262/5 2003/6263/5
f 1788/6264/5 1751/6262/5 1786/6261/5
f 672/6265/5 1757/6266/5 2004/6267/5
f 1792/6268/5 1757/6266/5 672/6265/5
f 722/6269/5 2006/6270/5 2005/6271/5
f 1800/6272/5 2006/6270/5 722/6269/5
f 2011/6273/5 1991/6208/5 850/6239/5
f 2012/6274/5 1800/6272/5 722/6269/5
f 2012/6274/5 2011/6273/5 1800/6272/5
f 2012/6274/5 1792/6268/5 672/6265/5
f 2012/6274/5 166/6248/5 1774/6245/5
f 2012/6274/5 722/6269/5 1792/6268/5
f 2012/6274/5 2007/6244/5 11/6206/5
f 2012/6274/5 672/6265/5 1788/6264/5
f 2012/6274/5 1788/6264/5 1786/6261/5
f 2012/6274/5 1786/6261/5 1782/6260/5
f 2012/6274/5 203/6252/5 532/6249/5
f 2012/6274/5 2010/6257/5 2009/6256/5
f 2012/6274/5 2009/6256/5 2008/6253/5
f 2012/6274/5 2008/6253/5 203/6252/5
f 2012/6274/5 1782/6260/5 2010/6257/5
f 2012/6274/5 532/6249/5 166/6248/5
f 2012/6274/5 1774/6245/5 2007/6244/5
f 1814/6275/5 1991/6208/5 2011/6273/5
f 1814/6275/5 2011/6273/5 2012/6274/5
f 2014/6276/5 2013/6277/5 93/6278/5
f 1518/6279/5 2013/6277/5 2014/6276/5
f 2015/6280/5 2013/6277/5 1518/6279/5
f 1092/6281/5 1472/6282/5 1466/6283/5
f 1096/6284/5 1472/6282/5 1092/6281/5
f 2016/6285/5 1472/6282/5 1096/6284/5
f 1378/6286/5 2017/6287/5 509/6288/5
f 2018/6289/5 2017/6287/5 1378/6286/5
f 251/6290/5 2343/6291/5 2342/6292/5
f 616/6293/5 2343/6291/5 251/6290/5
f 2020/6294/5 693/6295/5 1097/6296/5
f 2021/6297/5 693/6295/5 2020/6294/5
f 2022/6298/5 2020/6294/5 2019/6299/5
f 2022/6298/5 1105/6300/5 2021/6297/5
f 2022/6298/5 2021/6297/5 2020/6294/5
f 353/6301/5 2022/6298/5 1109/6302/5
f 356/6303/5 1105/6300/5 2022/6298/5
f 356/6303/5 2022/6298/5 353/6301/5
f 357/6304/5 1105/6300/5 356/6303/5
f 363/6305/5 1105/6300/5 357/6304/5
f 1565/6306/5 1105/6300/5 363/6305/5
f 1570/6307/5 1105/6300/5 1565/6306/5
f 1571/6308/5 1565/6306/5 363/6305/5
f 1575/6309/5 1565/6306/5 1571/6308/5
f 916/6310/5 2024/6311/5 2023/6312/5
f 917/6313/5 2024/6311/5 916/6310/5
f 2027/6314/5 490/6315/5 2025/6316/5
f 1482/6317/5 490/6315/5 2027/6314/5
f 2028/6318/5 2026/6319/5 406/6320/5
f 1493/6321/5 2026/6319/5 2028/6318/5
f 111/6322/5 2029/6323/5 1058/6324/5
f 2031/6325/5 2029/6323/5 111/6322/5
f 1475/6326/5 2029/6323/5 2031/6325/5
f 2032/6327/5 2029/6323/5 1475/6326/5
f 2033/6328/5 2030/6329/5 2376/6330/5
f 1074/6331/5 2030/6329/5 2033/6328/5
f 1075/6332/5 2030/6329/5 1074/6331/5
f 2034/6333/5 2030/6329/5 1075/6332/5
f 112/6334/5 2035/6335/5 1080/6336/5
f 1142/6337/5 2035/6335/5 112/6334/5
f 401/6338/5 1085/6339/5 400/6340/5
f 2036/6341/5 1085/6339/5 401/6338/5
f 981/6342/5 491/6343/5 2037/6344/5
f 2039/6345/5 491/6343/5 981/6342/5
f 412/6346/5 2038/6347/5 407/6348/5
f 2040/6349/5 2038/6347/5 412/6346/5
f 2041/6350/5 981/6342/5 2037/6344/5
f 1388/6351/5 491/6343/5 2039/6345/5
f 2042/6352/5 412/6346/5 407/6348/5
f 783/6353/5 2038/6347/5 2040/6349/5
f 1010/6354/5 2041/6350/5 2037/6344/5
f 1010/6354/5 1388/6351/5 2041/6350/5
f 2043/6355/5 491/6343/5 1388/6351/5
f 2043/6355/5 1388/6351/5 1010/6354/5
f 413/6356/5 783/6353/5 2042/6352/5
f 413/6356/5 2042/6352/5 407/6348/5
f 784/6357/5 2038/6347/5 783/6353/5
f 784/6357/5 783/6353/5 413/6356/5
f 2044/6358/5 1010/6354/5 2037/6344/5
f 2045/6359/5 491/6343/5 2043/6355/5
f 2046/6360/5 413/6356/5 407/6348/5
f 1417/6361/5 2038/6347/5 784/6357/5
f 2047/6362/5 2044/6358/5 2037/6344/5
f 2047/6362/5 2045/6359/5 2044/6358/5
f 1059/6363/5 2045/6359/5 2047/6362/5
f 2048/6364/5 491/6343/5 2045/6359/5
f 2048/6364/5 2045/6359/5 1059/6363/5
f 1063/6365/5 1417/6361/5 2046/6360/5
f 1063/6365/5 2046/6360/5 407/6348/5
f 1468/6366/5 2038/6347/5 1417/6361/5
f 1468/6366/5 1417/6361/5 1063/6365/5
f 799/6367/5 2038/6347/5 1468/6366/5
f 365/6368/5 695/6369/5 364/6370/5
f 696/6371/5 695/6369/5 365/6368/5
f 2050/6372/5 359/6373/5 355/6374/5
f 1560/6375/5 359/6373/5 2050/6372/5
f 706/6376/5 2049/6377/5 705/6378/5
f 711/6379/5 2049/6377/5 706/6376/5
f 366/6380/5 1567/6381/5 2051/6382/5
f 697/6383/5 1567/6381/5 366/6380/5
f 908/6384/5 893/6385/5 216/6386/5
f 2052/6387/5 893/6385/5 908/6384/5
f 933/6388/5 2053/6389/5 912/6390/5
f 936/6391/5 2053/6389/5 933/6388/5
f 2055/6392/5 919/6393/5 2054/6394/5
f 2056/6395/5 919/6393/5 2055/6392/5
f 2057/6396/5 935/6397/5 931/6398/5
f 947/6399/5 935/6397/5 2057/6396/5
f 384/6400/5 700/6401/5 937/6402/5
f 687/6403/5 700/6401/5 384/6400/5
f 2058/6404/5 2057/6396/5 931/6398/5
f 187/6405/5 2057/6396/5 2058/6404/5
f 525/6406/5 935/6397/5 947/6399/5
f 2059/6407/5 384/6400/5 937/6402/5
f 688/6408/5 700/6401/5 687/6403/5
f 954/6409/5 700/6401/5 688/6408/5
f 958/6410/5 187/6405/5 2058/6404/5
f 958/6410/5 525/6406/5 187/6405/5
f 958/6410/5 2058/6404/5 949/6411/5
f 2060/6412/5 525/6406/5 958/6410/5
f 960/6413/5 735/6414/5 954/6409/5
f 960/6413/5 954/6409/5 688/6408/5
f 960/6413/5 688/6408/5 2059/6407/5
f 2061/6415/5 735/6414/5 960/6413/5
f 2062/6416/5 958/6410/5 949/6411/5
f 1364/6417/5 525/6406/5 2060/6412/5
f 2063/6418/5 960/6413/5 2059/6407/5
f 1366/6419/5 735/6414/5 2061/6415/5
f 2064/6420/5 1364/6417/5 2062/6416/5
f 2064/6420/5 525/6406/5 1364/6417/5
f 1367/6421/5 935/6397/5 525/6406/5
f 1367/6421/5 525/6406/5 2064/6420/5
f 2065/6422/5 2063/6418/5 2059/6407/5
f 2065/6422/5 2059/6407/5 937/6402/5
f 2065/6422/5 1366/6419/5 2063/6418/5
f 395/6423/5 1366/6419/5 2065/6422/5
f 970/6424/5 2062/6416/5 949/6411/5
f 970/6424/5 2064/6420/5 2062/6416/5
f 498/6425/5 2064/6420/5 970/6424/5
f 2066/6426/5 1366/6419/5 395/6423/5
f 732/6427/5 735/6414/5 1366/6419/5
f 732/6427/5 1366/6419/5 2066/6426/5
f 2067/6428/8 970/6424/8 949/6411/8
f 499/6429/5 2064/6420/5 498/6425/5
f 399/6430/5 2066/6426/5 395/6423/5
f 2068/6431/9 735/6414/9 732/6427/9
f 2724/6432/5 2067/6428/5 949/6411/5
f 2724/6432/5 499/6429/5 2067/6428/5
f 1377/6433/5 2064/6420/5 499/6429/5
f 1377/6433/5 499/6429/5 2724/6432/5
f 1381/6434/5 2068/6431/5 399/6430/5
f 1381/6434/5 399/6430/5 395/6423/5
f 1382/6435/5 735/6414/5 2068/6431/5
f 1382/6435/5 2068/6431/5 1381/6434/5
f 1383/6436/5 2724/6437/5 97/6438/5
f 493/6439/5 2724/6437/5 1383/6436/5
f 1386/6440/5 980/6441/5 1382/6442/5
f 2069/6443/5 980/6441/5 1386/6440/5
f 368/6444/5 1102/6445/5 1100/6446/5
f 2070/6447/5 1102/6445/5 368/6444/5
f 1558/6448/5 2072/6449/5 2071/6450/5
f 361/6451/5 2072/6449/5 1558/6448/5
f 1561/6452/5 712/6453/5 2073/6454/5
f 2074/6455/5 712/6453/5 1561/6452/5
f 370/6456/5 1568/6457/5 369/6458/5
f 2075/6459/5 1568/6457/5 370/6456/5
f 227/6460/5 2076/6461/5 895/6462/5
f 2084/6463/5 899/6464/5 898/6465/5
f 2085/6466/5 899/6464/5 2084/6463/5
f 1342/6467/5 2078/6468/5 2077/6469/5
f 2086/6470/5 2078/6468/5 1342/6467/5
f 1344/6471/5 319/6472/5 2079/6473/5
f 1345/6474/5 319/6472/5 1344/6471/5
f 2087/6475/5 2080/6476/5 603/6477/5
f 1347/6478/5 2080/6476/5 2087/6475/5
f 635/6479/5 2082/6480/5 2081/6481/5
f 1349/6482/5 2082/6480/5 635/6479/5
f 2725/6483/5 2083/6484/5 655/6485/5
f 662/6486/5 2083/6484/5 2725/6483/5
f 2088/6487/5 227/6460/5 895/6462/5
f 915/6488/5 227/6460/5 2088/6487/5
f 926/6489/5 2725/6490/5 1349/6491/5
f 2708/6492/5 2090/6493/5 2089/6494/5
f 1353/6495/5 2090/6493/5 2708/6492/5
f 2094/6496/5 551/6497/5 925/6498/5
f 2094/6496/5 925/6498/5 924/6499/5
f 1354/6500/5 551/6497/5 2094/6496/5
f 344/6501/5 926/6489/5 1349/6491/5
f 344/6501/5 2091/6502/5 926/6489/5
f 1356/6503/5 2091/6502/5 344/6501/5
f 2095/6504/5 2092/6505/5 929/6506/5
f 1358/6507/5 2092/6505/5 2095/6504/5
f 2096/6508/5 2708/6509/5 2093/6510/5
f 2097/6511/5 2708/6509/5 2096/6508/5
f 382/6512/5 683/6513/5 1359/6514/5
f 2098/6515/5 683/6513/5 382/6512/5
f 188/6516/5 690/6517/5 2099/6518/5
f 2100/6519/5 690/6517/5 188/6516/5
f 896/6520/5 2101/6521/5 217/6522/5
f 903/6523/5 2101/6521/5 896/6520/5
f 2103/6524/5 896/6520/5 217/6522/5
f 2104/6525/5 663/6526/5 1350/6527/5
f 191/6528/5 2103/6524/5 2102/6529/5
f 220/6530/5 896/6520/5 2103/6524/5
f 220/6530/5 2103/6524/5 191/6528/5
f 927/6531/5 921/6532/5 2104/6525/5
f 927/6531/5 2104/6525/5 1350/6527/5
f 930/6533/5 921/6532/5 927/6531/5
f 934/6534/5 191/6528/5 2102/6529/5
f 2105/6535/5 191/6528/5 934/6534/5
f 684/6536/5 921/6532/5 930/6533/5
f 939/6537/5 921/6532/5 684/6536/5
f 189/6538/5 1723/6539/5 1719/6540/5
f 1795/6541/5 1764/6542/5 1761/6543/5
f 167/6544/5 189/6538/5 1719/6540/5
f 167/6544/5 1795/6541/5 189/6538/5
f 713/6545/5 1764/6542/5 1795/6541/5
f 713/6545/5 1795/6541/5 167/6544/5
f 1591/6546/5 70/6547/5 35/6548/5
f 71/6549/5 70/6547/5 1591/6546/5
f 825/6550/5 2106/6551/5 824/6552/5
f 1594/6553/5 2106/6551/5 825/6550/5
f 2109/6554/5 72/6555/5 2107/6556/5
f 1602/6557/5 72/6555/5 2109/6554/5
f 1605/6558/5 2108/6559/5 1163/6560/5
f 1606/6561/5 2108/6559/5 1605/6558/5
f 36/6562/5 73/6563/5 1176/6564/5
f 1612/6565/5 73/6563/5 36/6562/5
f 827/6566/5 2110/6567/5 826/6568/5
f 2111/6569/5 2110/6567/5 827/6566/5
f 38/6570/5 1188/6571/5 37/6572/5
f 1633/6573/5 1188/6571/5 38/6570/5
f 2112/6574/5 852/6575/5 828/6576/5
f 1643/6577/5 852/6575/5 2112/6574/5
f 39/6578/5 74/6579/5 2113/6580/5
f 75/6581/5 74/6579/5 39/6578/5
f 2115/6582/5 853/6583/5 2114/6584/5
f 1677/6585/5 853/6583/5 2115/6582/5
f 41/6586/5 2116/6587/5 40/6588/5
f 1681/6589/5 2116/6587/5 41/6586/5
f 2117/6590/5 854/6591/5 1246/6592/5
f 1684/6593/5 854/6591/5 2117/6590/5
f 1690/6594/5 76/6595/5 1267/6596/5
f 2119/6597/5 76/6595/5 1690/6594/5
f 829/6598/5 1269/6599/5 2118/6600/5
f 855/6601/5 1269/6599/5 829/6598/5
f 2121/6602/5 1274/6603/5 2120/6604/5
f 2122/6605/5 1274/6603/5 2121/6602/5
f 831/6606/5 856/6607/5 830/6608/5
f 2123/6609/5 856/6607/5 831/6606/5
f 2125/6610/5 1298/6611/5 168/6612/5
f 1314/6613/5 1298/6611/5 2125/6610/5
f 2126/6614/5 2124/6615/5 1299/6616/5
f 2128/6617/5 1318/6618/5 1317/6619/5
f 42/6620/5 2126/6614/5 1299/6616/5
f 42/6620/5 169/6621/5 2126/6614/5
f 170/6622/5 169/6621/5 42/6620/5
f 2129/6623/5 2127/6624/5 1724/6625/5
f 2130/6626/5 2127/6624/5 2129/6623/5
f 1796/6627/5 2128/6617/5 1765/6628/5
f 1803/6629/5 1318/6618/5 2128/6617/5
f 1803/6629/5 2128/6617/5 1796/6627/5
f 1160/6630/5 2131/6631/5 43/6632/5
f 2510/6633/5 2131/6631/5 1160/6630/5
f 1162/6634/5 857/6635/5 2132/6636/5
f 858/6637/5 857/6635/5 1162/6634/5
f 1177/6638/5 2133/6639/5 1600/6640/5
f 2514/6641/5 2133/6639/5 1177/6638/5
f 2515/6642/5 1607/6643/5 1603/6644/5
f 2134/6645/5 1607/6643/5 2515/6642/5
f 2136/6646/5 2135/6647/5 1611/6648/5
f 460/6649/5 2135/6647/5 2136/6646/5
f 1191/6650/5 859/6651/5 2516/6652/5
f 860/6653/5 859/6651/5 1191/6650/5
f 44/6654/5 461/6655/5 1632/6656/5
f 2517/6657/5 461/6655/5 44/6654/5
f 2137/6658/5 1644/6659/5 1641/6660/5
f 1241/6661/5 1644/6659/5 2137/6658/5
f 1244/6662/5 462/6663/5 1667/6664/5
f 463/6665/5 462/6663/5 1244/6662/5
f 2520/6666/5 2139/6667/5 2138/6668/5
f 861/6669/5 2139/6667/5 2520/6666/5
f 45/6670/5 464/6671/5 1680/6672/5
f 465/6673/5 464/6671/5 45/6670/5
f 430/6674/5 862/6675/5 2140/6676/5
f 863/6677/5 862/6675/5 430/6674/5
f 1272/6678/5 2522/6679/5 2141/6680/5
f 2142/6681/5 2522/6679/5 1272/6678/5
f 1276/6682/5 1700/6683/5 2524/6684/5
f 864/6685/5 1700/6683/5 1276/6682/5
f 2146/6686/5 2525/6687/5 2143/6688/5
f 1300/6689/5 2525/6687/5 2146/6686/5
f 1315/6690/5 2145/6691/5 2144/6692/5
f 865/6693/5 2145/6691/5 1315/6690/5
f 1647/6694/5 569/6695/5 1204/6696/5
f 2149/6697/5 569/6695/5 1647/6694/5
f 1653/6698/5 1639/6699/5 2147/6700/5
f 1655/6701/5 1639/6699/5 1653/6698/5
f 2150/6702/5 2148/6703/5 1215/6704/5
f 1658/6705/5 2148/6703/5 2150/6702/5
f 1651/6706/5 310/6707/5 570/6708/5
f 2151/6709/5 310/6707/5 1651/6706/5
f 1656/6710/5 1216/6711/5 1213/6712/5
f 321/6713/5 1216/6711/5 1656/6710/5
f 2152/6714/5 1197/6715/5 261/6716/5
f 2152/6714/5 1199/6717/5 1198/6718/5
f 2152/6714/5 1198/6718/5 1197/6715/5
f 2153/6719/5 1199/6717/5 2152/6714/5
f 232/6720/5 2155/6721/5 2154/6722/5
f 2156/6723/5 2155/6721/5 232/6720/5
f 2157/6724/5 1200/6725/5 2585/6726/5
f 252/6727/5 2155/6721/5 2156/6723/5
f 2158/6728/5 2155/6721/5 252/6727/5
f 2159/6729/5 639/6730/5 2157/6724/5
f 2159/6729/5 2157/6724/5 2585/6726/5
f 2160/6731/5 639/6730/5 2159/6729/5
f 541/6732/5 545/6733/5 2161/6734/5
f 2163/6735/5 545/6733/5 541/6732/5
f 2164/6736/5 2162/6737/5 348/6738/5
f 372/6739/5 2162/6737/5 2164/6736/5
f 546/6740/5 2165/6741/5 1283/6742/5
f 222/6743/5 2165/6741/5 546/6740/5
f 656/6744/5 349/6745/5 2166/6746/5
f 2167/6747/5 349/6745/5 656/6744/5
f 2169/6748/5 2168/6749/5 1286/6750/5
f 1304/6751/5 2168/6749/5 2169/6748/5
f 2170/6752/5 343/6753/5 627/6754/5
f 2171/6755/5 343/6753/5 2170/6752/5
f 1186/6756/5 1182/6757/5 1181/6758/5
f 580/6759/5 1182/6757/5 1186/6756/5
f 1210/6760/5 1630/6761/5 2172/6762/5
f 2713/6763/5 1630/6761/5 1210/6760/5
f 1649/6764/5 1210/6765/5 1205/6766/5
f 2718/6767/5 1210/6765/5 1649/6764/5
f 2709/6768/5 325/6769/5 2713/6770/5
f 1659/6771/5 325/6769/5 2709/6768/5
f 1665/6772/5 2709/6773/5 2718/6774/5
f 2173/6775/5 2709/6773/5 1665/6772/5
f 560/6776/5 2175/6777/5 2174/6778/5
f 1306/6779/5 2175/6777/5 560/6776/5
f 2176/6780/5 1290/6781/5 581/6782/5
f 1311/6783/5 1290/6781/5 2176/6780/5
f 2178/6784/5 2177/6785/5 234/6786/5
f 239/6787/5 2177/6785/5 2178/6784/5
f 2179/6788/5 1224/6789/5 1221/6790/5
f 640/6791/5 1224/6789/5 2179/6788/5
f 2180/6792/5 1685/6793/5 503/6794/5
f 165/6795/5 1685/6793/5 2180/6792/5
f 235/6796/5 2181/6797/5 1194/6798/5
f 1637/6799/5 2181/6797/5 235/6796/5
f 2182/6800/5 1225/6801/5 1222/6802/5
f 643/6803/5 1225/6801/5 2182/6800/5
f 304/6804/5 2712/6805/5 262/6806/5
f 585/6807/5 2712/6805/5 304/6804/5
f 263/6808/5 304/6804/5 262/6806/5
f 1652/6809/5 304/6804/5 263/6808/5
f 2183/6810/5 2712/6805/5 585/6807/5
f 2184/6811/5 2712/6805/5 2183/6810/5
f 575/6812/5 594/6813/5 275/6814/5
f 311/6815/5 594/6813/5 575/6812/5
f 2185/6816/5 575/6812/5 275/6814/5
f 312/6817/5 594/6813/5 311/6815/5
f 2186/6818/5 2185/6816/5 275/6814/5
f 2186/6818/5 312/6817/5 2185/6816/5
f 288/6819/5 312/6817/5 2186/6818/5
f 595/6820/5 594/6813/5 312/6817/5
f 595/6820/5 312/6817/5 288/6819/5
f 573/6821/5 1432/6822/5 2187/6823/5
f 2189/6824/5 1432/6822/5 573/6821/5
f 2190/6825/5 573/6826/5 276/6827/5
f 1486/6828/5 1036/6829/5 2188/6830/5
f 277/6831/5 2190/6825/5 276/6827/5
f 277/6831/5 1486/6828/5 2190/6825/5
f 1504/6832/5 1036/6829/5 1486/6828/5
f 1504/6832/5 1486/6828/5 277/6831/5
f 291/6833/5 314/6834/5 1014/6835/5
f 1418/6836/5 314/6834/5 291/6833/5
f 278/6837/5 291/6838/5 2191/6839/5
f 2192/6840/5 291/6838/5 278/6837/5
f 1034/6841/5 596/6842/5 1418/6843/5
f 597/6844/5 596/6842/5 1034/6841/5
f 1044/6845/5 1034/6846/5 2192/6847/5
f 316/6848/5 1034/6846/5 1044/6845/5
f 1026/6849/5 1020/6850/5 1019/6851/5
f 2193/6852/5 1020/6850/5 1026/6849/5
f 292/6853/5 1026/6849/5 1025/6854/5
f 292/6853/5 1028/6855/5 2193/6852/5
f 292/6853/5 2193/6852/5 1026/6849/5
f 2194/6856/5 1028/6855/5 292/6853/5
f 577/6857/5 1028/6855/5 2194/6856/5
f 586/6858/5 1028/6855/5 577/6857/5
f 1046/6859/5 577/6857/5 2194/6856/5
f 1048/6860/5 577/6857/5 1046/6859/5
f 2196/6861/5 2195/6862/5 1029/6863/5
f 1051/6864/5 2195/6862/5 2196/6861/5
f 1437/6865/5 2196/6861/5 1029/6863/5
f 294/6866/5 2196/6861/5 1437/6865/5
f 2197/6867/5 2195/6862/5 1051/6864/5
f 2198/6868/5 2195/6862/5 2197/6867/5
f 2199/6869/5 1042/6870/5 200/6871/5
f 2200/6872/5 1042/6870/5 2199/6869/5
f 667/6873/5 1054/6874/5 1053/6875/5
f 674/6876/5 1054/6874/5 667/6873/5
f 2202/6877/5 1439/6878/5 279/6879/5
f 2203/6880/5 1441/6881/5 2201/6882/5
f 280/6883/5 2202/6877/5 279/6879/5
f 280/6883/5 2203/6880/5 2202/6877/5
f 607/6884/5 1441/6881/5 2203/6880/5
f 607/6884/5 2203/6880/5 280/6883/5
f 1041/6885/5 2204/6886/5 1032/6887/5
f 1055/6888/5 2204/6886/5 1041/6885/5
f 2205/6889/5 1041/6885/5 1032/6887/5
f 1436/6890/5 1041/6885/5 2205/6889/5
f 1442/6891/5 2204/6886/5 1055/6888/5
f 1443/6892/5 2204/6886/5 1442/6891/5
f 2206/6893/5 1037/6894/5 1033/6895/5
f 1052/6896/5 1037/6894/5 2206/6893/5
f 1485/6897/5 2206/6893/5 1033/6895/5
f 2207/6898/5 1037/6894/5 1052/6896/5
f 1496/6899/5 1485/6897/5 1033/6895/5
f 1496/6899/5 2207/6898/5 1485/6897/5
f 2208/6900/5 1037/6894/5 2207/6898/5
f 2208/6900/5 2207/6898/5 1496/6899/5
f 2210/6901/5 1015/6902/5 2209/6903/5
f 1038/6904/5 1015/6902/5 2210/6901/5
f 281/6905/5 2210/6901/5 2209/6903/5
f 2211/6906/5 1015/6902/5 1038/6904/5
f 242/6907/5 281/6905/5 2209/6903/5
f 242/6907/5 2211/6906/5 281/6905/5
f 630/6908/5 1015/6902/5 2211/6906/5
f 630/6908/5 2211/6906/5 242/6907/5
f 1419/6909/5 253/6910/5 244/6911/5
f 2214/6912/5 253/6910/5 1419/6909/5
f 2714/6913/5 299/6914/5 565/6915/5
f 2215/6916/5 299/6914/5 2714/6913/5
f 1424/6917/5 1021/6918/5 576/6919/5
f 2216/6920/5 1021/6918/5 1424/6917/5
f 2217/6921/5 2212/6922/5 601/6923/5
f 2715/6924/5 2212/6922/5 2217/6921/5
f 2726/6925/5 2213/6926/5 620/6927/5
f 1428/6928/5 2213/6926/5 2726/6925/5
f 254/6929/5 2714/6930/5 2214/6931/5
f 566/6932/5 2714/6930/5 254/6929/5
f 1039/6933/5 2726/6934/5 2715/6935/5
f 2218/6936/5 2726/6934/5 1039/6933/5
f 255/6937/5 567/6938/5 1434/6939/5
f 2219/6940/5 567/6938/5 255/6937/5
f 332/6941/5 621/6942/5 331/6943/5
f 622/6944/5 621/6942/5 332/6941/5
f 256/6945/5 1484/6946/5 2220/6947/5
f 2221/6948/5 1484/6946/5 256/6945/5
f 334/6949/5 623/6950/5 333/6951/5
f 2222/6952/5 623/6950/5 334/6949/5
f 1077/6953/5 2223/6954/5 1069/6955/5
f 2225/6956/5 2223/6954/5 1077/6953/5
f 1499/6957/5 1077/6958/5 2224/6959/5
f 1502/6960/5 1077/6958/5 1499/6957/5
f 1490/6961/5 1070/6962/5 624/6963/5
f 2227/6964/5 1070/6962/5 1490/6961/5
f 644/6965/5 647/6966/5 2226/6967/5
f 2228/6968/5 647/6966/5 644/6965/5
f 337/6969/5 644/6970/5 2227/6971/5
f 1506/6972/5 644/6970/5 337/6969/5
f 649/6973/5 2229/6974/5 648/6975/5
f 1492/6976/5 2229/6974/5 649/6973/5
f 350/6977/5 2230/6978/5 1492/6979/5
f 2231/6980/5 2230/6978/5 350/6977/5
f 152/6981/10 2232/6982/10 153/6983/10
f 153/6983/10 2232/6982/10 724/6984/10
f 907/6985/10 2233/6986/10 212/6987/10
f 212/6987/10 2233/6986/10 2234/6988/10
f 2235/6989/10 124/6990/10 101/6991/10
f 101/6991/10 124/6990/10 2237/6992/10
f 2236/6993/10 1467/6994/10 2238/6995/10
f 2238/6995/10 1467/6994/10 767/6996/10
f 2239/6997/10 1351/6998/10 2240/6999/10
f 2240/6999/10 1351/6998/10 2241/7000/10
f 102/7001/10 126/7002/10 103/7003/10
f 103/7003/10 126/7002/10 127/7004/10
f 2242/7005/10 1584/7006/10 1154/7007/10
f 1154/7007/10 1584/7006/10 2243/7008/10
f 1446/7009/10 2244/7010/10 1512/7011/10
f 1512/7011/10 2244/7010/10 1515/7012/10
f 1515/7012/10 2244/7010/10 2246/7013/10
f 1462/7014/10 2245/7015/10 745/7016/10
f 745/7016/10 2245/7015/10 1093/7017/10
f 1093/7017/10 2245/7015/10 2247/7018/10
f 2248/7019/10 1153/7020/10 1168/7021/10
f 1168/7021/10 1153/7020/10 128/7022/10
f 746/7023/10 1155/7024/10 1174/7025/10
f 1174/7025/10 1155/7024/10 768/7026/10
f 1614/7027/10 2249/7028/10 1228/7029/10
f 1228/7029/10 2249/7028/10 129/7030/10
f 1616/7031/10 2250/7032/10 2251/7033/10
f 2251/7033/10 2250/7032/10 2252/7034/10
f 104/7035/10 1669/7036/10 1256/7037/10
f 1256/7037/10 1669/7036/10 1257/7038/10
f 747/7039/10 769/7040/10 1260/7041/10
f 1260/7041/10 769/7040/10 770/7042/10
f 2253/7043/10 130/7044/10 2254/7045/10
f 1696/7046/10 771/7047/10 748/7048/10
f 2253/7043/10 2254/7045/10 2255/7049/10
f 2255/7049/10 2254/7045/10 488/7050/10
f 1771/7051/10 748/7048/10 143/7052/10
f 748/7048/10 771/7047/10 1813/7053/10
f 143/7052/10 748/7048/10 1813/7053/10
f 1447/7054/10 1454/7055/10 85/7056/10
f 85/7056/10 1454/7055/10 2256/7057/10
f 2256/7057/10 1454/7055/10 131/7058/10
f 750/7059/10 790/7060/10 751/7061/10
f 751/7061/10 790/7060/10 1520/7062/10
f 1520/7062/10 790/7060/10 2257/7063/10
f 2258/7064/10 2259/7065/10 2262/7066/10
f 2262/7066/10 2259/7065/10 1516/7067/10
f 1516/7067/10 2259/7065/10 2263/7068/10
f 2260/7069/10 2261/7070/10 2264/7071/10
f 2264/7071/10 2261/7070/10 772/7072/10
f 772/7072/10 2261/7070/10 1523/7073/10
f 450/7074/10 2265/7075/10 1527/7076/10
f 1527/7076/10 2265/7075/10 2267/7077/10
f 804/7078/10 440/7079/10 2727/7080/10
f 2727/7080/10 440/7079/10 866/7081/10
f 2266/7082/10 1527/7083/10 2/7084/10
f 2/7084/10 1527/7083/10 6/7085/10
f 2267/7086/10 1530/7087/10 455/7088/10
f 455/7088/10 1530/7087/10 2269/7089/10
f 2268/7090/10 2727/7091/10 416/7092/10
f 416/7092/10 2727/7091/10 1549/7093/10
f 866/7094/10 1533/7095/10 867/7096/10
f 867/7096/10 1533/7095/10 877/7097/10
f 6/7098/10 455/7099/10 1552/7100/10
f 1552/7100/10 455/7099/10 1553/7101/10
f 1549/7102/10 867/7103/10 805/7104/10
f 805/7104/10 867/7103/10 441/7105/10
f 444/7106/10 46/7107/10 988/7108/10
f 988/7108/10 46/7107/10 47/7109/10
f 807/7110/10 986/7111/10 431/7112/10
f 431/7112/10 986/7111/10 996/7113/10
f 2270/7114/10 988/7115/10 1003/7116/10
f 1003/7116/10 988/7115/10 445/7117/10
f 47/7118/10 1389/7119/10 1005/7120/10
f 1005/7120/10 1389/7119/10 456/7121/10
f 1390/7122/10 431/7123/10 1006/7124/10
f 1006/7124/10 431/7123/10 2728/7125/10
f 996/7126/10 2271/7127/10 2729/7128/10
f 2729/7128/10 2271/7127/10 882/7129/10
f 445/7130/10 1005/7131/10 1411/7132/10
f 1411/7132/10 1005/7131/10 48/7133/10
f 2728/7134/10 2729/7135/10 808/7136/10
f 808/7136/10 2729/7135/10 2272/7137/10
f 3/7138/10 1136/7139/10 1139/7140/10
f 1139/7140/10 1136/7139/10 1140/7141/10
f 1138/7142/10 878/7143/10 775/7144/10
f 775/7144/10 878/7143/10 835/7145/10
f 3/7138/10 1139/7140/10 1590/7146/10
f 835/7145/10 878/7143/10 836/7147/10
f 1590/7146/10 1592/7148/10 19/7149/10
f 3/7138/10 1590/7146/10 19/7149/10
f 19/7149/10 1592/7148/10 49/7150/10
f 809/7151/10 836/7147/10 2273/7152/10
f 836/7147/10 878/7143/10 837/7153/10
f 2273/7152/10 836/7147/10 837/7153/10
f 3/7138/10 19/7149/10 1609/7154/10
f 837/7153/10 878/7143/10 1623/7155/10
f 1609/7154/10 2274/7156/10 20/7157/10
f 3/7138/10 1609/7154/10 20/7157/10
f 20/7157/10 2274/7156/10 2276/7158/10
f 2275/7159/10 1623/7155/10 1233/7160/10
f 1623/7155/10 878/7143/10 2277/7161/10
f 1233/7160/10 1623/7155/10 2277/7161/10
f 3/7138/10 20/7157/10 2278/7162/10
f 2277/7161/10 878/7143/10 1675/7163/10
f 2278/7162/10 50/7164/10 2279/7165/10
f 3/7138/10 2278/7162/10 2279/7165/10
f 2279/7165/10 50/7164/10 2280/7166/10
f 810/7167/10 1675/7163/10 2281/7168/10
f 1675/7163/10 878/7143/10 1264/7169/10
f 2281/7168/10 1675/7163/10 1264/7169/10
f 3/7138/10 2279/7165/10 21/7170/10
f 1264/7169/10 878/7143/10 1698/7171/10
f 21/7170/10 2282/7172/10 22/7173/10
f 3/7138/10 21/7170/10 22/7173/10
f 22/7173/10 2282/7172/10 1280/7174/10
f 2283/7175/10 1698/7171/10 2284/7176/10
f 1698/7171/10 878/7143/10 1281/7177/10
f 2284/7176/10 1698/7171/10 1281/7177/10
f 543/7178/10 2285/7179/10 1339/7180/10
f 1339/7180/10 2285/7179/10 2287/7181/10
f 3/7138/10 22/7173/10 1768/7182/10
f 2286/7183/10 174/7184/10 1772/7185/10
f 1772/7185/10 174/7184/10 2291/7186/10
f 528/7187/10 207/7188/10 529/7189/10
f 529/7189/10 207/7188/10 1777/7190/10
f 1732/7191/10 258/7192/10 555/7193/10
f 555/7193/10 258/7192/10 259/7194/10
f 572/7195/10 1744/7196/10 2292/7197/10
f 2292/7197/10 1744/7196/10 1783/7198/10
f 1749/7199/10 2288/7200/10 1784/7201/10
f 1784/7201/10 2288/7200/10 342/7202/10
f 1754/7203/10 2289/7204/10 1790/7205/10
f 1790/7205/10 2289/7204/10 1793/7206/10
f 2290/7207/10 405/7208/10 710/7209/10
f 710/7209/10 405/7208/10 1801/7210/10
f 1281/7177/10 878/7143/10 838/7211/10
f 710/7209/10 1801/7210/10 1806/7212/10
f 1801/7210/10 838/7211/10 1806/7212/10
f 1790/7205/10 1793/7206/10 1806/7212/10
f 1772/7185/10 2291/7186/10 1806/7212/10
f 1793/7206/10 710/7209/10 1806/7212/10
f 3/7138/10 1768/7182/10 1806/7212/10
f 342/7202/10 1790/7205/10 1806/7212/10
f 1784/7201/10 342/7202/10 1806/7212/10
f 1783/7198/10 1784/7201/10 1806/7212/10
f 529/7189/10 1777/7190/10 1806/7212/10
f 259/7194/10 2292/7197/10 1806/7212/10
f 555/7193/10 259/7194/10 1806/7212/10
f 1777/7190/10 555/7193/10 1806/7212/10
f 2292/7197/10 1783/7198/10 1806/7212/10
f 2291/7186/10 529/7189/10 1806/7212/10
f 1768/7182/10 1772/7185/10 1806/7212/10
f 838/7211/10 878/7143/10 2293/7213/10
f 1806/7212/10 838/7211/10 2293/7213/10
f 1448/7214/10 1455/7215/10 88/7216/10
f 88/7216/10 1455/7215/10 2294/7217/10
f 2294/7217/10 1455/7215/10 2295/7218/10
f 1464/7219/10 793/7220/10 2296/7221/10
f 2296/7221/10 793/7220/10 1094/7222/10
f 1094/7222/10 793/7220/10 2297/7223/10
f 1107/7224/10 1108/7225/10 2299/7226/10
f 2299/7226/10 1108/7225/10 1125/7227/10
f 2298/7228/10 1116/7229/10 2300/7230/10
f 2300/7230/10 1116/7229/10 1130/7231/10
f 1107/7224/10 2299/7226/10 1537/7232/10
f 1125/7227/10 1108/7225/10 2301/7233/10
f 2298/7228/10 2300/7230/10 2302/7234/10
f 1130/7231/10 1116/7229/10 839/7235/10
f 1107/7224/10 1537/7232/10 1551/7236/10
f 1537/7232/10 2301/7233/10 1551/7236/10
f 2301/7233/10 1108/7225/10 468/7237/10
f 1551/7236/10 2301/7233/10 468/7237/10
f 2302/7234/10 839/7235/10 1554/7238/10
f 2298/7228/10 2302/7234/10 1554/7238/10
f 839/7235/10 1116/7229/10 879/7239/10
f 1554/7238/10 839/7235/10 879/7239/10
f 1714/7240/10 2303/7241/10 2304/7242/10
f 2304/7242/10 2303/7241/10 1341/7243/10
f 983/7244/10 458/7245/10 451/7246/10
f 451/7246/10 458/7245/10 2306/7247/10
f 2305/7248/10 987/7249/10 840/7250/10
f 840/7250/10 987/7249/10 2307/7251/10
f 983/7244/10 451/7246/10 452/7252/10
f 2306/7247/10 458/7245/10 2308/7253/10
f 2305/7248/10 840/7250/10 1002/7254/10
f 2307/7251/10 987/7249/10 2309/7255/10
f 983/7244/10 452/7252/10 1410/7256/10
f 452/7252/10 2308/7253/10 1410/7256/10
f 2308/7253/10 458/7245/10 2310/7257/10
f 1410/7256/10 2308/7253/10 2310/7257/10
f 1002/7254/10 2309/7255/10 1413/7258/10
f 2305/7248/10 1002/7254/10 1413/7258/10
f 2309/7255/10 987/7249/10 884/7259/10
f 1413/7258/10 2309/7255/10 884/7259/10
f 283/7260/10 2311/7261/10 2312/7262/10
f 2312/7262/10 2311/7261/10 589/7263/10
f 90/7264/10 138/7265/10 91/7266/10
f 91/7266/10 138/7265/10 106/7267/10
f 106/7267/10 138/7265/10 1089/7268/10
f 1465/7269/10 1471/7270/10 1091/7271/10
f 1091/7271/10 1471/7270/10 1095/7272/10
f 1095/7272/10 1471/7270/10 1524/7273/10
f 2313/7274/10 1118/7275/10 27/7276/10
f 27/7276/10 1118/7275/10 1126/7277/10
f 1122/7278/10 2314/7279/10 2317/7280/10
f 2317/7280/10 2314/7279/10 846/7281/10
f 1126/7277/10 2316/7282/10 10/7283/10
f 2315/7284/10 27/7276/10 10/7283/10
f 27/7276/10 1126/7277/10 10/7283/10
f 10/7283/10 2316/7282/10 2319/7285/10
f 2319/7285/10 2316/7282/10 1539/7286/10
f 1539/7286/10 2316/7282/10 1541/7287/10
f 846/7281/10 2318/7288/10 2320/7289/10
f 2317/7280/10 846/7281/10 2320/7289/10
f 777/7290/10 2317/7280/10 2320/7289/10
f 2320/7289/10 2318/7288/10 435/7291/10
f 435/7291/10 2318/7288/10 2321/7292/10
f 2321/7292/10 2318/7288/10 1543/7293/10
f 2319/7285/10 1539/7286/10 1545/7294/10
f 1545/7294/10 1539/7286/10 1547/7295/10
f 435/7291/10 2321/7292/10 1550/7296/10
f 1550/7296/10 2321/7292/10 847/7297/10
f 266/7298/10 2322/7299/10 267/7300/10
f 267/7300/10 2322/7299/10 2323/7301/10
f 991/7302/10 993/7303/10 12/7304/10
f 12/7304/10 993/7303/10 2325/7305/10
f 437/7306/10 995/7307/10 1000/7308/10
f 1000/7308/10 995/7307/10 873/7309/10
f 2325/7305/10 92/7310/10 1395/7311/10
f 2324/7312/10 12/7304/10 1395/7311/10
f 12/7304/10 2325/7305/10 1395/7311/10
f 1395/7311/10 92/7310/10 1397/7313/10
f 1397/7313/10 92/7310/10 1399/7314/10
f 1399/7314/10 92/7310/10 1401/7315/10
f 873/7309/10 1001/7316/10 1402/7317/10
f 1000/7308/10 873/7309/10 1402/7317/10
f 797/7318/10 1000/7308/10 1402/7317/10
f 1402/7317/10 1001/7316/10 438/7319/10
f 438/7319/10 1001/7316/10 2326/7320/10
f 2326/7320/10 1001/7316/10 1404/7321/10
f 1397/7313/10 1399/7314/10 1405/7322/10
f 1405/7322/10 1399/7314/10 2327/7323/10
f 438/7319/10 2326/7320/10 439/7324/10
f 439/7324/10 2326/7320/10 1408/7325/10
f 2328/7326/10 33/7327/10 2329/7328/10
f 1151/7329/10 874/7330/10 1802/7331/10
f 2328/7326/10 2329/7328/10 2330/7332/10
f 2329/7328/10 1802/7331/10 2330/7332/10
f 1802/7331/10 874/7330/10 2331/7333/10
f 2330/7332/10 1802/7331/10 2331/7333/10
f 248/7334/10 614/7335/10 249/7336/10
f 249/7336/10 614/7335/10 890/7337/10
f 508/7338/10 185/7339/10 2332/7340/10
f 2332/7340/10 185/7339/10 975/7341/10
f 517/7342/10 2333/7343/10 2334/7344/10
f 2334/7344/10 2333/7343/10 2335/7345/10
f 517/7342/10 2334/7344/10 518/7346/10
f 518/7346/10 2334/7344/10 218/7347/10
f 2335/7345/10 2333/7343/10 1145/7348/10
f 1145/7348/10 2333/7343/10 1147/7349/10
f 2017/7350/10 228/7351/10 2337/7352/10
f 1371/7353/10 2336/7354/10 636/7355/10
f 2017/7350/10 2337/7352/10 2338/7356/10
f 2337/7352/10 636/7355/10 2338/7356/10
f 636/7355/10 2336/7354/10 2339/7357/10
f 2338/7356/10 636/7355/10 2339/7357/10
f 1378/7358/10 2338/7356/10 250/7359/10
f 2339/7357/10 2340/7360/10 250/7359/10
f 2338/7356/10 2339/7357/10 250/7359/10
f 250/7359/10 2340/7360/10 615/7361/10
f 1378/7358/10 250/7359/10 1060/7362/10
f 1060/7362/10 250/7359/10 2341/7363/10
f 2341/7363/10 250/7359/10 2342/7364/10
f 615/7361/10 2340/7360/10 2343/7365/10
f 2343/7365/10 2340/7360/10 2344/7366/10
f 2344/7366/10 2340/7360/10 393/7367/10
f 1449/7368/10 107/7369/10 2346/7370/10
f 778/7371/10 2345/7372/10 779/7373/10
f 2346/7370/10 1476/7374/10 2347/7375/10
f 1449/7368/10 2346/7370/10 2347/7375/10
f 2347/7375/10 1476/7374/10 2348/7376/10
f 1478/7377/10 779/7373/10 1083/7378/10
f 779/7373/10 2345/7372/10 1084/7379/10
f 1083/7378/10 779/7373/10 1084/7379/10
f 1449/7368/10 2347/7375/10 94/7380/10
f 94/7380/10 2347/7375/10 108/7381/10
f 1084/7379/10 2345/7372/10 780/7382/10
f 780/7382/10 2345/7372/10 1525/7383/10
f 214/7384/10 2349/7385/10 2705/7386/10
f 2705/7386/10 2349/7385/10 2350/7387/10
f 904/7388/10 2705/7389/10 2352/7390/10
f 2352/7390/10 2705/7389/10 215/7391/10
f 2350/7392/10 2351/7393/10 2353/7394/10
f 2353/7394/10 2351/7393/10 703/7395/10
f 904/7388/10 2352/7390/10 162/7396/10
f 162/7396/10 2352/7390/10 175/7397/10
f 703/7395/10 2351/7393/10 956/7398/10
f 956/7398/10 2351/7393/10 2354/7399/10
f 1451/7400/10 510/7401/10 1474/7402/10
f 510/7401/10 1061/7403/10 1474/7402/10
f 1474/7402/10 1061/7403/10 2025/7404/10
f 2025/7404/10 1061/7403/10 2357/7405/10
f 2357/7405/10 1061/7403/10 1477/7406/10
f 2355/7407/10 2356/7408/10 391/7409/10
f 1062/7410/10 2355/7407/10 391/7409/10
f 391/7409/10 2356/7408/10 406/7411/10
f 406/7411/10 2356/7408/10 2358/7412/10
f 2358/7412/10 2356/7408/10 1480/7413/10
f 1098/7414/10 1101/7415/10 2361/7416/10
f 2361/7416/10 1101/7415/10 694/7417/10
f 392/7418/10 2360/7419/10 704/7420/10
f 1110/7421/10 2362/7422/10 354/7423/10
f 354/7423/10 2362/7422/10 358/7424/10
f 704/7420/10 2360/7419/10 2365/7425/10
f 2363/7426/10 650/7427/10 1135/7428/10
f 1135/7428/10 650/7427/10 651/7429/10
f 2364/7430/10 1566/7431/10 1572/7432/10
f 1572/7432/10 1566/7431/10 2366/7433/10
f 2359/7434/10 1082/7435/10 109/7436/10
f 109/7436/10 1082/7435/10 1144/7437/10
f 2365/7425/10 2360/7419/10 2367/7438/10
f 2367/7438/10 2360/7419/10 1148/7439/10
f 1374/7440/10 637/7441/10 2368/7442/10
f 2368/7442/10 637/7441/10 1376/7443/10
f 95/7444/10 511/7445/10 2369/7446/10
f 2369/7446/10 511/7445/10 2370/7447/10
f 1385/7448/10 798/7449/10 2371/7450/10
f 2371/7450/10 798/7449/10 781/7451/10
f 95/7444/10 2369/7446/10 1387/7452/10
f 2370/7447/10 511/7445/10 489/7453/10
f 1385/7448/10 2371/7450/10 410/7454/10
f 781/7451/10 798/7449/10 782/7455/10
f 95/7444/10 1387/7452/10 1009/7456/10
f 1387/7452/10 489/7453/10 1009/7456/10
f 489/7453/10 511/7445/10 2372/7457/10
f 1009/7456/10 489/7453/10 2372/7457/10
f 410/7454/10 782/7455/10 1011/7458/10
f 1385/7448/10 410/7454/10 1011/7458/10
f 782/7455/10 798/7449/10 1012/7459/10
f 1011/7458/10 782/7455/10 1012/7459/10
f 95/7444/10 1009/7456/10 110/7460/10
f 2372/7457/10 511/7445/10 1416/7461/10
f 1385/7448/10 1011/7458/10 411/7462/10
f 1012/7459/11 798/7449/11 2373/7463/11
f 1017/7464/10 617/7465/10 1030/7466/10
f 1030/7466/10 617/7465/10 610/7467/10
f 95/7444/10 110/7460/10 96/7468/10
f 110/7460/10 1416/7461/10 96/7468/10
f 96/7468/10 1416/7461/10 1058/7469/10
f 1416/7461/10 511/7445/10 2374/7470/10
f 1058/7469/10 1416/7461/10 2374/7470/10
f 2374/7470/10 511/7445/10 1457/7471/10
f 1385/7448/10 411/7462/10 2375/7472/10
f 411/7462/10 2373/7463/10 2375/7472/10
f 2375/7472/10 2373/7463/10 2376/7473/10
f 2373/7463/10 798/7449/10 2377/7474/10
f 2376/7473/10 2373/7463/10 2377/7474/10
f 2377/7474/10 798/7449/10 1473/7475/10
f 2031/7476/10 1065/7477/10 1481/7478/10
f 1481/7478/10 1065/7477/10 2379/7479/10
f 1074/7480/10 2378/7481/10 2380/7482/10
f 2380/7482/10 2378/7481/10 758/7483/10
f 1017/7464/10 1030/7466/10 2381/7484/10
f 610/7467/10 617/7465/10 611/7485/10
f 1017/7464/10 2381/7484/10 1509/7486/10
f 2381/7484/10 611/7485/10 1509/7486/10
f 611/7485/10 617/7465/10 2382/7487/10
f 1509/7486/10 611/7485/10 2382/7487/10
f 2383/7488/10 652/7489/10 2384/7490/10
f 2384/7490/10 652/7489/10 2385/7491/10
f 2386/7492/10 2387/7493/10 229/7494/10
f 229/7494/10 2387/7493/10 1372/7495/10
f 229/7494/10 1372/7495/10 2388/7496/10
f 2388/7496/10 1372/7495/10 2389/7497/10
f 1452/7498/10 492/7499/10 2391/7500/10
f 492/7499/10 495/7501/10 2391/7500/10
f 2391/7500/10 495/7501/10 2392/7502/10
f 1064/7503/10 2390/7504/10 1479/7505/10
f 402/7506/10 1064/7503/10 1479/7505/10
f 1479/7505/10 2390/7504/10 785/7507/10
f 1081/7508/10 496/7509/10 1141/7510/10
f 1141/7510/10 496/7509/10 1143/7511/10
f 403/7512/10 2393/7513/10 404/7514/10
f 404/7514/10 2393/7513/10 1149/7515/10
f 547/7516/10 346/7517/10 2394/7518/10
f 2394/7518/10 346/7517/10 1156/7519/10
f 2395/7520/10 2396/7521/10 2397/7522/10
f 2397/7522/10 2396/7521/10 897/7523/10
f 897/7523/10 2396/7521/10 2398/7524/10
f 2398/7524/10 2396/7521/10 900/7525/10
f 900/7525/10 2396/7521/10 2399/7526/10
f 2399/7526/10 2396/7521/10 2400/7527/10
f 2400/7527/10 2396/7521/10 2401/7528/10
f 2401/7528/10 2396/7521/10 2402/7529/10
f 2402/7529/10 2396/7521/10 335/7530/10
f 335/7530/10 2396/7521/10 901/7531/10
f 901/7531/10 2396/7521/10 902/7532/10
f 902/7532/10 2396/7521/10 653/7533/10
f 2395/7520/10 2397/7522/10 226/7534/10
f 897/7523/10 2398/7524/10 553/7535/10
f 553/7535/10 2398/7524/10 2403/7536/10
f 900/7525/10 2399/7526/10 558/7537/10
f 558/7537/10 2399/7526/10 284/7538/10
f 2400/7527/10 2401/7528/10 1343/7539/10
f 1343/7539/10 2401/7528/10 2404/7540/10
f 2402/7529/10 335/7530/10 1346/7541/10
f 1346/7541/10 335/7530/10 336/7542/10
f 901/7531/10 902/7532/10 634/7543/10
f 634/7543/10 902/7532/10 1348/7544/10
f 653/7533/10 2396/7521/10 654/7545/10
f 634/7543/10 1348/7544/10 2406/7546/10
f 1348/7544/10 654/7545/10 2406/7546/10
f 1346/7541/10 336/7542/10 2406/7546/10
f 2395/7520/10 226/7534/10 2406/7546/10
f 336/7542/10 634/7543/10 2406/7546/10
f 1343/7539/10 2404/7540/10 2406/7546/10
f 2404/7540/10 1346/7541/10 2406/7546/10
f 553/7535/10 2403/7536/10 2406/7546/10
f 284/7538/10 1343/7539/10 2406/7546/10
f 558/7537/10 284/7538/10 2406/7546/10
f 2403/7536/10 558/7537/10 2406/7546/10
f 226/7534/10 553/7535/10 2406/7546/10
f 2406/7546/10 654/7545/10 219/7547/10
f 219/7547/10 654/7545/10 914/7548/10
f 654/7545/10 2396/7521/10 661/7549/10
f 914/7548/10 654/7545/10 661/7549/10
f 2405/7550/10 2406/7546/10 922/7551/10
f 2406/7546/10 219/7547/10 922/7551/10
f 922/7551/10 219/7547/10 2407/7552/10
f 2407/7552/10 219/7547/10 2408/7553/10
f 2408/7553/10 219/7547/10 923/7554/10
f 923/7554/10 219/7547/10 2409/7555/10
f 661/7549/10 920/7556/10 550/7557/10
f 914/7548/10 661/7549/10 550/7557/10
f 550/7557/10 920/7556/10 928/7558/10
f 928/7558/10 920/7556/10 2410/7559/10
f 2410/7559/10 920/7556/10 2411/7560/10
f 2411/7560/10 920/7556/10 682/7561/10
f 2405/7550/10 922/7551/10 2412/7562/10
f 2407/7552/10 2408/7553/10 1352/7563/10
f 1352/7563/10 2408/7553/10 204/7564/10
f 923/7554/10 2409/7555/10 2413/7565/10
f 550/7557/10 928/7558/10 2413/7565/10
f 2409/7555/10 550/7557/10 2413/7565/10
f 2413/7565/10 928/7558/10 2414/7566/10
f 2410/7559/10 2411/7560/10 1357/7567/10
f 1357/7567/10 2411/7560/10 2415/7568/10
f 1352/7563/10 204/7564/10 2417/7569/10
f 2415/7568/10 2416/7570/10 2417/7569/10
f 1357/7567/10 2415/7568/10 2417/7569/10
f 2414/7566/10 1357/7567/10 2417/7569/10
f 2413/7565/10 2414/7566/10 2417/7569/10
f 204/7564/10 2413/7565/10 2417/7569/10
f 2412/7562/10 1352/7563/10 2417/7569/10
f 2405/7550/10 2412/7562/10 2417/7569/10
f 2417/7569/10 2416/7570/10 938/7571/10
f 2417/7569/10 938/7571/10 2419/7572/10
f 938/7571/10 2418/7573/10 2419/7572/10
f 176/7574/10 2417/7569/10 2419/7572/10
f 2419/7572/10 2418/7573/10 946/7575/10
f 946/7575/10 2418/7573/10 948/7576/10
f 948/7576/10 2418/7573/10 686/7577/10
f 176/7574/10 2419/7572/10 951/7578/10
f 951/7578/10 2419/7572/10 186/7579/10
f 946/7575/10 948/7576/10 524/7580/10
f 524/7580/10 948/7576/10 383/7581/10
f 686/7577/10 2418/7573/10 1362/7582/10
f 1362/7582/10 2418/7573/10 707/7583/10
f 951/7578/10 186/7579/10 2422/7584/10
f 707/7583/10 2421/7585/10 2422/7584/10
f 1362/7582/10 707/7583/10 2422/7584/10
f 383/7581/10 1362/7582/10 2422/7584/10
f 524/7580/10 383/7581/10 2422/7584/10
f 186/7579/10 524/7580/10 2422/7584/10
f 2420/7586/10 951/7578/10 2422/7584/10
f 2422/7584/10 2421/7585/10 2423/7587/10
f 2423/7587/10 2421/7585/10 959/7588/10
f 959/7588/10 2421/7585/10 961/7589/10
f 2420/7586/10 2422/7584/10 1363/7590/10
f 2423/7587/10 959/7588/10 2424/7591/10
f 2424/7591/10 959/7588/10 1365/7592/10
f 961/7589/10 2421/7585/10 2425/7593/10
f 2424/7591/10 1365/7592/10 2426/7594/10
f 1365/7592/10 2425/7593/10 2426/7594/10
f 1363/7590/10 2424/7591/10 2426/7594/10
f 2426/7594/10 2425/7593/10 1369/7595/10
f 1363/7590/10 2426/7594/10 1370/7596/10
f 1370/7596/10 2426/7594/10 554/7597/10
f 1369/7595/10 2425/7593/10 1373/7598/10
f 1373/7598/10 2425/7593/10 387/7599/10
f 2420/7586/10 1363/7590/10 2427/7600/10
f 1363/7590/10 1370/7596/10 2427/7600/10
f 2427/7600/10 1370/7596/10 971/7601/10
f 387/7599/10 2425/7593/10 397/7602/10
f 2425/7593/10 2421/7585/10 731/7603/10
f 397/7602/10 2425/7593/10 731/7603/10
f 2420/7586/12 2427/7600/12 1375/7604/12
f 971/7601/10 1370/7596/10 2428/7605/10
f 387/7599/10 397/7602/10 398/7606/10
f 731/7603/13 2421/7585/13 2429/7607/13
f 1375/7604/10 2428/7605/10 2430/7608/10
f 2420/7586/10 1375/7604/10 2430/7608/10
f 2428/7605/10 1370/7596/10 1379/7609/10
f 2430/7608/10 2428/7605/10 1379/7609/10
f 1379/7609/10 1370/7596/10 2431/7610/10
f 398/7606/10 2429/7607/10 388/7611/10
f 387/7599/10 398/7606/10 388/7611/10
f 388/7611/10 2429/7607/10 1380/7612/10
f 2429/7607/10 2421/7585/10 976/7613/10
f 1380/7612/10 2429/7607/10 976/7613/10
f 2430/7608/10 1379/7609/10 2432/7614/10
f 972/7615/10 2430/7608/10 2432/7614/10
f 2432/7614/10 1379/7609/10 512/7616/10
f 976/7613/10 979/7617/10 394/7618/10
f 1380/7612/10 976/7613/10 394/7618/10
f 394/7618/10 979/7617/10 408/7619/10
f 972/7615/10 2432/7614/10 1450/7620/10
f 1450/7620/10 2432/7614/10 2433/7621/10
f 408/7619/10 979/7617/10 409/7622/10
f 409/7622/10 979/7617/10 2434/7623/10
f 1099/7624/10 698/7625/10 1103/7626/10
f 1103/7626/10 698/7625/10 1104/7627/10
f 1111/7628/10 2435/7629/10 1557/7630/10
f 1557/7630/10 2435/7629/10 360/7631/10
f 1113/7632/10 1114/7633/10 2436/7634/10
f 2436/7634/10 1114/7633/10 2437/7635/10
f 367/7636/10 2438/7637/10 1573/7638/10
f 1573/7638/10 2438/7637/10 699/7639/10
f 34/7640/10 2439/7641/10 2440/7642/10
f 1150/7643/10 1152/7644/10 1767/7645/10
f 34/7640/10 2440/7642/10 2441/7646/10
f 2440/7642/10 1767/7645/10 2441/7646/10
f 1767/7645/10 1152/7644/10 851/7647/10
f 2441/7646/10 1767/7645/10 851/7647/10
f 2442/7648/10 389/7649/10 1119/7650/10
f 1119/7650/10 389/7649/10 2443/7651/10
f 2442/7648/10 1119/7650/10 380/7652/10
f 2443/7651/10 389/7649/10 2444/7653/10
f 2444/7653/10 389/7649/10 385/7654/10
f 385/7654/10 389/7649/10 2445/7655/10
f 2442/7648/10 380/7652/10 373/7656/10
f 380/7652/10 2444/7653/10 373/7656/10
f 2444/7653/10 385/7654/10 373/7656/10
f 373/7656/10 385/7654/10 678/7657/10
f 678/7657/10 385/7654/10 2446/7658/10
f 2445/7655/10 389/7649/10 689/7659/10
f 2442/7648/10 373/7656/10 374/7660/10
f 678/7657/10 2446/7658/10 2447/7661/10
f 2446/7658/10 689/7659/10 2447/7661/10
f 2442/7648/10 374/7660/10 1133/7662/10
f 374/7660/10 2447/7661/10 1133/7662/10
f 2447/7661/10 689/7659/10 390/7663/10
f 1133/7662/10 2447/7661/10 390/7663/10
f 689/7659/10 389/7649/10 390/7663/10
f 2449/7664/10 1157/7665/10 469/7666/10
f 1157/7665/10 418/7667/10 469/7666/10
f 2448/7668/10 2449/7664/10 469/7666/10
f 469/7666/10 418/7667/10 1158/7669/10
f 1158/7669/10 418/7667/10 535/7670/10
f 535/7670/10 418/7667/10 2450/7671/10
f 63/7672/10 469/7666/10 1161/7673/10
f 469/7666/10 1158/7669/10 1161/7673/10
f 1161/7673/10 1158/7669/10 470/7674/10
f 2450/7671/10 2451/7675/10 2452/7676/10
f 535/7670/10 2450/7671/10 2452/7676/10
f 2452/7676/10 2451/7675/10 2453/7677/10
f 470/7674/10 1158/7669/10 471/7678/10
f 535/7670/10 2452/7676/10 419/7679/10
f 1601/7680/10 471/7678/10 64/7681/10
f 471/7678/10 1158/7669/10 1178/7682/10
f 64/7681/10 471/7678/10 1178/7682/10
f 419/7679/10 1604/7683/10 1179/7684/10
f 535/7670/10 419/7679/10 1179/7684/10
f 1179/7684/10 1604/7683/10 2454/7685/10
f 2454/7685/10 1604/7683/10 2455/7686/10
f 2455/7686/10 1604/7683/10 823/7687/10
f 1178/7682/10 1158/7669/10 472/7688/10
f 2454/7685/10 2455/7686/10 1619/7689/10
f 65/7690/10 472/7688/10 1187/7691/10
f 472/7688/10 1158/7669/10 473/7692/10
f 1187/7691/10 472/7688/10 473/7692/10
f 1619/7689/10 1622/7693/10 1189/7694/10
f 2454/7685/10 1619/7689/10 1189/7694/10
f 1189/7694/10 1622/7693/10 1192/7695/10
f 473/7692/10 1158/7669/10 1634/7696/10
f 535/7670/10 1179/7684/10 1203/7697/10
f 1203/7697/10 1179/7684/10 2456/7698/10
f 2454/7685/10 1189/7694/10 2457/7699/10
f 2457/7699/10 1189/7694/10 638/7700/10
f 638/7700/10 1189/7694/10 1640/7701/10
f 66/7702/10 1634/7696/10 2458/7703/10
f 1634/7696/10 1158/7669/10 2458/7703/10
f 535/7670/10 1203/7697/10 536/7704/10
f 66/7702/10 2458/7703/10 67/7705/10
f 2458/7703/10 536/7704/10 67/7705/10
f 67/7705/10 536/7704/10 2459/7706/10
f 2459/7706/10 536/7704/10 113/7707/10
f 113/7707/10 536/7704/10 1237/7708/10
f 1237/7708/10 536/7704/10 1238/7709/10
f 536/7704/10 1203/7697/10 2460/7710/10
f 1238/7709/10 536/7704/10 2460/7710/10
f 1640/7701/10 1642/7711/10 1240/7712/10
f 638/7700/10 1640/7701/10 1240/7712/10
f 1240/7712/10 1642/7711/10 2461/7713/10
f 2459/7706/10 113/7707/10 1668/7714/10
f 638/7700/10 1240/7712/10 420/7715/10
f 2462/7716/10 1668/7714/10 1245/7717/10
f 1668/7714/10 113/7707/10 2463/7718/10
f 1245/7717/10 1668/7714/10 2463/7718/10
f 420/7715/10 1673/7719/10 421/7720/10
f 638/7700/10 420/7715/10 421/7720/10
f 421/7720/10 1673/7719/10 2464/7721/10
f 2463/7718/10 113/7707/10 2466/7722/10
f 2460/7710/10 1203/7697/10 230/7723/10
f 638/7700/10 421/7720/10 2467/7724/10
f 2467/7724/10 421/7720/10 422/7725/10
f 2465/7726/10 2466/7722/10 2468/7727/10
f 2466/7722/10 113/7707/10 1268/7728/10
f 2468/7727/10 2466/7722/10 1268/7728/10
f 422/7725/10 1683/7729/10 2469/7730/10
f 230/7723/10 2467/7724/10 2469/7730/10
f 2467/7724/10 422/7725/10 2469/7730/10
f 2469/7730/10 1683/7729/10 2470/7731/10
f 1268/7728/11 113/7707/11 474/7732/11
f 230/7723/10 2469/7730/10 2471/7733/10
f 1691/7734/10 474/7732/10 1273/7735/10
f 474/7732/12 113/7707/12 2472/7736/12
f 1273/7735/10 474/7732/10 2472/7736/10
f 2472/7736/10 113/7707/10 114/7737/10
f 1237/7708/10 1238/7709/10 1707/7738/10
f 1707/7738/10 1238/7709/10 2473/7739/10
f 2471/7733/10 1697/7740/10 2474/7741/10
f 2460/7710/10 230/7723/10 2474/7741/10
f 230/7723/10 2471/7733/10 2474/7741/10
f 2474/7741/10 1697/7740/10 1275/7742/10
f 1275/7742/10 1697/7740/10 2475/7743/10
f 1707/7738/10 2473/7739/10 2476/7744/10
f 2474/7741/10 1275/7742/10 2476/7744/10
f 2473/7739/10 2474/7741/10 2476/7744/10
f 2472/7736/10 114/7737/10 2476/7744/10
f 114/7737/10 1707/7738/10 2476/7744/10
f 2476/7744/10 1275/7742/10 423/7745/10
f 68/7746/10 2476/7744/10 69/7747/10
f 423/7745/10 2477/7748/10 69/7747/10
f 2476/7744/10 423/7745/10 69/7747/10
f 69/7747/10 2477/7748/10 1316/7749/10
f 2478/7750/10 2479/7751/10 371/7752/10
f 371/7752/10 2479/7751/10 2481/7753/10
f 2480/7754/10 371/7752/10 2482/7755/10
f 2481/7753/10 708/7756/10 2482/7755/10
f 371/7752/10 2481/7753/10 2482/7755/10
f 2482/7755/10 708/7756/10 1526/7757/10
f 1526/7757/10 708/7756/10 2483/7758/10
f 2483/7758/10 708/7756/10 2484/7759/10
f 1112/7760/10 2482/7755/10 1559/7761/10
f 2482/7755/10 1526/7757/10 1559/7761/10
f 1559/7761/10 1526/7757/10 362/7762/10
f 362/7762/10 1526/7757/10 668/7763/10
f 2484/7759/10 2485/7764/10 1134/7765/10
f 2483/7758/10 2484/7759/10 1134/7765/10
f 1134/7765/10 2485/7764/10 1562/7766/10
f 1562/7766/10 2485/7764/10 1563/7767/10
f 362/7762/10 668/7763/10 1564/7768/10
f 1134/7765/10 1562/7766/10 1564/7768/10
f 668/7763/10 1134/7765/10 1564/7768/10
f 1564/7768/10 1562/7766/10 2486/7769/10
f 2486/7769/10 1562/7766/10 1569/7770/10
f 1569/7770/10 1562/7766/10 2487/7771/10
f 2486/7769/10 1569/7770/10 1574/7772/10
f 1574/7772/10 1569/7770/10 2488/7773/10
f 1120/7774/10 2489/7775/10 1535/7776/10
f 1535/7776/10 2489/7775/10 679/7777/10
f 892/7778/10 894/7779/10 552/7780/10
f 552/7780/10 894/7779/10 2490/7781/10
f 892/7778/10 552/7780/10 913/7782/10
f 2490/7781/10 894/7779/10 664/7783/10
f 190/7784/10 913/7782/10 533/7785/10
f 913/7782/10 552/7780/10 1355/7786/10
f 533/7785/10 913/7782/10 1355/7786/10
f 664/7783/10 691/7787/10 345/7788/10
f 2490/7781/10 664/7783/10 345/7788/10
f 345/7788/10 691/7787/10 1360/7789/10
f 190/7784/10 533/7785/10 2491/7790/10
f 2491/7790/10 533/7785/10 530/7791/10
f 530/7791/10 533/7785/10 1361/7792/10
f 1360/7789/10 691/7787/10 2492/7793/10
f 932/7794/10 2491/7790/10 2493/7795/10
f 2491/7790/10 530/7791/10 2493/7795/10
f 2492/7793/10 940/7796/10 955/7797/10
f 950/7798/10 2493/7795/10 500/7799/10
f 2493/7795/10 530/7791/10 2494/7800/10
f 500/7799/10 2493/7795/10 2494/7800/10
f 955/7797/10 736/7801/10 1368/7802/10
f 1360/7789/10 2492/7793/10 1368/7802/10
f 2492/7793/10 955/7797/10 1368/7802/10
f 1368/7802/10 736/7801/10 2495/7803/10
f 950/7798/10 500/7799/10 144/7804/10
f 144/7804/10 500/7799/10 501/7805/10
f 2495/7803/10 736/7801/10 396/7806/10
f 396/7806/10 736/7801/10 2730/7807/10
f 2496/7808/10 144/7809/10 2498/7810/10
f 2498/7810/10 144/7809/10 1384/7811/10
f 2730/7812/10 2497/7813/10 2499/7814/10
f 2499/7814/10 2497/7813/10 2500/7815/10
f 386/7816/10 1128/7817/10 1542/7818/10
f 1542/7818/10 1128/7817/10 692/7819/10
f 375/7820/10 1131/7821/10 2501/7822/10
f 2501/7822/10 1131/7821/10 675/7823/10
f 375/7820/10 2501/7822/10 377/7824/10
f 675/7823/10 1131/7821/10 2502/7825/10
f 375/7820/10 377/7824/10 376/7826/10
f 377/7824/10 2502/7825/10 376/7826/10
f 2502/7825/10 1131/7821/10 1556/7827/10
f 376/7826/10 2502/7825/10 1556/7827/10
f 2503/7828/10 269/7829/10 231/7830/10
f 604/7831/10 2504/7832/10 231/7830/10
f 269/7829/10 604/7831/10 231/7830/10
f 231/7830/10 2504/7832/10 1682/7833/10
f 2505/7834/10 1760/7835/10 526/7836/10
f 526/7836/10 1760/7835/10 2506/7837/10
f 378/7838/10 676/7839/10 379/7840/10
f 379/7840/10 676/7839/10 2507/7841/10
f 459/7842/10 475/7843/10 2131/7844/10
f 2131/7844/10 475/7843/10 476/7845/10
f 1588/7846/10 2508/7847/10 2509/7848/10
f 2509/7848/10 2508/7847/10 2132/7849/10
f 2510/7850/10 477/7851/10 2133/7852/10
f 2133/7852/10 477/7851/10 2512/7853/10
f 2511/7854/10 1162/7855/10 2513/7856/10
f 2513/7856/10 1162/7855/10 1603/7857/10
f 2514/7858/10 478/7859/10 2135/7860/10
f 2135/7860/10 478/7859/10 479/7861/10
f 1184/7862/10 2515/7863/10 1620/7864/10
f 1620/7864/10 2515/7863/10 2516/7865/10
f 460/7866/10 480/7867/10 461/7868/10
f 461/7868/10 480/7867/10 481/7869/10
f 1190/7870/10 1191/7871/10 424/7872/10
f 424/7872/10 1191/7871/10 1641/7873/10
f 2517/7874/10 1236/7875/10 462/7876/10
f 462/7876/10 1236/7875/10 482/7877/10
f 2518/7878/10 2137/7879/10 425/7880/10
f 425/7880/10 2137/7879/10 2138/7881/10
f 463/7882/10 2519/7883/10 464/7884/10
f 464/7884/10 2519/7883/10 483/7885/10
f 426/7886/10 2520/7887/10 2521/7888/10
f 2521/7888/10 2520/7887/10 2140/7889/10
f 465/7890/10 484/7891/10 2522/7892/10
f 2522/7892/10 484/7891/10 485/7893/10
f 427/7894/10 430/7895/10 2523/7896/10
f 2523/7896/10 430/7895/10 2524/7897/10
f 2142/7898/10 486/7899/10 2525/7900/10
f 2525/7900/10 486/7899/10 1713/7901/10
f 428/7902/10 1276/7903/10 2526/7904/10
f 2526/7904/10 1276/7903/10 2144/7905/10
f 2527/7906/10 548/7907/10 466/7908/10
f 466/7908/10 548/7907/10 549/7909/10
f 1146/7910/10 2528/7911/10 347/7912/10
f 347/7912/10 2528/7911/10 1589/7913/10
f 2527/7906/10 466/7908/10 467/7914/10
f 1589/7913/10 2528/7911/10 2530/7915/10
f 467/7914/10 1301/7916/10 2531/7917/10
f 2531/7917/10 1301/7916/10 2532/7918/10
f 2529/7919/10 2530/7915/10 714/7920/10
f 714/7920/10 2530/7915/10 2533/7921/10
f 467/7914/10 2531/7917/10 139/7922/10
f 2533/7921/10 2530/7915/10 759/7923/10
f 139/7922/10 1720/7924/10 2534/7925/10
f 2527/7906/10 467/7914/10 2534/7925/10
f 467/7914/10 139/7922/10 2534/7925/10
f 2534/7925/10 1720/7924/10 171/7926/10
f 715/7927/10 759/7923/10 1797/7928/10
f 759/7923/10 2530/7915/10 1804/7929/10
f 1797/7928/10 759/7923/10 1804/7929/10
f 2530/7915/10 2528/7911/10 1804/7929/10
f 2535/7930/10 2536/7931/10 2538/7932/10
f 2538/7932/10 2536/7931/10 1243/7933/10
f 1239/7934/10 2537/7935/10 192/7936/10
f 192/7936/10 2537/7935/10 2539/7937/10
f 1239/7934/10 192/7936/10 2540/7938/10
f 2539/7937/10 2537/7935/10 2541/7939/10
f 2540/7938/10 2541/7939/10 1270/7940/10
f 2541/7939/10 2537/7935/10 2542/7941/10
f 1270/7940/10 2541/7939/10 2542/7941/10
f 2535/7930/10 2538/7932/10 140/7942/10
f 1243/7933/10 2536/7931/10 522/7943/10
f 2535/7930/10 140/7942/10 2543/7944/10
f 140/7942/10 522/7943/10 2543/7944/10
f 522/7943/10 2536/7931/10 1708/7945/10
f 2543/7944/10 522/7943/10 1708/7945/10
f 1239/7934/10 2540/7938/10 2544/7946/10
f 2540/7938/10 1270/7940/10 2544/7946/10
f 2544/7946/10 1270/7940/10 2545/7947/10
f 2542/7941/10 2537/7935/10 1710/7948/10
f 1710/7948/10 2537/7935/10 1712/7949/10
f 539/7950/10 1284/7951/10 1302/7952/10
f 1302/7952/10 1284/7951/10 221/7953/10
f 1285/7954/10 2546/7955/10 2549/7956/10
f 2549/7956/10 2546/7955/10 1303/7957/10
f 1288/7958/10 300/7959/10 559/7960/10
f 559/7960/10 300/7959/10 1305/7961/10
f 1289/7962/10 324/7963/10 1307/7964/10
f 1307/7964/10 324/7963/10 1310/7965/10
f 1291/7966/10 1293/7967/10 2550/7968/10
f 2550/7968/10 1293/7967/10 1312/7969/10
f 2547/7970/10 2548/7971/10 1313/7972/10
f 1313/7972/10 2548/7971/10 2551/7973/10
f 1180/7974/10 2552/7975/10 1185/7976/10
f 1185/7976/10 2552/7975/10 590/7977/10
f 1180/7974/10 1185/7976/10 2553/7978/10
f 590/7977/10 2552/7975/10 591/7979/10
f 1180/7974/10 2553/7978/10 2554/7980/10
f 2553/7978/10 591/7979/10 2554/7980/10
f 2554/7980/10 591/7979/10 1638/7981/10
f 1638/7981/10 591/7979/10 2555/7982/10
f 591/7979/10 2552/7975/10 2556/7983/10
f 2555/7982/10 591/7979/10 2556/7983/10
f 2557/7984/10 2558/7985/10 1715/7986/10
f 1715/7986/10 2558/7985/10 1716/7987/10
f 733/7988/10 2559/7989/10 2560/7990/10
f 2560/7990/10 2559/7989/10 760/7991/10
f 141/7992/10 1159/7993/10 1164/7994/10
f 1164/7994/10 1159/7993/10 1165/7995/10
f 141/7992/10 1164/7994/10 159/7996/10
f 1165/7995/10 1159/7993/10 2561/7997/10
f 159/7996/10 2561/7997/10 2562/7998/10
f 2561/7997/10 1159/7993/10 2563/7999/10
f 2562/7998/10 2561/7997/10 2563/7999/10
f 159/7996/10 2562/7998/10 2564/8000/10
f 2563/7999/10 1159/7993/10 527/8001/10
f 141/7992/10 159/7996/10 1645/8002/10
f 2564/8000/10 527/8001/10 1645/8002/10
f 159/7996/10 2564/8000/10 1645/8002/10
f 527/8001/10 1159/7993/10 2565/8003/10
f 1645/8002/10 527/8001/10 2565/8003/10
f 2566/8004/10 2567/8005/10 149/8006/10
f 149/8006/10 2567/8005/10 172/8007/10
f 1337/8008/10 1338/8009/10 2568/8010/10
f 2568/8010/10 1338/8009/10 2569/8011/10
f 198/8012/10 2570/8013/10 2571/8014/10
f 2571/8014/10 2570/8013/10 540/8015/10
f 198/8012/10 2571/8014/10 1703/8016/10
f 540/8015/10 2570/8013/10 1704/8017/10
f 198/8012/10 1703/8016/10 1709/8018/10
f 1703/8016/10 1704/8017/10 1709/8018/10
f 1704/8017/10 2570/8013/10 1711/8019/10
f 1709/8018/10 1704/8017/10 1711/8019/10
f 2572/8020/10 2573/8021/10 2574/8022/10
f 2574/8022/10 2573/8021/10 180/8023/10
f 1296/8024/10 716/8025/10 701/8026/10
f 701/8026/10 716/8025/10 1336/8027/10
f 2572/8020/10 2574/8022/10 1721/8028/10
f 1336/8027/10 716/8025/10 1763/8029/10
f 1721/8028/10 181/8030/10 173/8031/10
f 2572/8020/10 1721/8028/10 173/8031/10
f 173/8031/10 181/8030/10 182/8032/10
f 1762/8033/10 1763/8029/10 1812/8034/10
f 1763/8029/10 716/8025/10 717/8035/10
f 1812/8034/10 1763/8029/10 717/8035/10
f 177/8036/10 1319/8037/10 178/8038/10
f 178/8038/10 1319/8037/10 1722/8039/10
f 1335/8040/10 2575/8041/10 702/8042/10
f 702/8042/10 2575/8041/10 709/8043/10
f 2576/8044/10 2577/8045/10 1043/8046/10
f 1043/8046/10 2577/8045/10 592/8047/10
f 2576/8044/10 1043/8046/10 285/8048/10
f 592/8047/10 2577/8045/10 593/8049/10
f 2576/8044/10 285/8048/10 1507/8050/10
f 285/8048/10 593/8049/10 1507/8050/10
f 593/8049/10 2577/8045/10 2578/8051/10
f 1507/8050/10 593/8049/10 2578/8051/10
f 179/8052/10 2579/8053/10 2580/8054/10
f 2580/8054/10 2579/8053/10 2581/8055/10
f 179/8052/10 2580/8054/10 2582/8056/10
f 2581/8055/10 2579/8053/10 2583/8057/10
f 179/8052/10 2582/8056/10 1627/8058/10
f 2582/8056/10 2583/8057/10 1627/8058/10
f 2583/8057/10 2579/8053/10 1628/8059/10
f 1627/8058/10 2583/8057/10 1628/8059/10
f 286/8060/10 2584/8061/10 1209/8062/10
f 2584/8061/10 2585/8063/10 1209/8062/10
f 2155/8064/10 286/8060/10 1209/8062/10
f 1209/8062/10 2585/8063/10 1214/8065/10
f 2155/8064/10 1209/8062/10 1648/8066/10
f 1648/8066/10 1209/8062/10 301/8067/10
f 1214/8065/10 2585/8063/10 2586/8068/10
f 2586/8068/10 2585/8063/10 2587/8069/10
f 2588/8070/10 537/8071/10 196/8072/10
f 196/8072/10 537/8071/10 1251/8073/10
f 2588/8070/10 196/8072/10 1687/8074/10
f 1251/8073/10 537/8071/10 2589/8075/10
f 2588/8070/10 1687/8074/10 1688/8076/10
f 1687/8074/10 2589/8075/10 1688/8076/10
f 2589/8075/10 537/8071/10 538/8077/10
f 1688/8076/10 2589/8075/10 538/8077/10
f 205/8078/10 1271/8079/10 206/8080/10
f 206/8080/10 1271/8079/10 1705/8081/10
f 2590/8082/10 2591/8083/10 1635/8084/10
f 1635/8084/10 2591/8083/10 237/8085/10
f 1220/8086/10 1223/8087/10 626/8088/10
f 626/8088/10 1223/8087/10 1662/8089/10
f 1282/8090/10 2592/8091/10 1320/8092/10
f 1320/8092/10 2592/8091/10 2594/8093/10
f 2593/8094/10 1297/8095/10 2595/8096/10
f 2595/8096/10 1297/8095/10 1334/8097/10
f 1282/8090/10 1320/8092/10 2596/8098/10
f 2594/8093/10 2592/8091/10 1727/8099/10
f 2593/8094/10 2595/8096/10 2597/8100/10
f 1334/8097/10 1297/8095/10 1758/8101/10
f 1282/8090/10 2596/8098/10 183/8102/10
f 2596/8098/10 1727/8099/10 183/8102/10
f 1727/8099/10 2592/8091/10 2598/8103/10
f 183/8102/10 1727/8099/10 2598/8103/10
f 2597/8100/10 1758/8101/10 673/8104/10
f 2593/8094/10 2597/8100/10 673/8104/10
f 1758/8101/10 1297/8095/10 2599/8105/10
f 673/8104/10 1758/8101/10 2599/8105/10
f 2600/8106/10 2601/8107/10 1170/8108/10
f 1170/8108/10 2601/8107/10 519/8109/10
f 2600/8106/10 1170/8108/10 163/8110/10
f 519/8109/10 2601/8107/10 2602/8111/10
f 2600/8106/10 163/8110/10 160/8112/10
f 163/8110/10 2602/8111/10 160/8112/10
f 2602/8111/10 2601/8107/10 2603/8113/10
f 160/8112/10 2602/8111/10 2603/8113/10
f 184/8114/10 2604/8115/10 1626/8116/10
f 1626/8116/10 2604/8115/10 2605/8117/10
f 1242/8118/10 523/8119/10 2606/8120/10
f 2606/8120/10 523/8119/10 513/8121/10
f 1242/8118/10 2606/8120/10 150/8122/10
f 513/8121/10 523/8119/10 514/8123/10
f 1242/8118/10 150/8122/10 1693/8124/10
f 150/8122/10 514/8123/10 1693/8124/10
f 514/8123/10 523/8119/10 1694/8125/10
f 1693/8124/10 514/8123/10 1694/8125/10
f 2607/8126/10 534/8127/10 193/8128/10
f 193/8128/10 534/8127/10 2609/8129/10
f 1333/8130/10 2608/8131/10 1756/8132/10
f 1756/8132/10 2608/8131/10 680/8133/10
f 1250/8134/10 2610/8135/10 2611/8136/10
f 2611/8136/10 2610/8135/10 2612/8137/10
f 199/8138/10 223/8139/10 1321/8140/10
f 1321/8140/10 223/8139/10 2613/8141/10
f 657/8142/10 1295/8143/10 2614/8144/10
f 2614/8144/10 1295/8143/10 2615/8145/10
f 199/8138/10 1321/8140/10 209/8146/10
f 2613/8141/10 223/8139/10 542/8147/10
f 657/8142/10 2614/8144/10 1753/8148/10
f 2615/8145/10 1295/8143/10 665/8149/10
f 199/8138/10 209/8146/10 1808/8150/10
f 209/8146/10 542/8147/10 1808/8150/10
f 542/8147/10 223/8139/10 2616/8151/10
f 1808/8150/10 542/8147/10 2616/8151/10
f 1753/8148/10 665/8149/10 1811/8152/10
f 657/8142/10 1753/8148/10 1811/8152/10
f 665/8149/10 1295/8143/10 2617/8153/10
f 1811/8152/10 665/8149/10 2617/8153/10
f 2618/8154/10 164/8155/10 502/8156/10
f 502/8156/10 164/8155/10 2619/8157/10
f 2620/8158/10 238/8159/10 233/8160/10
f 233/8160/10 238/8159/10 2623/8161/10
f 2621/8162/10 1294/8163/10 340/8164/10
f 340/8164/10 1294/8163/10 1330/8165/10
f 210/8166/10 2622/8167/10 2625/8168/10
f 2625/8168/10 2622/8167/10 1730/8169/10
f 2620/8158/10 233/8160/10 2626/8170/10
f 2623/8161/10 238/8159/10 556/8171/10
f 2621/8162/10 340/8164/10 2627/8172/10
f 1330/8165/10 1294/8163/10 2628/8173/10
f 2624/8174/10 1332/8175/10 2629/8176/10
f 2629/8176/10 1332/8175/10 666/8177/10
f 2620/8158/10 2626/8170/10 224/8178/10
f 2626/8170/10 556/8171/10 224/8178/10
f 556/8171/10 238/8159/10 1809/8179/10
f 224/8178/10 556/8171/10 1809/8179/10
f 2627/8172/10 2628/8173/10 1810/8180/10
f 2621/8162/10 2627/8172/10 1810/8180/10
f 2628/8173/10 1294/8163/10 658/8181/10
f 1810/8180/10 2628/8173/10 658/8181/10
f 1171/8182/10 520/8183/10 2630/8184/10
f 2630/8184/10 520/8183/10 521/8185/10
f 151/8186/10 515/8187/10 503/8188/10
f 503/8188/10 515/8187/10 504/8189/10
f 151/8186/10 503/8188/10 1266/8190/10
f 504/8189/10 515/8187/10 165/8191/10
f 151/8186/10 1266/8190/10 2631/8192/10
f 1266/8190/10 165/8191/10 2631/8192/10
f 165/8191/10 515/8187/10 516/8193/10
f 2631/8192/10 165/8191/10 516/8193/10
f 1287/8194/10 1292/8195/10 270/8196/10
f 270/8196/10 1292/8195/10 1308/8197/10
f 1287/8194/10 270/8196/10 1323/8198/10
f 1323/8198/10 270/8196/10 2632/8199/10
f 1308/8197/10 1292/8195/10 605/8200/10
f 605/8200/10 1292/8195/10 612/8201/10
f 1322/8202/10 557/8203/10 1731/8204/10
f 1731/8204/10 557/8203/10 1736/8205/10
f 1287/8194/10 1323/8198/10 1739/8206/10
f 612/8201/10 1292/8195/10 2633/8207/10
f 1329/8208/10 1331/8209/10 1750/8210/10
f 1750/8210/10 1331/8209/10 641/8211/10
f 1739/8206/10 271/8212/10 1780/8213/10
f 1746/8214/10 2633/8207/10 2634/8215/10
f 1739/8206/10 1780/8213/10 240/8216/10
f 1780/8213/10 2634/8215/10 240/8216/10
f 1287/8194/10 1739/8206/10 240/8216/10
f 2634/8215/10 2633/8207/10 628/8217/10
f 240/8216/10 2634/8215/10 628/8217/10
f 2633/8207/10 1292/8195/10 628/8217/10
f 302/8218/10 1183/8219/10 2635/8220/10
f 2635/8220/10 1183/8219/10 2636/8221/10
f 1193/8222/10 1195/8223/10 1636/8224/10
f 1636/8224/10 1195/8223/10 241/8225/10
f 1629/8226/10 1631/8227/10 2707/8228/10
f 2707/8228/10 1631/8227/10 582/8229/10
f 1206/8230/10 2707/8231/10 2637/8232/10
f 2637/8232/10 2707/8231/10 2638/8233/10
f 582/8234/10 326/8235/10 1657/8236/10
f 1657/8236/10 326/8235/10 1660/8237/10
f 629/8238/10 642/8239/10 1661/8240/10
f 1661/8240/10 642/8239/10 1663/8241/10
f 2638/8242/10 1657/8243/10 2639/8244/10
f 2639/8244/10 1657/8243/10 583/8245/10
f 272/8246/10 1309/8247/10 2706/8248/10
f 2706/8248/10 1309/8247/10 2710/8249/10
f 1324/8250/10 2706/8251/10 268/8252/10
f 268/8252/10 2706/8251/10 2640/8253/10
f 2710/8254/10 1328/8255/10 2731/8256/10
f 2731/8256/10 1328/8255/10 1748/8257/10
f 2640/8258/10 2731/8259/10 273/8260/10
f 273/8260/10 2731/8259/10 606/8261/10
f 2641/8262/10 2642/8263/10 287/8264/10
f 287/8264/10 2642/8263/10 2643/8265/10
f 1259/8266/10 506/8267/10 1686/8268/10
f 1686/8268/10 506/8267/10 507/8269/10
f 2644/8270/10 303/8271/10 274/8272/10
f 274/8272/10 303/8271/10 2645/8273/10
f 1326/8274/10 1327/8275/10 2646/8276/10
f 2646/8276/10 1327/8275/10 1747/8277/10
f 1325/8278/10 2647/8279/10 1742/8280/10
f 1742/8280/10 2647/8279/10 584/8281/10
f 236/8282/10 262/8283/10 2648/8284/10
f 2648/8284/10 262/8283/10 2649/8285/10
f 2712/8286/10 1201/8287/10 1219/8288/10
f 2649/8285/10 262/8283/10 1646/8289/10
f 1646/8289/10 262/8283/10 561/8290/10
f 1219/8288/10 2650/8291/10 2651/8292/10
f 2712/8286/10 1219/8288/10 2651/8292/10
f 2651/8292/10 2650/8291/10 1664/8293/10
f 1196/8294/10 613/8295/10 264/8296/10
f 264/8296/10 613/8295/10 1218/8297/10
f 2652/8298/10 313/8299/10 2732/8300/10
f 2732/8300/10 313/8299/10 2654/8301/10
f 2653/8302/10 2732/8303/10 2656/8304/10
f 2656/8304/10 2732/8303/10 289/8305/10
f 2654/8306/10 2655/8307/10 2733/8308/10
f 2733/8308/10 2655/8307/10 1035/8309/10
f 289/8310/10 2733/8311/10 2657/8312/10
f 2657/8312/10 2733/8311/10 1049/8313/10
f 1207/8314/10 305/8315/10 571/8316/10
f 571/8316/10 305/8315/10 2658/8317/10
f 1211/8318/10 1217/8319/10 2659/8320/10
f 2659/8320/10 1217/8319/10 2660/8321/10
f 1431/8322/10 2661/8323/10 2664/8324/10
f 2664/8324/10 2661/8323/10 1050/8325/10
f 1435/8326/10 2664/8327/10 290/8328/10
f 2662/8329/10 2663/8330/10 1487/8331/10
f 1435/8326/10 290/8328/10 1494/8332/10
f 290/8328/10 1487/8331/10 1494/8332/10
f 1487/8331/10 2663/8330/10 1505/8333/10
f 1494/8332/10 1487/8331/10 1505/8333/10
f 265/8334/10 1208/8335/10 1650/8336/10
f 1650/8336/10 1208/8335/10 2667/8337/10
f 2665/8338/10 1212/8339/10 306/8340/10
f 306/8340/10 1212/8339/10 1654/8341/10
f 322/8342/10 2666/8343/10 323/8344/10
f 323/8344/10 2666/8343/10 2668/8345/10
f 1013/8346/10 2669/8347/10 1422/8348/10
f 1422/8348/10 2669/8347/10 2670/8349/10
f 1013/8346/10 1422/8348/10 2671/8350/10
f 2670/8349/10 2669/8347/10 1031/8351/10
f 1013/8346/10 2671/8350/10 2672/8352/10
f 2671/8350/10 1031/8351/10 2672/8352/10
f 2672/8352/10 1031/8351/10 2673/8353/10
f 1031/8351/10 2669/8347/10 598/8354/10
f 2673/8353/10 1031/8351/10 598/8354/10
f 2674/8355/10 578/8356/10 1027/8357/10
f 1027/8357/10 578/8356/10 2676/8358/10
f 2675/8359/10 1027/8357/10 293/8360/10
f 2676/8358/10 587/8361/10 293/8360/10
f 1027/8357/10 2676/8358/10 293/8360/10
f 293/8360/10 587/8361/10 1429/8362/10
f 1429/8362/10 587/8361/10 579/8363/10
f 579/8363/10 587/8361/10 1430/8364/10
f 1429/8362/10 579/8363/10 1047/8365/10
f 1047/8365/10 579/8363/10 2677/8366/10
f 2678/8367/10 2679/8368/10 2680/8369/10
f 2680/8369/10 2679/8368/10 2681/8370/10
f 1438/8371/10 295/8372/10 296/8373/10
f 599/8374/10 608/8375/10 1488/8376/10
f 1438/8371/10 296/8373/10 1495/8377/10
f 296/8373/10 1488/8376/10 1495/8377/10
f 1488/8376/10 608/8375/10 2682/8378/10
f 1495/8377/10 1488/8376/10 2682/8378/10
f 194/8379/10 1040/8380/10 1045/8381/10
f 1045/8381/10 1040/8380/10 600/8382/10
f 194/8379/10 1045/8381/10 195/8383/10
f 195/8383/10 1045/8381/10 297/8384/10
f 600/8382/10 1040/8380/10 1440/8385/10
f 1440/8385/10 1040/8380/10 681/8386/10
f 243/8387/10 631/8388/10 2683/8389/10
f 2683/8389/10 631/8388/10 1018/8390/10
f 1018/8390/10 631/8388/10 298/8391/10
f 298/8391/10 631/8388/10 2684/8392/10
f 2684/8392/10 631/8388/10 2685/8393/10
f 2685/8393/10 631/8388/10 1022/8394/10
f 1022/8394/10 631/8388/10 1023/8395/10
f 1023/8395/10 631/8388/10 1024/8396/10
f 243/8387/10 2683/8389/10 2686/8397/10
f 1018/8390/10 298/8391/10 562/8398/10
f 562/8398/10 298/8391/10 2687/8399/10
f 2684/8392/10 2685/8393/10 1423/8400/10
f 1423/8400/10 2685/8393/10 317/8401/10
f 1022/8394/10 1023/8395/10 2688/8402/10
f 2688/8402/10 1023/8395/10 327/8403/10
f 1024/8396/10 631/8388/10 1426/8404/10
f 2688/8402/10 327/8403/10 2689/8405/10
f 327/8403/10 1426/8404/10 2689/8405/10
f 1423/8400/10 317/8401/10 2689/8405/10
f 243/8387/10 2686/8397/10 2689/8405/10
f 317/8401/10 2688/8402/10 2689/8405/10
f 562/8398/10 2687/8399/10 2689/8405/10
f 2687/8399/10 1423/8400/10 2689/8405/10
f 2686/8397/10 562/8398/10 2689/8405/10
f 2689/8405/10 1426/8404/10 563/8406/10
f 563/8406/10 1426/8404/10 2690/8407/10
f 1426/8404/10 631/8388/10 2691/8408/10
f 2690/8407/10 1426/8404/10 2691/8408/10
f 243/8387/10 2689/8405/10 1433/8409/10
f 563/8406/10 2690/8407/10 2692/8410/10
f 2692/8410/10 2690/8407/10 328/8411/10
f 2691/8408/11 631/8388/11 618/8412/11
f 2692/8410/10 328/8411/10 1056/8413/10
f 328/8411/10 618/8412/10 1056/8413/10
f 1433/8409/10 2692/8410/10 1056/8413/10
f 1056/8413/10 618/8412/10 2693/8414/10
f 1433/8409/10 1056/8413/10 1458/8415/10
f 2693/8414/10 618/8412/10 2694/8416/10
f 243/8387/10 1433/8409/10 1066/8417/10
f 1458/8415/10 2694/8416/10 1066/8417/10
f 1433/8409/10 1458/8415/10 1066/8417/10
f 1066/8417/10 2694/8416/10 564/8418/10
f 564/8418/10 2694/8416/10 1067/8419/10
f 2694/8416/10 618/8412/10 2695/8420/10
f 1067/8419/10 2694/8416/10 2695/8420/10
f 2695/8420/10 618/8412/10 329/8421/10
f 618/8412/10 631/8388/10 619/8422/10
f 329/8421/10 618/8412/10 619/8422/10
f 243/8387/12 1066/8417/12 1483/8423/12
f 564/8418/10 1067/8419/10 2696/8424/10
f 2695/8420/10 329/8421/10 330/8425/10
f 619/8422/13 631/8388/13 1489/8426/13
f 1483/8423/10 2696/8424/10 1497/8427/10
f 2696/8424/10 1067/8419/10 1497/8427/10
f 330/8425/10 1489/8426/10 1500/8428/10
f 2695/8420/10 330/8425/10 1500/8428/10
f 243/8387/10 1483/8423/10 2697/8429/10
f 1497/8427/10 1500/8428/10 2697/8429/10
f 1483/8423/10 1497/8427/10 2697/8429/10
f 1500/8428/10 1489/8426/10 1510/8430/10
f 2697/8429/10 1500/8428/10 1510/8430/10
f 1489/8426/10 631/8388/10 1510/8430/10
f 1057/8431/10 588/8432/10 307/8433/10
f 307/8433/10 588/8432/10 2698/8434/10
f 1016/8435/10 632/8436/10 1420/8437/10
f 1420/8437/10 632/8436/10 1421/8438/10
f 1421/8438/10 632/8436/10 2699/8439/10
f 2699/8439/10 632/8436/10 1425/8440/10
f 1425/8440/10 632/8436/10 1427/8441/10
f 1427/8441/10 632/8436/10 633/8442/10
f 1421/8438/10 2699/8439/10 257/8443/10
f 257/8443/10 2699/8439/10 568/8444/10
f 1425/8440/10 1427/8441/10 1508/8445/10
f 1508/8445/10 1427/8441/10 2700/8446/10
f 308/8447/10 1068/8448/10 2701/8449/10
f 2701/8449/10 1068/8448/10 1076/8450/10
f 1076/8450/10 1068/8448/10 1498/8451/10
f 1498/8451/10 1068/8448/10 1501/8452/10
f 320/8453/10 1071/8454/10 2702/8455/10
f 2702/8455/10 1071/8454/10 1491/8456/10
f 1072/8457/10 1073/8458/10 1078/8459/10
f 1078/8459/10 1073/8458/10 2734/8460/10
f 309/8461/10 2702/8462/10 2703/8463/10
f 2703/8463/10 2702/8462/10 1503/8464/10
f 1491/8465/10 1078/8466/10 339/8467/10
f 339/8467/10 1078/8466/10 646/8468/10
f 2734/8469/10 1079/8470/10 352/8471/10
f 352/8471/10 1079/8470/10 670/8472/10
